dataset_number,physics_short,e-tag,crossSection_pb,genFiltEff,kFactor,nEvents,sumOfWeights,sumOfWeightsSquared,process,generator,keywords,description,job_path
301204,Pythia8EvtGen_A14MSTW2008LO_Zprime_NoInt_ee_SSM3000,e3723,0.001762,1.0,1.0,20000.0,20000.0,20000.0,pp>Zprime>ee,Pythia8(v8.186)+EvtGen(v1.2.0),"['2electron', 'BSM', 'SSM', 'Zprime', 'electroweak', 'heavyBoson', 'resonance']",Pythia 8 Zprime decaying to two electrons',https://gitlab.cern.ch/atlas-physics/pmg/infrastructure/mc15joboptions/-/tree/master/share/DSID301xxx/MC15.301204.Pythia8EvtGen_A14MSTW2008LO_Zprime_NoInt_ee_SSM3000.py
301209,Pythia8EvtGen_A14MSTW2008LO_Zprime_NoInt_mumu_SSM3000,e3723,0.0017718,1.0,1.0,20000.0,20000.0,20000.0,pp>Zprime>mm,Pythia8(v8.186)+EvtGen(v1.2.0),"['2muon', 'BSM', 'SSM', 'Zprime', 'electroweak', 'heavyBoson', 'resonance']",Pythia 8 Zprime decaying to two muons',https://gitlab.cern.ch/atlas-physics/pmg/infrastructure/mc15joboptions/-/tree/master/share/DSID301xxx/MC15.301209.Pythia8EvtGen_A14MSTW2008LO_Zprime_NoInt_mumu_SSM3000.py
301243,Pythia8EvtGen_A14NNPDF23LO_Wprime_enu_SSM3000,e3886,0.011414,1.0,1.0,8000.0,8000.0,8000.0,pp>Wprime>enu,Pythia8(v8.186)+EvtGen(v1.2.0),"['BSM', 'SSM', 'Wprime', 'electroweak', 'heavyBoson', 'lepton', 'neutrino', 'resonance']",Pythia 8 Wprime decaying to enu',https://gitlab.cern.ch/atlas-physics/pmg/infrastructure/mc15joboptions/-/tree/master/share/DSID301xxx/MC15.301243.Pythia8EvtGen_A14NNPDF23LO_Wprime_enu_SSM3000.py
301247,Pythia8EvtGen_A14NNPDF23LO_Wprime_munu_SSM3000,e3886,0.011432,1.0,1.0,20000.0,20000.0,20000.0,pp>Wprime>munu,Pythia8(v8.186)+EvtGen(v1.2.0),"['BSM', 'SSM', 'Wprime', 'electroweak', 'heavyBoson', 'lepton', 'neutrino', 'resonance']",Pythia 8 Wprime decaying to munu',https://gitlab.cern.ch/atlas-physics/pmg/infrastructure/mc15joboptions/-/tree/master/share/DSID301xxx/MC15.301247.Pythia8EvtGen_A14NNPDF23LO_Wprime_munu_SSM3000.py
301333,Pythia8EvtGen_A14NNPDF23LO_zprime3000_tt,e3723,0.0050843,1.0,1.0,30000.0,30000.0,30000.0,pp>Zprime>ttbar,Pythia8(v8.186)+EvtGen(v1.2.0),"['BSM', 'Zprime', 'resonance', 'ttbar']","SSM Z prime (+str(m_zprime)+"") to ttbar""",https://gitlab.cern.ch/atlas-physics/pmg/infrastructure/mc15joboptions/-/tree/master/share/DSID301xxx/MC15.301333.Pythia8EvtGen_A14NNPDF23LO_zprime3000_tt.py
301826,Pythia8EvtGen_A14NNPDF23LO_Wprime_qq_3000,e4446,0.10318,1.0,1.0,10000.0,10000.0,10000.0,pp>Wprime>qq,Pythia8(v8.205)+EvtGen(v1.2.0),"['BSM', 'Wprime', 'exotic', 'jets']","Wprime->qq +str(M_Wprime)+"" GeV with NNPDF23LO PDF and A14 tune""",https://gitlab.cern.ch/atlas-physics/pmg/infrastructure/mc15joboptions/-/tree/master/share/DSID301xxx/MC15.301826.Pythia8EvtGen_A14NNPDF23LO_Wprime_qq_3000.py
301928,Pythia8EvtGen_A14NNPDF23LO_Zprimebb3000,e3889,0.007024,1.0,1.0,10000.0,10000.0,10000.0,Zprime->bb,Pythia8(v8.186)+EvtGen(v1.2.0),"['Zprime', 'exotic']",3000 GeV,https://gitlab.cern.ch/atlas-physics/pmg/infrastructure/mc15joboptions/-/tree/master/share/DSID301xxx/MC15.301928.Pythia8EvtGen_A14NNPDF23LO_Zprimebb3000.py
302520,Pythia8EvtGen_A14NNPDF23LO_2DP20_Mass_55_100,e4045,85.503,0.42178,1.0,2642000.0,2642000.0,2642000.0,QCD direct diphoton production,Pythia8(v8.186)+EvtGen(v1.2.0),"['SM', 'diphoton', 'egamma']","Pythia8 diphoton sample. gammagamma events with at least two photons with pT > 20 GeV, with mass cut 55<Mgg<100 GeV",https://gitlab.cern.ch/atlas-physics/pmg/infrastructure/mc15joboptions/-/tree/master/share/DSID302xxx/MC15.302520.Pythia8EvtGen_A14NNPDF23LO_2DP20_Mass_55_100.py
302521,Pythia8EvtGen_A14NNPDF23LO_2DP20_Mass_100_160,e4045,18.282,0.44191,1.0,642000.0,642000.0,642000.0,QCD direct diphoton production,Pythia8(v8.186)+EvtGen(v1.2.0),"['SM', 'diphoton', 'egamma']","Pythia8 diphoton sample. gammagamma events with at least two photons with pT > 20 GeV, with mass cut 100<Mgg<160 GeV",https://gitlab.cern.ch/atlas-physics/pmg/infrastructure/mc15joboptions/-/tree/master/share/DSID302xxx/MC15.302521.Pythia8EvtGen_A14NNPDF23LO_2DP20_Mass_100_160.py
302522,Pythia8EvtGen_A14NNPDF23LO_2DP20_Mass_160_250,e4045,5.028,0.42736,1.0,200000.0,200000.0,200000.0,QCD direct diphoton production,Pythia8(v8.186)+EvtGen(v1.2.0),"['SM', 'diphoton', 'egamma']","Pythia8 diphoton sample. gammagamma events with at least two photons with pT > 20 GeV, with mass cut 160<Mgg<250 GeV",https://gitlab.cern.ch/atlas-physics/pmg/infrastructure/mc15joboptions/-/tree/master/share/DSID302xxx/MC15.302522.Pythia8EvtGen_A14NNPDF23LO_2DP20_Mass_160_250.py
302523,Pythia8EvtGen_A14NNPDF23LO_2DP20_Mass_250_400,e4045,1.4436,0.4076254,1.0,100000.0,100000.0,100000.0,QCD direct diphoton production,Pythia8(v8.186)+EvtGen(v1.2.0),"['SM', 'diphoton', 'egamma']","Pythia8 diphoton sample. gammagamma events with at least two photons with pT > 20 GeV, with mass cut 250<Mgg<400 GeV",https://gitlab.cern.ch/atlas-physics/pmg/infrastructure/mc15joboptions/-/tree/master/share/DSID302xxx/MC15.302523.Pythia8EvtGen_A14NNPDF23LO_2DP20_Mass_250_400.py
302524,Pythia8EvtGen_A14NNPDF23LO_2DP20_Mass_400_650,e4045,0.3543,0.38689,1.0,220000.0,220000.0,220000.0,QCD direct diphoton production,Pythia8(v8.186)+EvtGen(v1.2.0),"['SM', 'diphoton', 'egamma']","Pythia8 diphoton sample. gammagamma events with at least two photons with pT > 20 GeV, with mass cut 400<Mgg<650 GeV",https://gitlab.cern.ch/atlas-physics/pmg/infrastructure/mc15joboptions/-/tree/master/share/DSID302xxx/MC15.302524.Pythia8EvtGen_A14NNPDF23LO_2DP20_Mass_400_650.py
302525,Pythia8EvtGen_A14NNPDF23LO_2DP20_Mass_650_1000,e4045,0.069134,0.36991,1.0,84000.0,84000.0,84000.0,QCD direct diphoton production,Pythia8(v8.186)+EvtGen(v1.2.0),"['SM', 'diphoton', 'egamma']","Pythia8 diphoton sample. gammagamma events with at least two photons with pT > 20 GeV, with mass cut 650<Mgg<1000 GeV",https://gitlab.cern.ch/atlas-physics/pmg/infrastructure/mc15joboptions/-/tree/master/share/DSID302xxx/MC15.302525.Pythia8EvtGen_A14NNPDF23LO_2DP20_Mass_650_1000.py
302526,Pythia8EvtGen_A14NNPDF23LO_2DP20_Mass_1000_1500,e4045,0.014192,0.35436,1.0,166000.0,166000.0,166000.0,QCD direct diphoton production,Pythia8(v8.186)+EvtGen(v1.2.0),"['SM', 'diphoton', 'egamma']","Pythia8 diphoton sample. gammagamma events with at least two photons with pT > 20 GeV, with mass cut 1000<Mgg<1500 GeV",https://gitlab.cern.ch/atlas-physics/pmg/infrastructure/mc15joboptions/-/tree/master/share/DSID302xxx/MC15.302526.Pythia8EvtGen_A14NNPDF23LO_2DP20_Mass_1000_1500.py
302527,Pythia8EvtGen_A14NNPDF23LO_2DP20_Mass_1500_2000,e4045,0.0023204,0.33749,1.0,160000.0,160000.0,160000.0,QCD direct diphoton production,Pythia8(v8.186)+EvtGen(v1.2.0),"['SM', 'diphoton', 'egamma']","Pythia8 diphoton sample. gammagamma events with at least two photons with pT > 20 GeV, with mass cut 1500<Mgg<2000 GeV",https://gitlab.cern.ch/atlas-physics/pmg/infrastructure/mc15joboptions/-/tree/master/share/DSID302xxx/MC15.302527.Pythia8EvtGen_A14NNPDF23LO_2DP20_Mass_1500_2000.py
302528,Pythia8EvtGen_A14NNPDF23LO_2DP20_Mass_2000_2500,e4045,0.000538,0.3221617,1.0,217000.0,217000.0,217000.0,QCD direct diphoton production,Pythia8(v8.186)+EvtGen(v1.2.0),"['SM', 'diphoton', 'egamma']","Pythia8 diphoton sample. gammagamma events with at least two photons with pT > 20 GeV, with mass cut 2000<Mgg<2500 GeV",https://gitlab.cern.ch/atlas-physics/pmg/infrastructure/mc15joboptions/-/tree/master/share/DSID302xxx/MC15.302528.Pythia8EvtGen_A14NNPDF23LO_2DP20_Mass_2000_2500.py
302529,Pythia8EvtGen_A14NNPDF23LO_2DP20_Mass_2500_3000,e4045,0.00015155,0.3062057,1.0,140000.0,140000.0,140000.0,QCD direct diphoton production,Pythia8(v8.186)+EvtGen(v1.2.0),"['SM', 'diphoton', 'egamma']","Pythia8 diphoton sample. gammagamma events with at least two photons with pT > 20 GeV, with mass cut 2500<Mgg<3000 GeV",https://gitlab.cern.ch/atlas-physics/pmg/infrastructure/mc15joboptions/-/tree/master/share/DSID302xxx/MC15.302529.Pythia8EvtGen_A14NNPDF23LO_2DP20_Mass_2500_3000.py
302530,Pythia8EvtGen_A14NNPDF23LO_2DP20_Mass_3000_3500,e4045,4.8e-05,0.29052,1.0,222000.0,222000.0,222000.0,QCD direct diphoton production,Pythia8(v8.186)+EvtGen(v1.2.0),"['SM', 'diphoton', 'egamma']","Pythia8 diphoton sample. gammagamma events with at least two photons with pT > 20 GeV, with mass cut 3000<Mgg<3500 GeV",https://gitlab.cern.ch/atlas-physics/pmg/infrastructure/mc15joboptions/-/tree/master/share/DSID302xxx/MC15.302530.Pythia8EvtGen_A14NNPDF23LO_2DP20_Mass_3000_3500.py
302531,Pythia8EvtGen_A14NNPDF23LO_2DP20_Mass_3500_4000,e4045,1.63e-05,0.27399,1.0,100000.0,100000.0,100000.0,QCD direct diphoton production,Pythia8(v8.186)+EvtGen(v1.2.0),"['SM', 'diphoton', 'egamma']","Pythia8 diphoton sample. gammagamma events with at least two photons with pT > 20 GeV, with mass cut 3500<Mgg<4000 GeV",https://gitlab.cern.ch/atlas-physics/pmg/infrastructure/mc15joboptions/-/tree/master/share/DSID302xxx/MC15.302531.Pythia8EvtGen_A14NNPDF23LO_2DP20_Mass_3500_4000.py
302532,Pythia8EvtGen_A14NNPDF23LO_2DP20_Mass_4000_4500,e4045,5.78e-06,0.2575575,1.0,170000.0,170000.0,170000.0,QCD direct diphoton production,Pythia8(v8.186)+EvtGen(v1.2.0),"['SM', 'diphoton', 'egamma']","Pythia8 diphoton sample. gammagamma events with at least two photons with pT > 20 GeV, with mass cut 4000<Mgg<4500 GeV",https://gitlab.cern.ch/atlas-physics/pmg/infrastructure/mc15joboptions/-/tree/master/share/DSID302xxx/MC15.302532.Pythia8EvtGen_A14NNPDF23LO_2DP20_Mass_4000_4500.py
302533,Pythia8EvtGen_A14NNPDF23LO_2DP20_Mass_4500_5000,e4045,2.08e-06,0.2410599,1.0,67000.0,67000.0,67000.0,QCD direct diphoton production,Pythia8(v8.186)+EvtGen(v1.2.0),"['SM', 'diphoton', 'egamma']","Pythia8 diphoton sample. gammagamma events with at least two photons with pT > 20 GeV, with mass cut 4500<Mgg<5000 GeV",https://gitlab.cern.ch/atlas-physics/pmg/infrastructure/mc15joboptions/-/tree/master/share/DSID302xxx/MC15.302533.Pythia8EvtGen_A14NNPDF23LO_2DP20_Mass_4500_5000.py
302534,Pythia8EvtGen_A14NNPDF23LO_2DP20_Mass_5000_inf,e4045,1.18e-06,0.21883,1.0,161000.0,161000.0,161000.0,QCD direct diphoton production,Pythia8(v8.186)+EvtGen(v1.2.0),"['SM', 'diphoton', 'egamma']","Pythia8 diphoton sample. gammagamma events with at least two photons with pT > 20 GeV, with mass cut Mgg>5000 GeV",https://gitlab.cern.ch/atlas-physics/pmg/infrastructure/mc15joboptions/-/tree/master/share/DSID302xxx/MC15.302534.Pythia8EvtGen_A14NNPDF23LO_2DP20_Mass_5000_inf.py
302733,MadGraphPythia8EvtGen_A14NNPDF23LO_WpL_tblep_M3000,e7895,0.010682,1.0,1.0,30000.0,30000.0,30000.0,Wprime->tb,MadGraph+Pythia8+EvtGen,"['bsm', 'bsmtop', 'exotic', 'schannel', 'singletop', 'top', 'wprime']",MadGraph5+Pythia8+EvtGen for Wprime->tb,https://gitlab.cern.ch/atlas-physics/pmg/infrastructure/mc15joboptions/-/tree/master/share/DSID302xxx/MC15.302733.MadGraphPythia8EvtGen_A14NNPDF23LO_WpL_tblep_M3000.py
304014,MadGraphPythia8EvtGen_A14NNPDF23_3top_SM,e4324,0.0016396,1.0,1.0,30000.0,30000.0,30000.0,ttt,MadGraph5_aMC@NLO(v2.2.2.p6)+Pythia8(v8.186)+EvtGen(v1.2.0),"['sm', 'top']",MadGraph_3topSM,https://gitlab.cern.ch/atlas-physics/pmg/infrastructure/mc15joboptions/-/tree/master/share/DSID304xxx/MC15.304014.MadGraphPythia8EvtGen_A14NNPDF23_3top_SM.py
306149,MadGraphPythia8EvtGen_A14NNPDF23LO_WpL_tbhad_M3000,e7895,0.021374,1.0,1.0,30000.0,30000.0,30000.0,Wprime->tb,MadGraph+Pythia8+EvtGen,"['BSM', 'BSMtop', 'Wprime', 'exotic', 'sChannel', 'singleTop', 'top']",MadGraph5+Pythia8+EvtGen for Wprime->tb,https://gitlab.cern.ch/atlas-physics/pmg/infrastructure/mc15joboptions/-/tree/master/share/DSID306xxx/MC15.306149.MadGraphPythia8EvtGen_A14NNPDF23LO_WpL_tbhad_M3000.py
311490,PowhegPy8EG_A14N23LO_DMA_500_700_gq0p25,e7368,0.0072802,1.0,1.0,30000.0,218.59927853598492,3.8458134683460465,pp->A(XXbar)j',Powheg+Pythia8+EvtGen,"['BSM', 'WIMP', 'exotic', 'invisible']",1.00) for mono-jet analysis (suitable for MET > 200 GeV)',https://gitlab.cern.ch/atlas-physics/pmg/infrastructure/mc15joboptions/-/tree/master/share/DSID311xxx/MC15.311490.PowhegPy8EG_A14N23LO_DMA_500_700_gq0p25.py
312613,aMcAtNloPy8EG_A14N30NLO_LQd_gstML_0p3_nonallhad_M1000,e7821,0.005473,0.55376,1.0,29000.0,160.839124456048,2.217868333703887,pp -> LQ LQ,aMcAtNlo+Pythia8.230+EvtGen,"['bsm', 'exotic', 'leptoquark', 'scalar']","Pair production of scalar leptoquarks, {0}, mLQ=1000",https://gitlab.cern.ch/atlas-physics/pmg/infrastructure/mc15joboptions/-/tree/master/share/DSID312xxx/MC15.312613.aMcAtNloPy8EG_A14N30NLO_LQd_gstML_0p3_nonallhad_M1000.py
341456,PowhegPythia8EvtGen_CT10_AZNLO_ZH125J_MINLO_veveWWlvqq_VpT,e4212,0.7612,0.0020881043999999996,1.0,20000.0,1031.3355653407052,94.97296745817906,"qq->ZH, H->WW, Z->veve",Powheg(v2_r3033)+Pythia8(v8.186)+EvtGen(v1.2.0),"['Higgs', 'SM', 'SMHiggs', 'ZHiggs', 'mH125']",POWHEG+MiNLO+Pythia8 H+Z+jet->veveWW->vevelvqq production,https://gitlab.cern.ch/atlas-physics/pmg/infrastructure/mc15joboptions/-/tree/master/share/DSID341xxx/MC15.341456.PowhegPythia8EvtGen_CT10_AZNLO_ZH125J_MINLO_veveWWlvqq_VpT.py
341458,PowhegPythia8EvtGen_CT10_AZNLO_ZH125J_MINLO_vmuvmuWWlvqq_VpT,e4212,0.7612,0.0020881043999999996,1.0,40000.0,1916.3677886980586,172.91620674663616,"qq->ZH, H->WW, Z->vmuvmu",Powheg(v2_r3033)+Pythia8(v8.186)+EvtGen(v1.2.0),"['Higgs', 'SM', 'SMHiggs', 'ZHiggs', 'mH125']",POWHEG+MiNLO+Pythia8 H+Z+jet->vmuvmuWW->vmuvmulvqq production,https://gitlab.cern.ch/atlas-physics/pmg/infrastructure/mc15joboptions/-/tree/master/share/DSID341xxx/MC15.341458.PowhegPythia8EvtGen_CT10_AZNLO_ZH125J_MINLO_vmuvmuWWlvqq_VpT.py
341460,PowhegPy8EG_CT10_AZNLO_ZH125J_MINLO_vtauvtauWWlvqq_VpT,e4377,0.7612,0.0020881043999999996,1.0,40000.0,2053.286085075699,197.11538422076683,"qq->ZH, H->WW, Z->vtauvtau",Powheg(v2_r3033)+Pythia8(v8.186)+EvtGen(v1.2.0),"['Higgs', 'SM', 'SMHiggs', 'ZHiggs', 'mH125']",POWHEG+MiNLO+Pythia8 H+Z+jet->vtauvtauWW->vtauvtaulvqq production,https://gitlab.cern.ch/atlas-physics/pmg/infrastructure/mc15joboptions/-/tree/master/share/DSID341xxx/MC15.341460.PowhegPy8EG_CT10_AZNLO_ZH125J_MINLO_vtauvtauWWlvqq_VpT.py
343981,PowhegPythia8EvtGen_NNLOPS_nnlo_30_ggH125_gamgam,e5607,28.3,0.00227,1.717,200000.0,5660114.774513245,162287375.54376578,H->gamma gamma GGF production,Powheg(v2_r3133)+Pythia8(v8.212)+EvtGen(v1.2.0),"['1jet', 'Higgs']",POWHEG+Pythia8 H+jet production with NNLOPS and the A14 tune',https://gitlab.cern.ch/atlas-physics/pmg/infrastructure/mc15joboptions/-/tree/master/share/DSID343xxx/MC15.343981.PowhegPythia8EvtGen_NNLOPS_nnlo_30_ggH125_gamgam.py
344158,aMcAtNloPythia8EvtGen_A14NNPDF23LO_ppx0_FxFx_Np012_SM,e5403,0.0041214,1.0,1.0,100000.0,1560.2469569034874,58.39150914848344,GGF H,MadGraph5_aMC@NLO(v2.3.3.p1)+Pythia8(v8.212)+EvtGen(v1.2.0),"['BSM', 'Higgs', 'ZZ', 'gluonFusionHiggs', 'jets', 'mH125', 'resonance']",ggF 125 GeV Higgs FxFx merged production in the Higgs Characterization model decaying to zz4l.,https://gitlab.cern.ch/atlas-physics/pmg/infrastructure/mc15joboptions/-/tree/master/share/DSID344xxx/MC15.344158.aMcAtNloPythia8EvtGen_A14NNPDF23LO_ppx0_FxFx_Np012_SM.py
345056,PowhegPythia8EvtGen_NNPDF3_AZNLO_ZH125J_MINLO_vvbb_VpT,e5706,0.7612,0.11648000000000001,1.0,120000.0,18045.216277569532,4966.780179609021,"qq->ZH, H->bb, Z->vv",Powheg(v2_r3133)+Pythia8(v8.212)+EvtGen(v1.2.0),"['Higgs', 'SM', 'SMHiggs', 'ZHiggs', 'mH125']",POWHEG+MiNLO+Pythia8 H+Z+jet->vvbbar production,https://gitlab.cern.ch/atlas-physics/pmg/infrastructure/mc15joboptions/-/tree/master/share/DSID345xxx/MC15.345056.PowhegPythia8EvtGen_NNPDF3_AZNLO_ZH125J_MINLO_vvbb_VpT.py
345058,PowhegPythia8EvtGen_NNPDF3_AZNLO_ggZH125_vvbb,e6004,0.1227,0.11648000000000001,1.0,105000.0,1200.2067230641842,13.728168955906433,"gg->ZH, H->bb, Z->vv",Powheg+Pythia8(v8.212)+EvtGen(v1.6.0),"['Higgs', 'SM', 'SMHiggs', 'ZHiggs', 'mH125']",POWHEG+Pythia8 gg->H+Z->vvbbar production,https://gitlab.cern.ch/atlas-physics/pmg/infrastructure/mc15joboptions/-/tree/master/share/DSID345xxx/MC15.345058.PowhegPythia8EvtGen_NNPDF3_AZNLO_ggZH125_vvbb.py
345060,PowhegPythia8EvtGen_NNLOPS_nnlo_30_ggH125_ZZ4l,e7735,28.3,0.000124,1.717,1598000.0,45231011.19517517,1296676130.5944173,ggH H->ZZ->llll,Powheg+Pythia8(v.230)+EvtGen(v.1.6.0),"['Higgs', 'SM', 'SMHiggs', 'ZZ', 'mH125']",125 GeV,https://gitlab.cern.ch/atlas-physics/pmg/infrastructure/mc15joboptions/-/tree/master/share/DSID345xxx/MC15.345060.PowhegPythia8EvtGen_NNLOPS_nnlo_30_ggH125_ZZ4l.py
345061,PowhegPythia8EvtGen_NNPDF3_AZNLO_ggZH125_HgamgamZinc,e5762,0.1227,0.00227,1.0,40000.0,2297.4008321762085,131.9512645920906,"gg->ZH, H->gamgam, Z->inc",Powheg(v2_r3133)+Pythia8(v8.212)+EvtGen(v1.2.0),"['Higgs', 'SM', 'SMHiggs', 'ZHiggs', 'mH125']",POWHEG+Pythia8 gg->H+Z->gamgamqqbar production,https://gitlab.cern.ch/atlas-physics/pmg/infrastructure/mc15joboptions/-/tree/master/share/DSID345xxx/MC15.345061.PowhegPythia8EvtGen_NNPDF3_AZNLO_ggZH125_HgamgamZinc.py
345066,PowhegPythia8EvtGen_NNPDF3_AZNLO_ggZH125_ZZ4lepZinc,e7735,0.1227,0.0002745,1.0,40000.0,2297.4008321762085,131.9512645920906,"gg->ZH, H->ZZ4lep, Z->inc",Powheg+Pythia8(v.230)+EvtGen(v.1.6.0),"['Higgs', 'SMHiggs', 'ZHiggs', 'ZZ', 'mH125']",125 GeV CPS,https://gitlab.cern.ch/atlas-physics/pmg/infrastructure/mc15joboptions/-/tree/master/share/DSID345xxx/MC15.345066.PowhegPythia8EvtGen_NNPDF3_AZNLO_ggZH125_ZZ4lepZinc.py
345097,PowhegPythia8EvtGen_NNLOPS_nnlo_30_ggH125_mumu,e5732,28.3,0.0002176,1.717,150000.0,4247621.310955048,121715531.65779158,ggH H->mumu,Powheg+Pythia8(v8.212)+EvtGen(v1.2.0),"['2muon', 'Higgs', 'SM', 'SMHiggs', 'mH125']",125 GeV,https://gitlab.cern.ch/atlas-physics/pmg/infrastructure/mc15joboptions/-/tree/master/share/DSID345xxx/MC15.345097.PowhegPythia8EvtGen_NNLOPS_nnlo_30_ggH125_mumu.py
345098,PowhegPythia8EvtGen_NNPDF3_AZNLO_ggZH125_Hmumu_Zinc,e5966,0.1227,0.0002745,1.0,39000.0,2239.9658113718033,128.65248297728837,"gg->ZH, H->mumu, Z->all",Powheg+Pythia8(v8.212)+EvtGen(v1.2.0),"['2muon', 'Higgs', 'SM', 'SMHiggs', 'ZHiggs', 'mH125']","POWHEG+Pythia8 gg->H+Z production: Z->all, H->mumu",https://gitlab.cern.ch/atlas-physics/pmg/infrastructure/mc15joboptions/-/tree/master/share/DSID345xxx/MC15.345098.PowhegPythia8EvtGen_NNPDF3_AZNLO_ggZH125_Hmumu_Zinc.py
345103,PowhegPythia8EvtGen_NNPDF30_AZNLO_ZH125J_Hmumu_Zincl_MINLO,e5834,0.7612,0.0002745,1.0,50000.0,38059.94853234291,30109.199555007897,"qq->ZH, H->mumu, Z->all",Powheg+Pythia8(v8.212)+EvtGen(v1.2.0),"['2muon', 'Higgs', 'SM', 'SMHiggs', 'ZHiggs', 'mH125']","POWHEG+MiNLO+Pythia8 H+Z+jet production: Z->all, H->mumu",https://gitlab.cern.ch/atlas-physics/pmg/infrastructure/mc15joboptions/-/tree/master/share/DSID345xxx/MC15.345103.PowhegPythia8EvtGen_NNPDF30_AZNLO_ZH125J_Hmumu_Zincl_MINLO.py
345104,PowhegPythia8EvtGen_NNPDF30_AZNLO_WpH125J_Hmumu_Wincl_MINLO,e5834,0.84,0.0002745,1.0,50000.0,43127.23347580433,38446.8561945332,"qq->WpH, H->mumu, W->all",Powheg+Pythia8(v8.212)+EvtGen(v1.2.0),"['2muon', 'Higgs', 'SM', 'SMHiggs', 'WHiggs', 'mH125']","POWHEG+MiNLO+Pythia8 H+Wp+jet production: W->all, H->mumu",https://gitlab.cern.ch/atlas-physics/pmg/infrastructure/mc15joboptions/-/tree/master/share/DSID345xxx/MC15.345104.PowhegPythia8EvtGen_NNPDF30_AZNLO_WpH125J_Hmumu_Wincl_MINLO.py
345105,PowhegPythia8EvtGen_NNPDF30_AZNLO_WmH125J_Hmumu_Wincl_MINLO,e5834,0.5328,0.0002745,1.0,30000.0,16222.101777791977,9041.08449376968,"qq->WmH, H->mumu, W->all",Powheg+Pythia8(v8.212)+EvtGen(v1.2.0),"['2muon', 'Higgs', 'SM', 'SMHiggs', 'WHiggs', 'mH125']","POWHEG+MiNLO+Pythia8 H+Wm+jet production: W->all, H->mumu",https://gitlab.cern.ch/atlas-physics/pmg/infrastructure/mc15joboptions/-/tree/master/share/DSID345xxx/MC15.345105.PowhegPythia8EvtGen_NNPDF30_AZNLO_WmH125J_Hmumu_Wincl_MINLO.py
345106,PowhegPythia8EvtGen_NNPDF30_AZNLOCTEQ6L1_VBFH125_mumu,e5733,3.782,0.0002745,1.0,120000.0,448400.0503101349,1687425.1135554446,"VBF H, H->mumu",Powheg(v2_r3052)+Pythia8(v8.212)+EvtGen(v1.2.0),"['Higgs', 'SM', 'SMHiggs', 'VBF', 'diphoton', 'mH125']","POWHEG+PYTHIA8+EVTGEN, VBF H->mumu",https://gitlab.cern.ch/atlas-physics/pmg/infrastructure/mc15joboptions/-/tree/master/share/DSID345xxx/MC15.345106.PowhegPythia8EvtGen_NNPDF30_AZNLOCTEQ6L1_VBFH125_mumu.py
345112,PowhegPythia8EvtGen_NNPDF3_AZNLO_ZH125J_MINLO_vvcc_VpT,e5765,0.7612,0.005782000000000001,1.0,120000.0,18041.147427741438,4946.190225455457,"qq->ZH, H->cc, Z->vv",Powheg+Pythia8(v8.212)+EvtGen(v1.2.0),"['Higgs', 'SM', 'SMHiggs', 'ZHiggs', 'mH125']",POWHEG+MiNLO+Pythia8 H+Z+jet->vvccbar production,https://gitlab.cern.ch/atlas-physics/pmg/infrastructure/mc15joboptions/-/tree/master/share/DSID345xxx/MC15.345112.PowhegPythia8EvtGen_NNPDF3_AZNLO_ZH125J_MINLO_vvcc_VpT.py
345114,PowhegPythia8EvtGen_NNPDF3_AZNLO_ggZH125_vvcc,e6042,0.1227,0.005782000000000001,1.0,100000.0,1138.7565052136779,12.968290752002979,"gg->ZH, H->cc, Z->vv",Powheg+Pythia8(v8.212)+EvtGen(v1.6.0),"['Higgs', 'SM', 'SMHiggs', 'ZHiggs', 'mH125']",POWHEG+Pythia8 gg->H+Z->vvccbar production,https://gitlab.cern.ch/atlas-physics/pmg/infrastructure/mc15joboptions/-/tree/master/share/DSID345xxx/MC15.345114.PowhegPythia8EvtGen_NNPDF3_AZNLO_ggZH125_vvcc.py
345120,PowhegPy8EG_NNLOPS_nnlo_30_ggH125_tautaul13l7,e5814,28.3,0.0033718272,1.717,168000.0,4762928.187004089,136321395.45672393,gg->H->tautau->ll,Powheg+Pythia8(v8.212)+EvtGen(v1.6.0),"['1jet', '2tau', 'Higgs', 'SM', 'SMHiggs', 'mH125']",POWHEG+PYTHIA8+EVTGEN H+jet production with NNLOPS,https://gitlab.cern.ch/atlas-physics/pmg/infrastructure/mc15joboptions/-/tree/master/share/DSID345xxx/MC15.345120.PowhegPy8EG_NNLOPS_nnlo_30_ggH125_tautaul13l7.py
345121,PowhegPy8EG_NNLOPS_nnlo_30_ggH125_tautaulm15hp20,e5814,28.3,0.00236768,1.717,140000.0,3970398.1756477356,113601162.88060963,gg->H -> tautau -> l-h+,Powheg+Pythia8(v8.212)+EvtGen(v1.6.0),"['1jet', '2tau', 'Higgs', 'SM', 'SMHiggs', 'mH125']",POWHEG+PYTHIA8+EVTGEN H+jet production with NNLOPS,https://gitlab.cern.ch/atlas-physics/pmg/infrastructure/mc15joboptions/-/tree/master/share/DSID345xxx/MC15.345121.PowhegPy8EG_NNLOPS_nnlo_30_ggH125_tautaulm15hp20.py
345122,PowhegPy8EG_NNLOPS_nnlo_30_ggH125_tautaulp15hm20,e5814,28.3,0.0023726976,1.717,200000.0,5670426.60918045,162287375.54376578,gg->H -> tautau -> l+h-,Powheg+Pythia8(v8.212)+EvtGen(v1.6.0),"['1jet', '2tau', 'Higgs', 'SM', 'SMHiggs', 'mH125']",POWHEG+PYTHIA8+EVTGEN H+jet production with NNLOPS,https://gitlab.cern.ch/atlas-physics/pmg/infrastructure/mc15joboptions/-/tree/master/share/DSID345xxx/MC15.345122.PowhegPy8EG_NNLOPS_nnlo_30_ggH125_tautaulp15hm20.py
345123,PowhegPy8EG_NNLOPS_nnlo_30_ggH125_tautauh30h20,e5814,28.3,0.011847808,1.717,280000.0,7937207.149173737,227202325.76137042,gg->H->tautau->hh,Powheg+Pythia8(v8.212)+EvtGen(v1.6.0),"['1jet', '2tau', 'Higgs', 'SM', 'SMHiggs', 'mH125']",POWHEG+PYTHIA8+EVTGEN H+jet production with NNLOPS,https://gitlab.cern.ch/atlas-physics/pmg/infrastructure/mc15joboptions/-/tree/master/share/DSID345xxx/MC15.345123.PowhegPy8EG_NNLOPS_nnlo_30_ggH125_tautauh30h20.py
345124,PowhegPy8EG_NNLOPS_nnlo_30_ggH125_etau_filt,e5814,28.3,6.393e-06,1.717,1218000.0,34522996.97948456,988330117.0614107,gg->H->etau,Powheg+Pythia8(v8.212)+EvtGen(v1.6.0),"['1jet', 'Higgs', 'SM', 'SMHiggs', 'mH125']",POWHEG+PYTHIA8+EVTGEN H+jet production with NNLOPS,https://gitlab.cern.ch/atlas-physics/pmg/infrastructure/mc15joboptions/-/tree/master/share/DSID345xxx/MC15.345124.PowhegPy8EG_NNLOPS_nnlo_30_ggH125_etau_filt.py
345125,PowhegPy8EG_NNLOPS_nnlo_30_ggH125_mutau_filt,e5814,28.3,6.395e-06,1.717,1338000.0,37920262.24489975,1085702542.3875482,gg->H->mutau,Powheg+Pythia8(v8.212)+EvtGen(v1.6.0),"['1jet', 'Higgs', 'SM', 'SMHiggs', 'mH125']",POWHEG+PYTHIA8+EVTGEN H+jet production with NNLOPS,https://gitlab.cern.ch/atlas-physics/pmg/infrastructure/mc15joboptions/-/tree/master/share/DSID345xxx/MC15.345125.PowhegPy8EG_NNLOPS_nnlo_30_ggH125_mutau_filt.py
345211,PowhegPy8EG_NNPDF30_AZNLO_WmH125J_Winc_MINLO_tautau,e5808,0.5328,0.06272,1.0,40000.0,21605.314300060272,12054.779325026222,"qq->WmH, W->all, H->tautau",Powheg+Pythia8(v8.212)+EvtGen(v1.6.0),"['2tau', 'Higgs', 'SM', 'SMHiggs', 'WHiggs', 'mH125']","POWHEG+MiNLO+PYTHIA8, H+Wm+jet, W->all, H->tautau",https://gitlab.cern.ch/atlas-physics/pmg/infrastructure/mc15joboptions/-/tree/master/share/DSID345xxx/MC15.345211.PowhegPy8EG_NNPDF30_AZNLO_WmH125J_Winc_MINLO_tautau.py
345212,PowhegPy8EG_NNPDF30_AZNLO_WpH125J_Winc_MINLO_tautau,e5808,0.84,0.06272,1.0,50000.0,43128.987257003784,38446.8561945332,"qq->WpH, W->all, H->tautau",Powheg+Pythia8(v8.212)+EvtGen(v1.6.0),"['2tau', 'Higgs', 'SM', 'SMHiggs', 'WHiggs', 'mH125']","POWHEG+MiNLO+PYTHIA8, H+Wp+jet, W->all, H->tautau",https://gitlab.cern.ch/atlas-physics/pmg/infrastructure/mc15joboptions/-/tree/master/share/DSID345xxx/MC15.345212.PowhegPy8EG_NNPDF30_AZNLO_WpH125J_Winc_MINLO_tautau.py
345213,PowhegPy8EG_NNPDF30_AZNLO_WmH125J_Winc_MINLO_etau,e5808,0.5328,6.393e-06,1.0,45000.0,24283.1962788105,13561.626740654494,"qq->WmH, W->all, H->etau",Powheg+Pythia8(v8.212)+EvtGen(v1.6.0),"['Higgs', 'SM', 'SMHiggs', 'WHiggs', 'mH125']","POWHEG+MiNLO+PYTHIA8, H+Wm+jet, W->all, H->etau",https://gitlab.cern.ch/atlas-physics/pmg/infrastructure/mc15joboptions/-/tree/master/share/DSID345xxx/MC15.345213.PowhegPy8EG_NNPDF30_AZNLO_WmH125J_Winc_MINLO_etau.py
345214,PowhegPy8EG_NNPDF30_AZNLO_WpH125J_Winc_MINLO_etau,e5808,0.84,6.393e-06,1.0,80000.0,68949.9078565836,61514.96991125836,"qq->WpH, W->all, H->etau",Powheg+Pythia8(v8.212)+EvtGen(v1.6.0),"['Higgs', 'SM', 'SMHiggs', 'WHiggs', 'mH125']","POWHEG+MiNLO+PYTHIA8, H+Wp+jet, W->all, H->etau",https://gitlab.cern.ch/atlas-physics/pmg/infrastructure/mc15joboptions/-/tree/master/share/DSID345xxx/MC15.345214.PowhegPy8EG_NNPDF30_AZNLO_WpH125J_Winc_MINLO_etau.py
345215,PowhegPy8EG_NNPDF30_AZNLO_WmH125J_Winc_MINLO_mutau,e5808,0.5328,6.395e-06,1.0,50000.0,27025.856870412827,15068.474156282766,"qq->WmH, W->all, H->mutau",Powheg+Pythia8(v8.212)+EvtGen(v1.6.0),"['Higgs', 'SM', 'SMHiggs', 'WHiggs', 'mH125']","POWHEG+MiNLO+PYTHIA8, H+Wm+jet, W->all, H->mutau",https://gitlab.cern.ch/atlas-physics/pmg/infrastructure/mc15joboptions/-/tree/master/share/DSID345xxx/MC15.345215.PowhegPy8EG_NNPDF30_AZNLO_WmH125J_Winc_MINLO_mutau.py
345216,PowhegPy8EG_NNPDF30_AZNLO_WpH125J_Winc_MINLO_mutau,e5808,0.84,6.395e-06,1.0,94000.0,80993.12335324287,72280.0896457247,"qq->WpH, W->all, H->mutau",Powheg+Pythia8(v8.212)+EvtGen(v1.6.0),"['Higgs', 'SM', 'SMHiggs', 'WHiggs', 'mH125']","POWHEG+MiNLO+PYTHIA8, H+Wp+jet, W->all, H->mutau",https://gitlab.cern.ch/atlas-physics/pmg/infrastructure/mc15joboptions/-/tree/master/share/DSID345xxx/MC15.345216.PowhegPy8EG_NNPDF30_AZNLO_WpH125J_Winc_MINLO_mutau.py
345217,PowhegPy8EG_NNPDF30_AZNLO_ZH125J_Zinc_MINLO_tautau,e5808,0.7612,0.06272,1.0,74000.0,56288.30947971344,44561.615341404045,"qq->ZH, Z->all, H->tautau",Powheg+Pythia8(v8.212)+EvtGen(v1.6.0),"['2tau', 'Higgs', 'SM', 'SMHiggs', 'ZHiggs', 'mH125']","POWHEG+MiNLO+PYTHIA8, H+Z+jet, Z->all, H->tautau",https://gitlab.cern.ch/atlas-physics/pmg/infrastructure/mc15joboptions/-/tree/master/share/DSID345xxx/MC15.345217.PowhegPy8EG_NNPDF30_AZNLO_ZH125J_Zinc_MINLO_tautau.py
345218,PowhegPy8EG_NNPDF30_AZNLO_ZH125J_Zinc_MINLO_etau,e5808,0.7612,6.393e-06,1.0,80000.0,60823.283569812775,48174.719288008644,"qq->ZH, Z->all, H->etau",Powheg+Pythia8(v8.212)+EvtGen(v1.6.0),"['Higgs', 'SM', 'SMHiggs', 'ZHiggs', 'mH125']","POWHEG+MiNLO+PYTHIA8, H+Z+jet, Z->all, H->etau",https://gitlab.cern.ch/atlas-physics/pmg/infrastructure/mc15joboptions/-/tree/master/share/DSID345xxx/MC15.345218.PowhegPy8EG_NNPDF30_AZNLO_ZH125J_Zinc_MINLO_etau.py
345219,PowhegPy8EG_NNPDF30_AZNLO_ZH125J_Zinc_MINLO_mutau,e5808,0.7612,6.395e-06,1.0,70000.0,53294.48161530495,42152.87937700709,"qq->ZH, Z->all, H->mutau",Powheg+Pythia8(v8.212)+EvtGen(v1.6.0),"['Higgs', 'SM', 'SMHiggs', 'ZHiggs', 'mH125']","POWHEG+MiNLO+PYTHIA8, H+Z+jet, Z->all, H->mutau",https://gitlab.cern.ch/atlas-physics/pmg/infrastructure/mc15joboptions/-/tree/master/share/DSID345xxx/MC15.345219.PowhegPy8EG_NNPDF30_AZNLO_ZH125J_Zinc_MINLO_mutau.py
345316,PowhegPythia8EvtGen_NNLOPS_nnlo_30_ggH125_Zy_Zll,e5713,28.3,0.0001533,1.717,600000.0,16981996.495944977,486862126.63127863,"ggH H->Zy, Z->ll",Powheg(v2_r3080)+Pythia8(v8.212)+EvtGen(v1.2.0),"['Higgs', 'SM', 'SMHiggs', 'Zgamma', 'mH125']",125 GeV CPS,https://gitlab.cern.ch/atlas-physics/pmg/infrastructure/mc15joboptions/-/tree/master/share/DSID345xxx/MC15.345316.PowhegPythia8EvtGen_NNLOPS_nnlo_30_ggH125_Zy_Zll.py
345317,PowhegPythia8EvtGen_NNPDF30_AZNLO_WmH125J_Hyy_Wincl_MINLO,e5734,0.5328,0.00227,1.0,218000.0,117765.32227993011,65698.54732144238,"qq->WmH, H->gamgam, W->all",Powheg+Pythia8(v8.212)+EvtGen(v1.2.0),"['Higgs', 'SM', 'SMHiggs', 'mH125']",POWHEG+MiNLO+Pythia8 H+Wm+jet->gamgam+all production,https://gitlab.cern.ch/atlas-physics/pmg/infrastructure/mc15joboptions/-/tree/master/share/DSID345xxx/MC15.345317.PowhegPythia8EvtGen_NNPDF30_AZNLO_WmH125J_Hyy_Wincl_MINLO.py
345318,PowhegPythia8EvtGen_NNPDF30_AZNLO_WpH125J_Hyy_Wincl_MINLO,e5734,0.84,0.00227,1.0,120000.0,103452.04539346695,92272.45486685293,"qq->WpH, H->gamgam, W->all",Powheg+Pythia8(v8.212)+EvtGen(v1.2.0),"['Higgs', 'SM', 'SMHiggs', 'mH125']",POWHEG+MiNLO+Pythia8 H+Wp+jet->gamgam+all production,https://gitlab.cern.ch/atlas-physics/pmg/infrastructure/mc15joboptions/-/tree/master/share/DSID345xxx/MC15.345318.PowhegPythia8EvtGen_NNPDF30_AZNLO_WpH125J_Hyy_Wincl_MINLO.py
345319,PowhegPythia8EvtGen_NNPDF30_AZNLO_ZH125J_Hyy_Zincl_MINLO,e5743,0.7612,0.00227,1.0,80000.0,60817.07552862167,48174.71928800399,"qq->ZH, H->gamgam, Z->all",Powheg+Pythia8(v8.212)+EvtGen(v1.2.0),"['Higgs', 'SM', 'SMHiggs', 'ZHiggs', 'mH125']","POWHEG+MiNLO+Pythia8 H+Z+jet production: Z->all, H->gamgam",https://gitlab.cern.ch/atlas-physics/pmg/infrastructure/mc15joboptions/-/tree/master/share/DSID345xxx/MC15.345319.PowhegPythia8EvtGen_NNPDF30_AZNLO_ZH125J_Hyy_Zincl_MINLO.py
345320,PowhegPythia8EvtGen_NNPDF30_AZNLO_WmH125J_HZy_Wincl_MINLO,e5734,0.5328,0.001533,1.0,20000.0,10783.992125988007,6027.3896625131365,"qq->WmH, H->Zgam, W->all",Powheg+Pythia8(v8.212)+EvtGen(v1.2.0),"['Higgs', 'SM', 'SMHiggs', 'mH125']",POWHEG+MiNLO+Pythia8 H+Wm+jet->Zgam+all production,https://gitlab.cern.ch/atlas-physics/pmg/infrastructure/mc15joboptions/-/tree/master/share/DSID345xxx/MC15.345320.PowhegPythia8EvtGen_NNPDF30_AZNLO_WmH125J_HZy_Wincl_MINLO.py
345321,PowhegPythia8EvtGen_NNPDF30_AZNLO_WpH125J_HZy_Wincl_MINLO,e5734,0.84,0.001533,1.0,20000.0,17227.39272224903,15378.742477814436,"qq->WpH, H->Zgam, W->all",Powheg+Pythia8(v8.212)+EvtGen(v1.2.0),"['Higgs', 'SM', 'SMHiggs', 'mH125']",POWHEG+MiNLO+Pythia8 H+Wp+jet->Zgam+all production,https://gitlab.cern.ch/atlas-physics/pmg/infrastructure/mc15joboptions/-/tree/master/share/DSID345xxx/MC15.345321.PowhegPythia8EvtGen_NNPDF30_AZNLO_WpH125J_HZy_Wincl_MINLO.py
345322,PowhegPythia8EvtGen_NNPDF30_AZNLO_ZH125J_HZy_Zincl_MINLO,e5743,0.7612,0.001533,1.0,40000.0,30475.274207115173,24087.359644004322,"qq->ZH, H->Zgam, Z->all",Powheg+Pythia8(v8.212)+EvtGen(v1.2.0),"['Higgs', 'SM', 'SMHiggs', 'ZHiggs', 'mH125']","POWHEG+MiNLO+Pythia8 H+Z+jet production: Z->all, H->Zgam",https://gitlab.cern.ch/atlas-physics/pmg/infrastructure/mc15joboptions/-/tree/master/share/DSID345xxx/MC15.345322.PowhegPythia8EvtGen_NNPDF30_AZNLO_ZH125J_HZy_Zincl_MINLO.py
345324,PowhegPythia8EvtGen_NNLOPS_NN30_ggH125_WWlvlv_EF_15_5,e5769,28.3,0.02338,1.717,167000.0,4726922.222862244,135509958.57900387,gg->H->WW*->lvlv,Powheg+Pythia8(v8.212)+EvtGen(v1.2.0),"['Higgs', 'SM', 'SMHiggs', 'WW', 'mH125']","POWHEG+PYTHIA8+EVTGEN, ggH H->WW->lvlv",https://gitlab.cern.ch/atlas-physics/pmg/infrastructure/mc15joboptions/-/tree/master/share/DSID345xxx/MC15.345324.PowhegPythia8EvtGen_NNLOPS_NN30_ggH125_WWlvlv_EF_15_5.py
345325,PowhegPythia8EvtGen_NNPDF3_AZNLO_WpH125J_MINLO_qqWWlvlv,e5811,0.84,0.015760458,1.0,100000.0,86277.26610720158,76893.7123890473,"WpH, W->qq, H->WW->lvlv",Powheg+Pythia8(v8.212)+EvtGen(v1.2.0),"['Higgs', 'SM', 'SMHiggs', 'WHiggs', 'mH125']",POWHEG+MiNLO+Pythia8 H+W+jet->qqWW->qqlvlv production,https://gitlab.cern.ch/atlas-physics/pmg/infrastructure/mc15joboptions/-/tree/master/share/DSID345xxx/MC15.345325.PowhegPythia8EvtGen_NNPDF3_AZNLO_WpH125J_MINLO_qqWWlvlv.py
345433,PowhegPythia8EvtGen_NNPDF3_AZNLO_WmH125J_MINLO_qqWWlvlv,e5811,0.5328,0.015760458,1.0,120000.0,64840.097637176514,36164.3379750837,"WmH, W->qq, H->WW->lvlv",Powheg+Pythia8(v8.212)+EvtGen(v1.2.0),"['Higgs', 'SM', 'SMHiggs', 'WHiggs', 'mH125']",POWHEG+MiNLO+Pythia8 H+W+jet->qqWW->qqlvlv production,https://gitlab.cern.ch/atlas-physics/pmg/infrastructure/mc15joboptions/-/tree/master/share/DSID345xxx/MC15.345433.PowhegPythia8EvtGen_NNPDF3_AZNLO_WmH125J_MINLO_qqWWlvlv.py
345445,PowhegPythia8EvtGen_NNPDF3_AZNLO_ZH125J_MINLO_vvWWlvlv,e5810,0.7612,0.0046760000000000005,1.0,50000.0,7498.533716373146,2063.4979859637956,"qq->ZH, H->WW, Z->vv",Powheg+Pythia8(v8.212)+EvtGen(v1.2.0),"['Higgs', 'SM', 'SMHiggs', 'ZHiggs', 'mH125']",POWHEG+MiNLO+Pythia8 H+Z+jet->vvlvlv production,https://gitlab.cern.ch/atlas-physics/pmg/infrastructure/mc15joboptions/-/tree/master/share/DSID345xxx/MC15.345445.PowhegPythia8EvtGen_NNPDF3_AZNLO_ZH125J_MINLO_vvWWlvlv.py
345596,PowhegPythia8EvtGen_NNPDF3_AZNLO_ggZH125_Zinc_HZZinv,e6025,0.1227,0.001048,1.0,40000.0,2297.4008321762085,131.9512645920906,"gg->ZH, H->inv, Z->all",Powheg+Pythia8(v8.212)+EvtGen(v1.2.0),"['Higgs', 'SM', 'SMHiggs', 'ZHiggs', 'invisible', 'mH125']",POWHEG+Pythia8 gg->H+Z production: H->inv (H->ZZ->vvvv) + Z->inc,https://gitlab.cern.ch/atlas-physics/pmg/infrastructure/mc15joboptions/-/tree/master/share/DSID345xxx/MC15.345596.PowhegPythia8EvtGen_NNPDF3_AZNLO_ggZH125_Zinc_HZZinv.py
345697,MadGraphPythia8EvtGen_AZNLOCTEQ6L1_ggfhtautaullNp2,e6529,28.3,0.003327296,1.717,219000.0,20816741.826431274,4757087266.774446,H->tautau dilep in GGF production,MadGraph5_aMC@NLO(v2.3.3.p1)+Pythia8(v8.212)+EvtGen(v1.6.0),"['2lepton', 'BSM', 'BSMHiggs', 'Higgs', 'dijet', 'mH125', 'resonance']",ggF+012jets (FxFx merging) 125 GeV Higgs production in the Higgs Characterization model decaying to tautaull.,https://gitlab.cern.ch/atlas-physics/pmg/infrastructure/mc15joboptions/-/tree/master/share/DSID345xxx/MC15.345697.MadGraphPythia8EvtGen_AZNLOCTEQ6L1_ggfhtautaullNp2.py
345698,MadGraphPythia8EvtGen_AZNLOCTEQ6L1_ggfhtautaulhNp2,e6529,28.3,0.009433088000000001,1.717,380000.0,36197695.96461487,8252993334.395253,GGF H->tau tau->lep had,MadGraph5_aMC@NLO(v2.3.3.p1)+Pythia8(v8.212)+EvtGen(v1.6.0),"['BSM', 'BSMHiggs', 'Higgs', 'dijet', 'mH125', 'resonance']",ggF+012jets (FxFx merging) 125 GeV Higgs production in the Higgs Characterization model decaying to tautaulh.,https://gitlab.cern.ch/atlas-physics/pmg/infrastructure/mc15joboptions/-/tree/master/share/DSID345xxx/MC15.345698.MadGraphPythia8EvtGen_AZNLOCTEQ6L1_ggfhtautaulhNp2.py
345699,MadGraphPythia8EvtGen_AZNLOCTEQ6L1_ggfhtautauhhNp2,e6529,28.3,0.011897984,1.717,479000.0,45719485.10548401,10402478676.616869,GGF H->tau tau->had had,MadGraph5_aMC@NLO(v2.3.3.p1)+Pythia8(v8.212)+EvtGen(v1.6.0),"['BSM', 'BSMHiggs', 'Higgs', 'dijet', 'mH125', 'resonance']",ggF+012jets (FxFx merging) 125 GeV Higgs production in the Higgs Characterization model decaying to tautauhh.,https://gitlab.cern.ch/atlas-physics/pmg/infrastructure/mc15joboptions/-/tree/master/share/DSID345xxx/MC15.345699.MadGraphPythia8EvtGen_AZNLOCTEQ6L1_ggfhtautauhhNp2.py
345833,PowhegPythia8EvtGen_NNPDF30_AZNLOCTEQ6L1_VBFH125_Zllgam,e7111,3.782,0.00015483300000000003,1.0,299000.0,1120986.1668918133,4257350.628154254,"VBF H,  H->Zgam, Z->ll",Powheg+Pythia8.230+EvtGen,"['2lepton', 'Higgs', 'SM', 'SMHiggs', 'VBF', 'mH125', 'photon']","POWHEG+PYTHIA8+EVTGEN, VBF H->Zllgam",https://gitlab.cern.ch/atlas-physics/pmg/infrastructure/mc15joboptions/-/tree/master/share/DSID345xxx/MC15.345833.PowhegPythia8EvtGen_NNPDF30_AZNLOCTEQ6L1_VBFH125_Zllgam.py
345834,PowhegPythia8EvtGen_NNPDF30_AZNLOCTEQ6L1_VBFH125_gamstargam,e7111,3.782,0.00227,1.0,40000.0,149984.04206681252,569595.6395906751,"VBF H,  H->gam*gam, gam*->ll",Powheg+Pythia8.230+EvtGen,"['2lepton', 'Higgs', 'SM', 'SMHiggs', 'VBF', 'mH125', 'photon']","POWHEG+PYTHIA8+EVTGEN, VBF H->gam*gam, gam*->ll",https://gitlab.cern.ch/atlas-physics/pmg/infrastructure/mc15joboptions/-/tree/master/share/DSID345xxx/MC15.345834.PowhegPythia8EvtGen_NNPDF30_AZNLOCTEQ6L1_VBFH125_gamstargam.py
345876,PowhegPythia8EvtGen_NNPDF30_AZNLO_ZH125J_Hee__Zincl_MINLO,e7162,0.7612,5.44e-09,1.0,50000.0,38080.12466621399,30109.199555005398,"qq->ZH, H->ee, Z->all",Powheg+Pythia8+EvtGen,"['2electron', 'Higgs', 'SM', 'SMHiggs', 'ZHiggs', 'mH125']","POWHEG+MiNLO+Pythia8 H+Z+jet production: Z->all, H->ee",https://gitlab.cern.ch/atlas-physics/pmg/infrastructure/mc15joboptions/-/tree/master/share/DSID345xxx/MC15.345876.PowhegPythia8EvtGen_NNPDF30_AZNLO_ZH125J_Hee__Zincl_MINLO.py
345877,PowhegPythia8EvtGen_NNPDF30_AZNLO_WpH125J_Hee_Wincl_MINLO,e7162,0.84,5.44e-09,1.0,29000.0,24984.36696743965,22299.17659283107,"qq->WpH, H->ee, W->all",Powheg+Pythia8+EvtGen,"['2electron', 'Higgs', 'SM', 'SMHiggs', 'WHiggs', 'mH125']","POWHEG+MiNLO+Pythia8 H+Wp+jet production: W->all, H->ee",https://gitlab.cern.ch/atlas-physics/pmg/infrastructure/mc15joboptions/-/tree/master/share/DSID345xxx/MC15.345877.PowhegPythia8EvtGen_NNPDF30_AZNLO_WpH125J_Hee_Wincl_MINLO.py
345878,PowhegPythia8EvtGen_NNPDF30_AZNLO_WmH125J_Hee_Wincl_MINLO,e7162,0.5328,5.44e-09,1.0,30000.0,16182.57584452629,9041.084493769727,"qq->WmH, H->ee, W->all",Powheg+Pythia8+EvtGen,"['2electron', 'Higgs', 'SM', 'SMHiggs', 'WHiggs', 'mH125']","POWHEG+MiNLO+Pythia8 H+Wm+jet production: W->all, H->ee",https://gitlab.cern.ch/atlas-physics/pmg/infrastructure/mc15joboptions/-/tree/master/share/DSID345xxx/MC15.345878.PowhegPythia8EvtGen_NNPDF30_AZNLO_WmH125J_Hee_Wincl_MINLO.py
345944,aMcAtNloPy8EG_A14NNPDF23LO_ppx0yy_FxFx_Np012_SM,e7955,0.051118,1.0,1.0,200000.0,38772.48645910621,17793.329909408876,GGF H->gamma gamma,aMcAtNlo+Pythia8+EvtGen,"['BSM', 'Higgs', 'gluonFusionHiggs', 'jets', 'mH125', 'resonance']",ggF 125 GeV Higgs FxFx merged production in the Higgs Characterization model decaying to gammagamma.,https://gitlab.cern.ch/atlas-physics/pmg/infrastructure/mc15joboptions/-/tree/master/share/DSID345xxx/MC15.345944.aMcAtNloPy8EG_A14NNPDF23LO_ppx0yy_FxFx_Np012_SM.py
345948,PowhegPy8EG_NNPDF30_AZNLOCTEQ6L1_VBFH125_WWlvlv,e7172,3.782,0.02338,1.0,180000.0,674706.7144770622,2564906.0562686953,VBF H->WW->llnunu,Powheg+Pythia8(v.230)+EvtGen(v.1.6.0),"['Higgs', 'SMHiggs', 'WW']","125 GeV CPS, Dipole ON",https://gitlab.cern.ch/atlas-physics/pmg/infrastructure/mc15joboptions/-/tree/master/share/DSID345xxx/MC15.345948.PowhegPy8EG_NNPDF30_AZNLOCTEQ6L1_VBFH125_WWlvlv.py
345949,PowhegPythia8EvtGen_NNPDF30_AZNLOCTEQ6L1_VBFH125_bb,e7252,3.782,0.5824,1.0,160000.0,599807.457654953,2275676.2244888595,VBF H->bb,Powheg+Pythia8(v.230)+EvtGen,"['Higgs', 'SM', 'SMHiggs', 'VBF', 'mH125']","POWHEG+PYTHIA8+EVTGEN, VBF H->bb",https://gitlab.cern.ch/atlas-physics/pmg/infrastructure/mc15joboptions/-/tree/master/share/DSID345xxx/MC15.345949.PowhegPythia8EvtGen_NNPDF30_AZNLOCTEQ6L1_VBFH125_bb.py
345961,PowhegPythia8EvtGen_NNLOPS_nnlo_30_ggH125_gamstargam,e6740,28.3,0.000430619,1.717,100000.0,2830171.330181122,81143687.77188319,"ggH H->gam*gam, gam*->ll",Powheg(v2_r3376)+EvtGen(v1.6.0),"['2lepton', 'Higgs', 'SM', 'SMHiggs', 'mH125', 'photon']",125 GeV CPS,https://gitlab.cern.ch/atlas-physics/pmg/infrastructure/mc15joboptions/-/tree/master/share/DSID345xxx/MC15.345961.PowhegPythia8EvtGen_NNLOPS_nnlo_30_ggH125_gamstargam.py
345963,PowhegPythia8EvtGen_NNPDF30_AZNLO_WmH125J_Hgamstargam_MINLO,e6740,0.5328,0.00227,1.0,20000.0,10821.322174072266,6027.3896625131365,"qq->WmH, H->gam*gam, W->all",Powheg+EvtGen(v1.6.0),"['2lepton', 'Higgs', 'SM', 'SMHiggs', 'mH125', 'photon']","POWHEG+MiNLO+PYTHIA8+EVTGEN, H+Wm+jet production: H->gam*gam, gam*->ll, W->all",https://gitlab.cern.ch/atlas-physics/pmg/infrastructure/mc15joboptions/-/tree/master/share/DSID345xxx/MC15.345963.PowhegPythia8EvtGen_NNPDF30_AZNLO_WmH125J_Hgamstargam_MINLO.py
345964,PowhegPythia8EvtGen_NNPDF30_AZNLO_WpH125J_Hgamstargam_MINLO,e6740,0.84,0.00227,1.0,20000.0,17229.146503448486,15378.742477814436,"qq->WpH, H->gam*gam, W->all",Powheg+EvtGen(v1.6.0),"['2lepton', 'Higgs', 'SM', 'SMHiggs', 'mH125', 'photon']","POWHEG+MiNLO+PYTHIA8++EVTGEN, H+Wp+jet production: H->gam*gam, gam*->ll, Wp->all",https://gitlab.cern.ch/atlas-physics/pmg/infrastructure/mc15joboptions/-/tree/master/share/DSID345xxx/MC15.345964.PowhegPythia8EvtGen_NNPDF30_AZNLO_WpH125J_Hgamstargam_MINLO.py
345965,PowhegPythia8EvtGen_NNPDF30_AZNLO_ZH125J_Hgamstargam_MINLO,e6740,0.7612,0.00227,1.0,40000.0,30424.05786728859,24087.359644004322,"qq->ZH, H->gam*gam, Z->all",Powheg+EvtGen(v1.6.0),"['2lepton', 'Higgs', 'SM', 'SMHiggs', 'ZHiggs', 'mH125', 'photon']","POWHEG+MiNLO+PYTHIA8, H+Z+jet production: H->gam*gam, Z->all",https://gitlab.cern.ch/atlas-physics/pmg/infrastructure/mc15joboptions/-/tree/master/share/DSID345xxx/MC15.345965.PowhegPythia8EvtGen_NNPDF30_AZNLO_ZH125J_Hgamstargam_MINLO.py
346188,aMcAtNloPythia8EvtGen_tHjb125_4fl_gamgam,e7305,0.002879,0.00227,1.0,40000.0,2437.233355343342,1963.6740305201986,pp>tHbj,aMcAtNlo+Pythia8.230+EvtGen,"['higgs', 'smhiggs', 'thiggs']",aMcAtNlo tHjb,https://gitlab.cern.ch/atlas-physics/pmg/infrastructure/mc15joboptions/-/tree/master/share/DSID346xxx/MC15.346188.aMcAtNloPythia8EvtGen_tHjb125_4fl_gamgam.py
346189,aMcAtNloPythia8EvtGen_ttH_gamgam,e7176,0.5071,0.00227,1.0,54000.0,24708.58642232418,51545.6006669145,ttH H->gamma gamma,aMcAtNlo+Pythia8(v.230)+EvtGen,"['higgs', 'ttbar', 'tthiggs']",aMcAtNlo_ttH,https://gitlab.cern.ch/atlas-physics/pmg/infrastructure/mc15joboptions/-/tree/master/share/DSID346xxx/MC15.346189.aMcAtNloPythia8EvtGen_ttH_gamgam.py
346190,PowhegPy8EG_NNPDF30_AZNLOCTEQ6L1_VBFH125_tautaul13l7,e7259,3.782,0.029208704,1.0,140000.0,524391.1262533665,1984114.3646324521,VBF H->tautau->ll,Powheg+Pythia8(v.230)+EvtGen,"['2tau', 'Higgs', 'SM', 'SMHiggs', 'VBF', 'mH125']","POWHEG+PYTHIA8+EVTGEN, VBF H->tautau",https://gitlab.cern.ch/atlas-physics/pmg/infrastructure/mc15joboptions/-/tree/master/share/DSID346xxx/MC15.346190.PowhegPy8EG_NNPDF30_AZNLOCTEQ6L1_VBFH125_tautaul13l7.py
346191,PowhegPy8EG_NNPDF30_AZNLOCTEQ6L1_VBFH125_tautaulm15hp20,e7259,3.782,0.011063808,1.0,87000.0,325576.49645495415,1232596.1253967588,VBF H -> tautau -> l-h+,Powheg+Pythia8(v.230)+EvtGen,"['2tau', 'Higgs', 'SM', 'SMHiggs', 'VBF', 'mH125']","POWHEG+PYTHIA8+EVTGEN, VBF H->tautau",https://gitlab.cern.ch/atlas-physics/pmg/infrastructure/mc15joboptions/-/tree/master/share/DSID346xxx/MC15.346191.PowhegPy8EG_NNPDF30_AZNLOCTEQ6L1_VBFH125_tautaulm15hp20.py
346192,PowhegPy8EG_NNPDF30_AZNLOCTEQ6L1_VBFH125_tautaulp15hm20,e7259,3.782,0.01107008,1.0,86000.0,322181.26274752617,1220957.8397022765,VBF H -> tautau -> l+h-,Powheg+Pythia8(v.230)+EvtGen,"['2tau', 'Higgs', 'SM', 'SMHiggs', 'VBF', 'mH125']","POWHEG+PYTHIA8+EVTGEN, VBF H->tautau",https://gitlab.cern.ch/atlas-physics/pmg/infrastructure/mc15joboptions/-/tree/master/share/DSID346xxx/MC15.346192.PowhegPy8EG_NNPDF30_AZNLOCTEQ6L1_VBFH125_tautaulp15hm20.py
346193,PowhegPy8EG_NNPDF30_AZNLOCTEQ6L1_VBFH125_tautauh30h20,e7259,3.782,0.029660288,1.0,120000.0,449224.4610078335,1700934.1102895308,VBF H->tautau->hh,Powheg+Pythia8(v.230)+EvtGen,"['2tau', 'Higgs', 'SM', 'SMHiggs', 'VBF', 'mH125']","POWHEG+PYTHIA8+EVTGEN, VBF H->tautau",https://gitlab.cern.ch/atlas-physics/pmg/infrastructure/mc15joboptions/-/tree/master/share/DSID346xxx/MC15.346193.PowhegPy8EG_NNPDF30_AZNLOCTEQ6L1_VBFH125_tautauh30h20.py
346194,PowhegPy8EG_NNPDF30_AZNLOCTEQ6L1_VBFH125_etau_filt,e7259,3.782,0.0006722000000000001,1.0,280000.0,1048567.216262579,3974049.0265648277,VBF H->etau,Powheg+Pythia8(v.230)+EvtGen,"['Higgs', 'SM', 'SMHiggs', 'VBF', 'mH125']","POWHEG+PYTHIA8+EVTGEN, VBF H->etau",https://gitlab.cern.ch/atlas-physics/pmg/infrastructure/mc15joboptions/-/tree/master/share/DSID346xxx/MC15.346194.PowhegPy8EG_NNPDF30_AZNLOCTEQ6L1_VBFH125_etau_filt.py
346195,PowhegPy8EG_NNPDF30_AZNLOCTEQ6L1_VBFH125_mutau_filt,e7259,3.782,0.0006719,1.0,240000.0,898804.5466096401,3403200.563440246,VBF H->mutau,Powheg+Pythia8(v.230)+EvtGen,"['Higgs', 'SM', 'SMHiggs', 'VBF', 'mH125']","POWHEG+PYTHIA8+EVTGEN, VBF H->mutau",https://gitlab.cern.ch/atlas-physics/pmg/infrastructure/mc15joboptions/-/tree/master/share/DSID346xxx/MC15.346195.PowhegPy8EG_NNPDF30_AZNLOCTEQ6L1_VBFH125_mutau_filt.py
346198,PhPy8EG_A14NNPDF23_NNPDF30ME_ttH125_Zgam,e7520,0.5071,0.001533,1.0,90000.0,47241.73901081085,25506.766865542795,ttH semilep H->Zy,Powheg+Pythia8(v.240)+EvtGen(v.1.6.0),"['Higgs', 'SM', 'top']",POWHEG+Pythia8.230 ttH (semilep) H->Zy production with A14 NNPDF2.3 tune',https://gitlab.cern.ch/atlas-physics/pmg/infrastructure/mc15joboptions/-/tree/master/share/DSID346xxx/MC15.346198.PhPy8EG_A14NNPDF23_NNPDF30ME_ttH125_Zgam.py
346214,PowhegPy8EG_NNPDF30_AZNLOCTEQ6L1_VBFH125_gamgam,e6970,3.782,0.00227,1.0,80000.0,299915.6851153374,1142827.2423424923,VBF H->gamma gamma,Powheg+Pythia8+EvtGen,"['Higgs', 'SMHiggs', 'diphoton']",125 GeV,https://gitlab.cern.ch/atlas-physics/pmg/infrastructure/mc15joboptions/-/tree/master/share/DSID346xxx/MC15.346214.PowhegPy8EG_NNPDF30_AZNLOCTEQ6L1_VBFH125_gamgam.py
346228,PowhegPy8EG_NNPDF30_AZNLOCTEQ6L1_VBFH125_ZZ4lep_notau,e7249,3.782,0.000124,1.0,296000.0,1109796.4665894508,4270386.530721589,H->ZZ->4lep,Powheg+Pythia8(v.230)+EvtGen(v.1.6.0),"['Higgs', 'SM', 'SMHiggs', 'mH125']",125 GeV,https://gitlab.cern.ch/atlas-physics/pmg/infrastructure/mc15joboptions/-/tree/master/share/DSID346xxx/MC15.346228.PowhegPy8EG_NNPDF30_AZNLOCTEQ6L1_VBFH125_ZZ4lep_notau.py
346310,PowhegPythia8EvtGen_NNPDF30_AZNLO_ZH125J_Zincl_H_incl_MINLO,e7151,0.7612,1.0,1.0,79000.0,60171.43924474716,47572.53529690865,ZH Z->all H-> all,Powheg+Pythia8(v.230)+EvtGen(v.1.6.0),"['Higgs', 'SM', 'SMHiggs', 'mH125']",125 GeV,https://gitlab.cern.ch/atlas-physics/pmg/infrastructure/mc15joboptions/-/tree/master/share/DSID346xxx/MC15.346310.PowhegPythia8EvtGen_NNPDF30_AZNLO_ZH125J_Zincl_H_incl_MINLO.py
346311,PowhegPythia8EvtGen_NNPDF30_AZNLO_WpH125J_Wincl_H_incl_MINLO,e7151,0.84,1.0,1.0,50000.0,43086.89650821686,38446.85619453625,WpH W+->all H-> all,Powheg+Pythia8(v.230)+EvtGen(v.1.6.0),"['Higgs', 'SM', 'SMHiggs', 'mH125']",125 GeV,https://gitlab.cern.ch/atlas-physics/pmg/infrastructure/mc15joboptions/-/tree/master/share/DSID346xxx/MC15.346311.PowhegPythia8EvtGen_NNPDF30_AZNLO_WpH125J_Wincl_H_incl_MINLO.py
346312,PowhegPythia8EvtGen_NNPDF30_AZNLO_WmH125J_Wincl_H_incl_MINLO,e7151,0.5328,1.0,1.0,40000.0,21591.041046380997,12054.779325026222,WmH W- ->all H-> all,Powheg+Pythia8(v.230)+EvtGen(v.1.6.0),"['Higgs', 'SM', 'SMHiggs', 'mH125']",125 GeV,https://gitlab.cern.ch/atlas-physics/pmg/infrastructure/mc15joboptions/-/tree/master/share/DSID346xxx/MC15.346312.PowhegPythia8EvtGen_NNPDF30_AZNLO_WmH125J_Wincl_H_incl_MINLO.py
346317,PowhegPy8EG_NNPDF30_AZNLOCTEQ6L1_VBFH125_incl,e7151,3.782,1.0,1.0,300000.0,1124980.3125,4337663.86707919,VBFH H-> all,Powheg+Pythia8(v.230)+EvtGen(v.1.6.0),"['Higgs', 'SM', 'SMHiggs', 'mH125']",125 GeV,https://gitlab.cern.ch/atlas-physics/pmg/infrastructure/mc15joboptions/-/tree/master/share/DSID346xxx/MC15.346317.PowhegPy8EG_NNPDF30_AZNLOCTEQ6L1_VBFH125_incl.py
346340,PowhegPy8EG_A14NNPDF23_NNPDF30ME_ttH125_ZZ4l_allhad,e7079,0.5071,5.704e-05,1.0,30000.0,7161.7760181427,1757.884018616096,ttH allhad H->ZZ->llll,Powheg+Pythia8(v.230)+EvtGen(v.1.6.0),"['Higgs', 'SM', 'SMHiggs', 'ZZ', 'mH125']",POWHEG+Pythia8 ttH (allhad) production with A14 NNPDF2.3 tune',https://gitlab.cern.ch/atlas-physics/pmg/infrastructure/mc15joboptions/-/tree/master/share/DSID346xxx/MC15.346340.PowhegPy8EG_A14NNPDF23_NNPDF30ME_ttH125_ZZ4l_allhad.py
346341,PowhegPy8EG_A14NNPDF23_NNPDF30ME_ttH125_ZZ4l_semilep,e7079,0.5071,5.58e-05,1.0,30000.0,15755.764117240906,8502.255621848148,ttH semilep H->ZZ->llll,Powheg+Pythia8(v.230)+EvtGen(v.1.6.0),"['Higgs', 'SM', 'SMHiggs', 'ZZ', 'mH125']",POWHEG+Pythia8 ttH (semilep) production with A14 NNPDF2.3 tune',https://gitlab.cern.ch/atlas-physics/pmg/infrastructure/mc15joboptions/-/tree/master/share/DSID346xxx/MC15.346341.PowhegPy8EG_A14NNPDF23_NNPDF30ME_ttH125_ZZ4l_semilep.py
346342,PowhegPy8EG_A14NNPDF23_NNPDF30ME_ttH125_ZZ4l_dilep,e7079,0.5071,1.116e-05,1.0,30000.0,1641.5232773423195,92.3138171309067,ttH dilep H->ZZ->llll,Powheg+Pythia8(v.230)+EvtGen(v.1.6.0),"['Higgs', 'SM', 'SMHiggs', 'ZZ', 'mH125']",POWHEG+Pythia8 ttH (dilep) production with A14 NNPDF2.3 tune',https://gitlab.cern.ch/atlas-physics/pmg/infrastructure/mc15joboptions/-/tree/master/share/DSID346xxx/MC15.346342.PowhegPy8EG_A14NNPDF23_NNPDF30ME_ttH125_ZZ4l_dilep.py
346343,PhPy8EG_A14NNPDF23_NNPDF30ME_ttH125_allhad,e7148,0.5071,0.46,1.0,120000.0,28639.357948303223,7031.536074464384,ttH allhad H->all,Powheg+Pythia8(v.230)+EvtGen(v.1.6.0),"['Higgs', 'SM', 'top']",POWHEG+Pythia8.230 ttH (allhad) production with A14 NNPDF2.3 tune',https://gitlab.cern.ch/atlas-physics/pmg/infrastructure/mc15joboptions/-/tree/master/share/DSID346xxx/MC15.346343.PhPy8EG_A14NNPDF23_NNPDF30ME_ttH125_allhad.py
346344,PhPy8EG_A14NNPDF23_NNPDF30ME_ttH125_semilep,e7148,0.5071,0.45,1.0,90000.0,47243.86845588684,25506.766865542802,ttH semilep H->all,Powheg+Pythia8(v.230)+EvtGen(v.1.6.0),"['Higgs', 'SM', 'top']",POWHEG+Pythia8.230 ttH (semilep) production with A14 NNPDF2.3 tune',https://gitlab.cern.ch/atlas-physics/pmg/infrastructure/mc15joboptions/-/tree/master/share/DSID346xxx/MC15.346344.PhPy8EG_A14NNPDF23_NNPDF30ME_ttH125_semilep.py
346345,PhPy8EG_A14NNPDF23_NNPDF30ME_ttH125_dilep,e7148,0.5071,0.09,1.0,180000.0,9851.136651009321,553.8829027854249,ttH dilep H->all,Powheg+Pythia8(v.230)+EvtGen(v.1.6.0),"['Higgs', 'SM', 'top']",POWHEG+Pythia8.230 ttH (dilep) production with A14 NNPDF2.3 tune',https://gitlab.cern.ch/atlas-physics/pmg/infrastructure/mc15joboptions/-/tree/master/share/DSID346xxx/MC15.346345.PhPy8EG_A14NNPDF23_NNPDF30ME_ttH125_dilep.py
346398,PowhegHerwig7EvtGen_NNPDF3_AZNLO_ZH125J_MINLO_vvbb_VpT,e7455,0.7612,0.11648000000000001,1.0,80000.0,11968.37247857079,3291.7313369806416,"qq->ZH, H->bb, Z->vv",Powheg+Herwig7(v.7.1.3)+EvtGen(v.1.6.0),"['Higgs', 'SM', 'SMHiggs', 'WHiggs', 'mH125']",POWHEG+MiNLO+Herwig7 H+Z-jet->vvbbbar production,https://gitlab.cern.ch/atlas-physics/pmg/infrastructure/mc15joboptions/-/tree/master/share/DSID346xxx/MC15.346398.PowhegHerwig7EvtGen_NNPDF3_AZNLO_ZH125J_MINLO_vvbb_VpT.py
346400,PowhegHerwig7EvtGen_NNPDF3_AZNLO_ggZH125J_vvbb,e7455,0.1227,0.11648000000000001,1.0,100000.0,1137.7090979367495,12.943838768339425,"gg->ZH, H->bb, Z->vv",Powheg+Herwig7(v.7.1.3)+EvtGen(v.1.6.0),"['Higgs', 'SM', 'SMHiggs', 'WHiggs', 'mH125']",POWHEG+Herwig7 H+Z-jet->vvbbar production,https://gitlab.cern.ch/atlas-physics/pmg/infrastructure/mc15joboptions/-/tree/master/share/DSID346xxx/MC15.346400.PowhegHerwig7EvtGen_NNPDF3_AZNLO_ggZH125J_vvbb.py
346414,aMcAtNloPythia8EvtGen_tHjb125_4fl_ZZ4l,e7273,0.002879,0.0002745,1.0,30000.0,1838.5635236799717,1472.7626172504058,tHjb H->ZZ->4l,aMcAtNlo+Pythia8.230+EvtGen,"['Higgs', 'SMHiggs', 'tHiggs']",aMcAtNlo tHjb 4F with H4l decay,https://gitlab.cern.ch/atlas-physics/pmg/infrastructure/mc15joboptions/-/tree/master/share/DSID346xxx/MC15.346414.aMcAtNloPythia8EvtGen_tHjb125_4fl_ZZ4l.py
346446,PhH7EG_H7UE_NNLOPS_nnlo_30_ggH125_ZZ4l_noTau,e7320,28.3,0.000124,1.717,966000.0,27343651.89855194,783846344.3596996,H->ZZ->eeee/eemumu/mumumumu GGF production,Powheg+Herwig7(v.7.1.3p1)+EvtGen(v.1.6.0),"['1jet', 'Higgs']",Powheg+Herwig7 H+jet production with NNLOPS and with H7UE tune',https://gitlab.cern.ch/atlas-physics/pmg/infrastructure/mc15joboptions/-/tree/master/share/DSID346xxx/MC15.346446.PhH7EG_H7UE_NNLOPS_nnlo_30_ggH125_ZZ4l_noTau.py
346447,PhH7EG_H7UE_NNPDF30_VBFH125_ZZ4lep_noTau,e7320,3.782,0.000124,1.0,300000.0,1124475.1054394245,4264434.950285231,VBF H->ZZ->4l (no tau),Powheg+Herwig7(v.7.1.3p1)+EvtGen(v.1.6.0),"['Higgs', 'SMHiggs', 'ZZ']",125 GeV CPS',https://gitlab.cern.ch/atlas-physics/pmg/infrastructure/mc15joboptions/-/tree/master/share/DSID346xxx/MC15.346447.PhH7EG_H7UE_NNPDF30_VBFH125_ZZ4lep_noTau.py
346448,PhH7EG_H7UE_NNPDF30_ZH125J_Zincl_MINLO,e7320,0.7612,0.0002745,1.0,100000.0,76110.57331085205,60218.380608603584,"qq->ZH, H->4l, Z->all",Powheg+Herwig7(v.7.1.3p1)+EvtGen(v.1.6.0),"['Higgs', 'SM', 'SMHiggs', 'ZHiggs', 'mH125']","Powheg+Herwig7 H+Z+jet production: Z->all, H->ZZ->4l'",https://gitlab.cern.ch/atlas-physics/pmg/infrastructure/mc15joboptions/-/tree/master/share/DSID346xxx/MC15.346448.PhH7EG_H7UE_NNPDF30_ZH125J_Zincl_MINLO.py
346449,PhH7EG_H7UE_NNPDF30_WpH125J_Wincl_MINLO,e7320,0.84,0.0002745,1.0,80000.0,68955.20200967789,61515.02845003906,"qq->WpH, H->4l, W->all",Powheg+Herwig7(v.7.1.3p1)+EvtGen(v.1.6.0),"['Higgs', 'SM', 'SMHiggs', 'mH125']",Powheg+Herwig7 H+Wp+jet->4l+all production',https://gitlab.cern.ch/atlas-physics/pmg/infrastructure/mc15joboptions/-/tree/master/share/DSID346xxx/MC15.346449.PhH7EG_H7UE_NNPDF30_WpH125J_Wincl_MINLO.py
346450,PhH7EG_H7UE_NNPDF30_WmH125J_Wincl_MINLO,e7320,0.5328,0.0002745,1.0,40000.0,21630.555236935616,12054.766236533978,"qq->WmH, H->4l, W->all",Powheg+Herwig7(v.7.1.3p1)+EvtGen(v.1.6.0),"['Higgs', 'SM', 'SMHiggs', 'mH125']",Powheg+Herwig7 H+Wm+jet->4l+all production',https://gitlab.cern.ch/atlas-physics/pmg/infrastructure/mc15joboptions/-/tree/master/share/DSID346xxx/MC15.346450.PhH7EG_H7UE_NNPDF30_WmH125J_Wincl_MINLO.py
346451,PhH7EG_H7UE_NNPDF3_ggZH125_ZZ4lepZinc,e7320,0.1227,0.0002745,1.0,40000.0,2297.399938106537,131.95116189030716,"gg->ZH, H->ZZ4lep, Z->inc",Powheg+Herwig7(v.7.1.3p1)+EvtGen(v.1.6.0),"['Higgs', 'SMHiggs', 'ZHiggs', 'ZZ', 'mH125']",125 GeV CPS,https://gitlab.cern.ch/atlas-physics/pmg/infrastructure/mc15joboptions/-/tree/master/share/DSID346xxx/MC15.346451.PhH7EG_H7UE_NNPDF3_ggZH125_ZZ4lepZinc.py
346452,PhH7EG_H7UE_NNPDF30ME_ttH125_ZZ4l_allhad_noTau,e7320,0.5071,5.704e-05,1.0,30000.0,7174.351987421513,1757.8783915910374,ttH allhad H->ZZ->llll,Powheg+Herwig7(v.7.1.3p1)+EvtGen(v.1.6.0),"['Higgs', 'SM', 'SMHiggs', 'ZZ', 'mH125']",POWHEG+Herwig7 ttH production with H7UE tune',https://gitlab.cern.ch/atlas-physics/pmg/infrastructure/mc15joboptions/-/tree/master/share/DSID346xxx/MC15.346452.PhH7EG_H7UE_NNPDF30ME_ttH125_ZZ4l_allhad_noTau.py
346453,PhH7EG_H7UE_NNPDF30ME_ttH125_ZZ4l_semilep_noTau,e7320,0.5071,5.58e-05,1.0,30000.0,15761.078906655312,8502.246102490417,ttH semilep H->ZZ->llll,Powheg+Herwig7(v.7.1.3p1)+EvtGen(v.1.6.0),"['Higgs', 'SM', 'SMHiggs', 'ZZ', 'mH125']",POWHEG+Herwig7 ttH production with H7UE tune',https://gitlab.cern.ch/atlas-physics/pmg/infrastructure/mc15joboptions/-/tree/master/share/DSID346xxx/MC15.346453.PhH7EG_H7UE_NNPDF30ME_ttH125_ZZ4l_semilep_noTau.py
346454,PhH7EG_H7UE_NNPDF30ME_ttH125_ZZ4l_dilep_noTau,e7320,0.5071,1.116e-05,1.0,30000.0,1642.5229841843247,92.3139535191453,ttH dilep H->ZZ->llll,Powheg+Herwig7(v.7.1.3p1)+EvtGen(v.1.6.0),"['Higgs', 'SM', 'SMHiggs', 'ZZ', 'mH125']",POWHEG+Herwig7 ttH production with H7UE tune',https://gitlab.cern.ch/atlas-physics/pmg/infrastructure/mc15joboptions/-/tree/master/share/DSID346xxx/MC15.346454.PhH7EG_H7UE_NNPDF30ME_ttH125_ZZ4l_dilep_noTau.py
346486,aMcAtNloPythia8EvtGen_tWH125_yy,e7425,0.0152,0.00227,1.0,30000.0,502.04050957039,56.36571144106817,tWH H->gamma gamma,aMcAtNlo+Pythia8(v.235)+EvtGen(v.1.6.0),"['higgs', 'thiggs']",aMcAtNlo tHW,https://gitlab.cern.ch/atlas-physics/pmg/infrastructure/mc15joboptions/-/tree/master/share/DSID346xxx/MC15.346486.aMcAtNloPythia8EvtGen_tWH125_yy.py
346511,aMcAtNloPythia8EvtGen_tWH125_ZZ4l,e7427,0.0152,0.0002745,1.0,30000.0,494.532629288733,56.45441954501523,tWH H->ZZ->4l,aMcAtNlo+Pythia8(v.235)+EvtGen(v.1.6.0),"['Higgs', 'SMHiggs', 'tHiggs']",aMcAtNlo tWH H4l decay,https://gitlab.cern.ch/atlas-physics/pmg/infrastructure/mc15joboptions/-/tree/master/share/DSID346xxx/MC15.346511.aMcAtNloPythia8EvtGen_tWH125_ZZ4l.py
346524,PowhegPythia8EvtGen_NNPDF3_AZNLO_ggZH125J_MINLO_ZinclWWlvlv,e7523,0.1227,0.02338,1.0,40000.0,2297.4008321762085,131.9512645920906,"gg->ZH, H->WW, Z->inclusive",Powheg+Pythia8(v.235)+EvtGen(v.1.6.0),"['Higgs', 'SM', 'SMHiggs', 'ZHiggs', 'mH125']",POWHEG+MiNLO+Pythia8 gg->ZH->Zinclvlv production,https://gitlab.cern.ch/atlas-physics/pmg/infrastructure/mc15joboptions/-/tree/master/share/DSID346xxx/MC15.346524.PowhegPythia8EvtGen_NNPDF3_AZNLO_ggZH125J_MINLO_ZinclWWlvlv.py
346525,PowhegPythia8EvtGen_A14NNPDF23_NNPDF30ME_ttH125_gamgam,e7488,0.5071,0.00227,1.0,120000.0,62958.108394145966,34009.02248739212,ttH H->gamma gamma,Powheg+Pythia8(v.235)+EvtGen(v.1.6.0),"['Higgs', 'SM', 'top']","POWHEG+Pythia8 ttH production with A14 NNPDF2.3 tune, H->yy'",https://gitlab.cern.ch/atlas-physics/pmg/infrastructure/mc15joboptions/-/tree/master/share/DSID346xxx/MC15.346525.PowhegPythia8EvtGen_A14NNPDF23_NNPDF30ME_ttH125_gamgam.py
346526,PowhegHerwig7EvtGen_H7UE_NNPDF30ME_ttH125_gamgam,e7488,0.5071,0.00227,1.0,130000.0,68248.67647886276,36843.066444129545,"ttH,  H->gamma gamma",Powheg+Herwig7+EvtGen(v.1.6.0),"['Higgs', 'SM', 'SMHiggs', 'mH125']",POWHEG+Herwig7 ttH production with H7UE tune',https://gitlab.cern.ch/atlas-physics/pmg/infrastructure/mc15joboptions/-/tree/master/share/DSID346xxx/MC15.346526.PowhegHerwig7EvtGen_H7UE_NNPDF30ME_ttH125_gamgam.py
346588,PowhegPythia8EvtGen_NNLOPS_nnlo_30_ggH125_ZZ4nu_MET75,e7628,28.3,0.001048,1.717,190000.0,5406591.767501831,154173006.76656854,GGF H->ZZ->4nu,Powheg+Pythia8(v.230)+EvtGen(v.1.6.0),"['Higgs', 'SMHiggs', 'ZZ']",125 GeV,https://gitlab.cern.ch/atlas-physics/pmg/infrastructure/mc15joboptions/-/tree/master/share/DSID346xxx/MC15.346588.PowhegPythia8EvtGen_NNLOPS_nnlo_30_ggH125_ZZ4nu_MET75.py
346601,aMcAtNloHerwig7EvtGen_MEN30NLO_ttH125_gamgam,e7612,0.5071,0.00227,1.0,90000.0,41385.409002780914,71856.05430917437,ttH H->gamma gamma,aMcAtNlo+Herwig7(v.7.1.3)+EvtGen(v.1.6.0),"['ttHiggs', 'ttbar', 'Higgs']","MG5_aMC@NLO+Herwig7+EvtGen ttbarH_inc OTF, H7p1 default tune, ME NNPDF 3.0 NLO",https://gitlab.cern.ch/atlas-physics/pmg/infrastructure/mc15joboptions/-/tree/master/share/DSID346xxx/MC15.346601.aMcAtNloHerwig7EvtGen_MEN30NLO_ttH125_gamgam.py
346602,aMcAtNloHerwig7EvtGen_MEN30NLO_tHjb125_gamgam,e7612,0.002879,0.00227,1.0,40000.0,2490.2733115255833,1102.7195065029978,tHjb H->gamma gamma,aMcAtNlo+Herwig7(v.7.1.3)+EvtGen(v.1.6.0),"['Higgs', 'tHiggs']",aMcAtNlo tHjb,https://gitlab.cern.ch/atlas-physics/pmg/infrastructure/mc15joboptions/-/tree/master/share/DSID346xxx/MC15.346602.aMcAtNloHerwig7EvtGen_MEN30NLO_tHjb125_gamgam.py
346605,PowhegPythia8EvtGen_NNPDF30_AZNLO_WpH125J_WinclHinv_MET75,e7641,0.84,0.001048,1.0,99000.0,85719.5636857748,76124.77526515702,"qq->WpH, H->inv, W->all",Powheg+Pythia8(v.230)+EvtGen(v.1.6.0),"['Higgs', 'SM', 'SMHiggs', 'mH125']",POWHEG+MiNLO+Pythia8 H+Wp+jet->inv+all production,https://gitlab.cern.ch/atlas-physics/pmg/infrastructure/mc15joboptions/-/tree/master/share/DSID346xxx/MC15.346605.PowhegPythia8EvtGen_NNPDF30_AZNLO_WpH125J_WinclHinv_MET75.py
346606,PowhegPythia8EvtGen_NNPDF30_AZNLO_WmH125J_WinclHinv_MET75,e7641,0.5328,0.001048,1.0,100000.0,54219.69895720482,30136.948312565488,"qq->WmH, H->inv, W->all",Powheg+Pythia8(v.230)+EvtGen(v.1.6.0),"['Higgs', 'SM', 'SMHiggs', 'mH125']",POWHEG+MiNLO+Pythia8 H+Wm+jet->inv+all production,https://gitlab.cern.ch/atlas-physics/pmg/infrastructure/mc15joboptions/-/tree/master/share/DSID346xxx/MC15.346606.PowhegPythia8EvtGen_NNPDF30_AZNLO_WmH125J_WinclHinv_MET75.py
346607,PowhegPythia8EvtGen_NNPDF30_AZNLO_ZH125J_ZinclHinv_MET75,e7641,0.7612,0.001048,1.0,140000.0,106994.03791832924,84305.75875403183,"qq->ZH, H->inv, Z->all",Powheg+Pythia8(v.230)+EvtGen(v.1.6.0),"['Higgs', 'SM', 'SMHiggs', 'mH125']",POWHEG+MiNLO+Pythia8 H+Z+jet->inv+all production,https://gitlab.cern.ch/atlas-physics/pmg/infrastructure/mc15joboptions/-/tree/master/share/DSID346xxx/MC15.346607.PowhegPythia8EvtGen_NNPDF30_AZNLO_ZH125J_ZinclHinv_MET75.py
346632,PowhegPy8EG_A14NNPDF23_NNPDF30ME_ttH125_ZZ4nu_semilep,e7667,0.5071,0.0004820800000000001,1.0,160000.0,83779.82234716415,45345.363316540075,ttH allhad H->inv,Powheg+Pythia8(v.230)+EvtGen(v.1.6.0),"['Higgs', 'SM', 'SMHiggs', 'mH125']",POWHEG+Pythia8 ttH (l+jets) production with A14 NNPDF2.3 tune',https://gitlab.cern.ch/atlas-physics/pmg/infrastructure/mc15joboptions/-/tree/master/share/DSID346xxx/MC15.346632.PowhegPy8EG_A14NNPDF23_NNPDF30ME_ttH125_ZZ4nu_semilep.py
346633,PowhegPy8EG_A14NNPDF23_NNPDF30ME_ttH125_ZZ4nu_allhad,e7629,0.5071,0.0004716000000000001,1.0,120000.0,28562.380838394165,7031.536074464384,ttH allhad H->inv,Powheg+Pythia8(v.230)+EvtGen(v.1.6.0),"['Higgs', 'SM', 'SMHiggs', 'ZZ', 'mH125']",POWHEG+Pythia8 ttH (allhad) production with A14 NNPDF2.3 tune',https://gitlab.cern.ch/atlas-physics/pmg/infrastructure/mc15joboptions/-/tree/master/share/DSID346xxx/MC15.346633.PowhegPy8EG_A14NNPDF23_NNPDF30ME_ttH125_ZZ4nu_allhad.py
346634,PowhegPy8EG_A14NNPDF23_NNPDF30ME_ttH125_ZZ4nu_dilep,e7629,0.5071,9.432e-05,1.0,40000.0,2186.5897724479437,123.08508950787711,ttH allhad H->inv,Powheg+Pythia8(v.230)+EvtGen(v.1.6.0),"['Higgs', 'SM', 'SMHiggs', 'ZZ', 'mH125']",POWHEG+Pythia8 ttH (dil) production with A14 NNPDF2.3 tune',https://gitlab.cern.ch/atlas-physics/pmg/infrastructure/mc15joboptions/-/tree/master/share/DSID346xxx/MC15.346634.PowhegPy8EG_A14NNPDF23_NNPDF30ME_ttH125_ZZ4nu_dilep.py
346645,PowhegPythia8EvtGen_NNPDF30_AZNLO_ZH125J_Zincl_MINLO_shw,e7735,0.7612,0.0002745,1.0,140000.0,106539.29890108109,84305.75875403183,"qq->ZH, H->4l, Z->all",Powheg+Pythia8(v.230)+EvtGen(v.1.6.0),"['Higgs', 'SM', 'SMHiggs', 'ZHiggs', 'mH125']","POWHEG+MiNLO+Pythia8 H+Z+jet production: Z->all, H->ZZ->4l with shower weights",https://gitlab.cern.ch/atlas-physics/pmg/infrastructure/mc15joboptions/-/tree/master/share/DSID346xxx/MC15.346645.PowhegPythia8EvtGen_NNPDF30_AZNLO_ZH125J_Zincl_MINLO_shw.py
346646,PowhegPythia8EvtGen_NNPDF30_AZNLO_WpH125J_Wincl_MINLO_shw,e7735,0.84,0.0002745,1.0,80000.0,68913.07845139503,61514.96991125836,"qq->WpH, H->4l, W->all",Powheg+Pythia8(v.230)+EvtGen(v.1.6.0),"['Higgs', 'SM', 'SMHiggs', 'mH125']",POWHEG+MiNLO+Pythia8 H+Wp+jet->4l+all production with shower weights,https://gitlab.cern.ch/atlas-physics/pmg/infrastructure/mc15joboptions/-/tree/master/share/DSID346xxx/MC15.346646.PowhegPythia8EvtGen_NNPDF30_AZNLO_WpH125J_Wincl_MINLO_shw.py
346647,PowhegPythia8EvtGen_NNPDF30_AZNLO_WmH125J_Wincl_MINLO_shw,e7735,0.54001,0.0002745,1.0,40000.0,21603.118414878845,12054.779325026222,"qq->WmH, H->4l, W->all",Powheg+Pythia8(v.230)+EvtGen(v.1.6.0),"['Higgs', 'SM', 'SMHiggs', 'mH125']",POWHEG+MiNLO+Pythia8 H+Wm+jet->4l+all production with shower weights,https://gitlab.cern.ch/atlas-physics/pmg/infrastructure/mc15joboptions/-/tree/master/share/DSID346xxx/MC15.346647.PowhegPythia8EvtGen_NNPDF30_AZNLO_WmH125J_Wincl_MINLO_shw.py
346726,PowhegHerwig7EvtGen_NNPDF3_AZNLO_ZH125J_MINLO_vvcc_VpT,e8021,0.7612,0.005782000000000001,1.0,180000.0,27067.58813271299,7451.589993087186,"qq->ZH, H->bb, Z->vv",Powheg+Herwig7(v.7.1.3p1)+EvtGen(v.1.6.0),"['Higgs', 'SM', 'SMHiggs', 'WHiggs', 'mH125']",POWHEG+MiNLO+Herwig7 H+Z-jet->vvccbbar production,https://gitlab.cern.ch/atlas-physics/pmg/infrastructure/mc15joboptions/-/tree/master/share/DSID346xxx/MC15.346726.PowhegHerwig7EvtGen_NNPDF3_AZNLO_ZH125J_MINLO_vvcc_VpT.py
346728,PowhegHerwig7EvtGen_NNPDF3_AZNLO_ggZH125J_vvcc,e8046,0.1227,0.005782000000000001,1.0,45000.0,511.8664987385273,5.822389634732102,"gg->ZH, H->bb, Z->vv",Powheg+Herwig7(v.7.1.3p1)+EvtGen(v.1.6.0),"['Higgs', 'SM', 'SMHiggs', 'WHiggs', 'mH125']",POWHEG+Herwig7 H+Z-jet->vvccbar production,https://gitlab.cern.ch/atlas-physics/pmg/infrastructure/mc15joboptions/-/tree/master/share/DSID346xxx/MC15.346728.PowhegHerwig7EvtGen_NNPDF3_AZNLO_ggZH125J_vvcc.py
346797,PhH7EG_H7UE_NNLOPS_nnlo_30_ggH125_gamgam,e7928,28.3,0.00227,1.717,2058000.0,58250523.1146698,1669933516.2440455,H->gamma gamma GGF production,Powheg+Herwig7.7.1.3+EvtGen.1.6.0,"['1jet', 'Higgs']",Powheg+Herwig7 H+jet production with NNLOPS and with H7UE tune',https://gitlab.cern.ch/atlas-physics/pmg/infrastructure/mc15joboptions/-/tree/master/share/DSID346xxx/MC15.346797.PhH7EG_H7UE_NNLOPS_nnlo_30_ggH125_gamgam.py
346802,PhH7EG_NNLOPS_nnlo_30_ggH125_WWlvlv_noTau,e7889,28.3,0.01055,1.717,1050000.0,29723461.270088196,852006896.0428699,H->WW->lnulnu GGF production,Powheg+Herwig7(v.7.1.3p1)+EvtGen(v.1.6.0),"['1jet', 'Higgs']",Powheg+Herwig7 H+jet production with NNLOPS and with H7UE tune',https://gitlab.cern.ch/atlas-physics/pmg/infrastructure/mc15joboptions/-/tree/master/share/DSID346xxx/MC15.346802.PhH7EG_NNLOPS_nnlo_30_ggH125_WWlvlv_noTau.py
346877,PhH7EG_NNPDF30_VBFH125_WWlvlv,e8006,3.782,0.02338,1.0,150000.0,560478.0266418457,2109284.878739709,VBF H->WW->llnunu,Powheg+Herwig7(v.7.1.3p1)+EvtGen(v.1.6.0),"['Higgs', 'SM', 'VBF', 'WW', 'mH125']",Powheg+Herwig7 VBF Higgs production with H7UE tune',https://gitlab.cern.ch/atlas-physics/pmg/infrastructure/mc15joboptions/-/tree/master/share/DSID346xxx/MC15.346877.PhH7EG_NNPDF30_VBFH125_WWlvlv.py
346878,PhH7EG_H7UE_NNPDF30_VBF125_gammagamma,e7929,3.782,0.00227,1.0,336000.0,1259855.7372982502,4783880.686822519,VBF H->gamma gamma,Powheg+Herwig7(v.7.1.3p1)+EvtGen(v.1.6.0),"['Higgs', 'SMHiggs', 'diphoton']",125 GeV CPS',https://gitlab.cern.ch/atlas-physics/pmg/infrastructure/mc15joboptions/-/tree/master/share/DSID346xxx/MC15.346878.PhH7EG_H7UE_NNPDF30_VBF125_gammagamma.py
346879,PhH7EG_H7UE_NNPDF30_ZH125J_Zincl_MINLO_gammagamma,e7929,0.7612,0.00227,1.0,100000.0,76105.91728067398,60218.380608603955,ZH H->gamma gamma,Powheg+Herwig7(v.7.1.3p1)+EvtGen(v.1.6.0),"['Higgs', 'SMHiggs', 'diphoton']",125 GeV ',https://gitlab.cern.ch/atlas-physics/pmg/infrastructure/mc15joboptions/-/tree/master/share/DSID346xxx/MC15.346879.PhH7EG_H7UE_NNPDF30_ZH125J_Zincl_MINLO_gammagamma.py
346880,PhH7EG_H7UE_NNPDF30_WmH125J_Wincl_MINLO_gammagamma,e7929,0.5328,0.00227,1.0,50000.0,26992.903938889503,15068.457795667324,WH H->gamma gamma,Powheg+Herwig7(v.7.1.3p1)+EvtGen(v.1.6.0),"['Higgs', 'SMHiggs', 'diphoton']",125 GeV',https://gitlab.cern.ch/atlas-physics/pmg/infrastructure/mc15joboptions/-/tree/master/share/DSID346xxx/MC15.346880.PhH7EG_H7UE_NNPDF30_WmH125J_Wincl_MINLO_gammagamma.py
346881,PhH7EG_H7UE_NNPDF30_WpH125J_Wincl_MINLO_gammagamma,e7929,0.84,0.00227,1.0,100000.0,86154.54241633415,76893.78556254451,WH H->gamma gamma,Powheg+Herwig7(v.7.1.3p1)+EvtGen(v.1.6.0),"['Higgs', 'SMHiggs', 'diphoton']",125 GeV',https://gitlab.cern.ch/atlas-physics/pmg/infrastructure/mc15joboptions/-/tree/master/share/DSID346xxx/MC15.346881.PhH7EG_H7UE_NNPDF30_WpH125J_Wincl_MINLO_gammagamma.py
346882,PhH7EG_H7UE_NNPDF30_ggZH125_gammagamma,e7929,0.1227,0.00227,1.0,40000.0,2297.399938106537,131.95116189030716,GGF ZH H->gamma gamma,Powheg+Herwig7(v.7.1.3p1)+EvtGen(v.1.6.0),"['Higgs', 'SMHiggs', 'diphoton']",125 GeV',https://gitlab.cern.ch/atlas-physics/pmg/infrastructure/mc15joboptions/-/tree/master/share/DSID346xxx/MC15.346882.PhH7EG_H7UE_NNPDF30_ggZH125_gammagamma.py
346919,PhPy8EG_A14NNPDF23_NNPDF30ME_ttH125_allhad_tautau_unpol,e8291,0.5071,0.0288512,1.0,150000.0,35782.2527885437,8789.42009308048,ttH allhad H->tautau unpolarized,Powheg+Pythia8(v.235)+EvtGen(v.1.6.0),"['Higgs', 'SM', 'top']",POWHEG+Pythia8.230 ttH (allhad) production with A14 NNPDF2.3 tune',https://gitlab.cern.ch/atlas-physics/pmg/infrastructure/mc15joboptions/-/tree/master/share/DSID346xxx/MC15.346919.PhPy8EG_A14NNPDF23_NNPDF30ME_ttH125_allhad_tautau_unpol.py
346923,PhPy8EG_A14NNPDF23_NNPDF30ME_ttH125_semilep_tautau_unpol,e8291,0.5071,0.028224,1.0,120000.0,63025.18591403961,34009.02248739212,ttH semilep H->tautau unpolarized,Powheg+Pythia8(v.235)+EvtGen(v.1.6.0),"['Higgs', 'SM', 'top']",POWHEG+Pythia8.230 ttH (semilep) production with A14 NNPDF2.3 tune',https://gitlab.cern.ch/atlas-physics/pmg/infrastructure/mc15joboptions/-/tree/master/share/DSID346xxx/MC15.346923.PhPy8EG_A14NNPDF23_NNPDF30ME_ttH125_semilep_tautau_unpol.py
346927,PhPy8EG_A14NNPDF23_NNPDF30ME_ttH125_dilep_tautau_unpol,e8291,0.5071,0.005644799999999999,1.0,80000.0,4373.179544895887,246.17017901569056,ttH dilep H->tautau unpolarized,Powheg+Pythia8(v.235)+EvtGen(v.1.6.0),"['Higgs', 'SM', 'top']",POWHEG+Pythia8.230 ttH (dilep) production with A14 NNPDF2.3 tune',https://gitlab.cern.ch/atlas-physics/pmg/infrastructure/mc15joboptions/-/tree/master/share/DSID346xxx/MC15.346927.PhPy8EG_A14NNPDF23_NNPDF30ME_ttH125_dilep_tautau_unpol.py
364242,Sherpa_222_NNPDF30NNLO_WWW_3l3v_EW6,e5887,0.0071985,1.0,1.0,165000.0,6265.5541434027255,267.90385601927915,WWW->lllnununu,Sherpa(v2.2.2),"['NLO', 'SM', 'jets', 'multilepton', 'triboson']","WWW (-> 3 charged leptons + 3 neutrinos) +Oj@NLO+1,2j@LO.",https://gitlab.cern.ch/atlas-physics/pmg/infrastructure/mc15joboptions/-/tree/master/share/DSID364xxx/MC15.364242.Sherpa_222_NNPDF30NNLO_WWW_3l3v_EW6.py
364243,Sherpa_222_NNPDF30NNLO_WWZ_4l2v_EW6,e5887,0.0017966,1.0,1.0,50000.0,580.1351767694578,7.485317369554475,WWZ->llllnunu,Sherpa(v2.2.2),"['NLO', 'SM', 'jets', 'multilepton', 'triboson']","WWZ (-> 4 charged leptons + 2 neutrinos) +Oj@NLO+1,2j@LO.",https://gitlab.cern.ch/atlas-physics/pmg/infrastructure/mc15joboptions/-/tree/master/share/DSID364xxx/MC15.364243.Sherpa_222_NNPDF30NNLO_WWZ_4l2v_EW6.py
364244,Sherpa_222_NNPDF30NNLO_WWZ_2l4v_EW6,e5887,0.0035467,1.0,1.0,50000.0,1153.606801604852,31.28911470154533,WWZ->llnunununu,Sherpa(v2.2.2),"['NLO', 'SM', 'jets', 'multilepton', 'triboson']","WWZ (-> 2 charged leptons + 4 neutrinos) +Oj@NLO+1,2j@LO.",https://gitlab.cern.ch/atlas-physics/pmg/infrastructure/mc15joboptions/-/tree/master/share/DSID364xxx/MC15.364244.Sherpa_222_NNPDF30NNLO_WWZ_2l4v_EW6.py
364245,Sherpa_222_NNPDF30NNLO_WZZ_5l1v_EW6,e5887,0.00018807,1.0,1.0,40000.0,147.14519001846202,0.6235739870875877,WZZ->lllllnu,Sherpa(v2.2.2),"['NLO', 'SM', 'jets', 'multilepton', 'triboson']","WZZ (-> 5 charged leptons + 1 neutrinos) +Oj@NLO+1,2j@LO.",https://gitlab.cern.ch/atlas-physics/pmg/infrastructure/mc15joboptions/-/tree/master/share/DSID364xxx/MC15.364245.Sherpa_222_NNPDF30NNLO_WZZ_5l1v_EW6.py
364246,Sherpa_222_NNPDF30NNLO_WZZ_3l3v_EW6,e5887,0.001668,0.44626,1.0,50000.0,1637.6374399848282,63.062738698195716,WZZ->lllnununu,Sherpa(v2.2.2),"['NLO', 'SM', 'jets', 'multilepton', 'triboson']","WZZ (-> 3 charged leptons + 3 neutrinos) +Oj@NLO+1,2j@LO.",https://gitlab.cern.ch/atlas-physics/pmg/infrastructure/mc15joboptions/-/tree/master/share/DSID364xxx/MC15.364246.Sherpa_222_NNPDF30NNLO_WZZ_3l3v_EW6.py
364247,Sherpa_222_NNPDF30NNLO_ZZZ_6l0v_EW6,e5887,1.45e-05,1.0,1.0,29800.0,34.814533495227806,0.0481091522656495,ZZZ->llllll,Sherpa(v2.2.2),"['NLO', 'SM', 'jets', 'multilepton', 'triboson']","ZZZ (-> 6 charged leptons + 0 neutrinos) +Oj@NLO+1,2j@LO.",https://gitlab.cern.ch/atlas-physics/pmg/infrastructure/mc15joboptions/-/tree/master/share/DSID364xxx/MC15.364247.Sherpa_222_NNPDF30NNLO_ZZZ_6l0v_EW6.py
364248,Sherpa_222_NNPDF30NNLO_ZZZ_4l2v_EW6,e5887,0.00038535,0.22426,1.0,10000.0,308.8892946969718,11.234815658951177,ZZZ->llllnunu,Sherpa(v2.2.2),"['NLO', 'SM', 'jets', 'multilepton', 'triboson']","ZZZ (-> 4 charged leptons + 2 neutrinos) +Oj@NLO+1,2j@LO.",https://gitlab.cern.ch/atlas-physics/pmg/infrastructure/mc15joboptions/-/tree/master/share/DSID364xxx/MC15.364248.Sherpa_222_NNPDF30NNLO_ZZZ_4l2v_EW6.py
364249,Sherpa_222_NNPDF30NNLO_ZZZ_2l4v_EW6,e5887,0.0003851,0.44451,1.0,30000.0,929.3267018124461,33.73442127453336,ZZZ->llnunununu,Sherpa(v2.2.2),"['NLO', 'SM', 'jets', 'multilepton', 'triboson']","ZZZ (-> 2 charged leptons + 4 neutrinos) +Oj@NLO+1,2j@LO.",https://gitlab.cern.ch/atlas-physics/pmg/infrastructure/mc15joboptions/-/tree/master/share/DSID364xxx/MC15.364249.Sherpa_222_NNPDF30NNLO_ZZZ_2l4v_EW6.py
364336,Sherpa_222_NNPDF30NNLO_WpWpWn_sslvlvjj_EW6,e6377,0.009607,0.4681,1.0,40000.0,3151.0821218788624,276.6681564960521,WWW->lllnununu+jets (VBF),Sherpa(v2.2.2),"['NLO', 'SM', 'jets', 'multilepton', 'triboson']","WWW (-> lvlv jj) +Oj@NLO+1,2j@LO.",https://gitlab.cern.ch/atlas-physics/pmg/infrastructure/mc15joboptions/-/tree/master/share/DSID364xxx/MC15.364336.Sherpa_222_NNPDF30NNLO_WpWpWn_sslvlvjj_EW6.py
364337,Sherpa_222_NNPDF30NNLO_WnWnWp_sslvlvjj_EW6,e6377,0.0053859,0.4626,1.0,30000.0,2340.2720647528768,196.63085645998547,WWW->lllnununu+jets (VBF),Sherpa(v2.2.2),"['NLO', 'SM', 'jets', 'multilepton', 'triboson']","WWW (-> lvlv jj) +Oj@NLO+1,2j@LO.",https://gitlab.cern.ch/atlas-physics/pmg/infrastructure/mc15joboptions/-/tree/master/share/DSID364xxx/MC15.364337.Sherpa_222_NNPDF30NNLO_WnWnWp_sslvlvjj_EW6.py
364338,Sherpa_222_NNPDF30NNLO_WpWpWn_oslvlvjj_EW6,e6377,0.043614,0.32568,1.0,15000.0,5388.975635737181,2156.304623429639,WWW->lllnununu+jets (VBF),Sherpa(v2.2.2),"['NLO', 'SM', 'jets', 'multilepton', 'triboson']","WWW (-> lvlv jj) +Oj@NLO+1,2j@LO.",https://gitlab.cern.ch/atlas-physics/pmg/infrastructure/mc15joboptions/-/tree/master/share/DSID364xxx/MC15.364338.Sherpa_222_NNPDF30NNLO_WpWpWn_oslvlvjj_EW6.py
364339,Sherpa_222_NNPDF30NNLO_WnWnWp_oslvlvjj_EW6,e6377,0.024695,0.32915,1.0,5000.0,1805.0084181427956,709.4099050563674,WWW->lllnununu+jets (VBF),Sherpa(v2.2.2),"['NLO', 'SM', 'jets', 'multilepton', 'triboson']","WWW (-> lvlv jj) +Oj@NLO+1,2j@LO.",https://gitlab.cern.ch/atlas-physics/pmg/infrastructure/mc15joboptions/-/tree/master/share/DSID364xxx/MC15.364339.Sherpa_222_NNPDF30NNLO_WnWnWp_oslvlvjj_EW6.py
364350,Sherpa_224_NNPDF30NNLO_Diphoton_myy_0_50,e7081,93.499,1.0,1.0,999600.0,872372.9069761503,1163737.9494309644,Diphoton,Sherpa,"['NLO', 'SM', 'diphoton']","Sherpa 2.2.4 gamma gamma + 0,1j@NLO + 2,3j@LO with m_yy<50.",https://gitlab.cern.ch/atlas-physics/pmg/infrastructure/mc15joboptions/-/tree/master/share/DSID364xxx/MC15.364350.Sherpa_224_NNPDF30NNLO_Diphoton_myy_0_50.py
364351,Sherpa_224_NNPDF30NNLO_Diphoton_myy_50_90,e6452,139.06,1.0,1.0,10213000.0,7664109.228006663,12656497.028564125,Diphoton,Sherpa(v2.2.4),"['NLO', 'SM', 'diphoton']","Sherpa 2.2.4 gamma gamma + 0,1j@NLO + 2,3j@LO with 50<m_yy<90.",https://gitlab.cern.ch/atlas-physics/pmg/infrastructure/mc15joboptions/-/tree/master/share/DSID364xxx/MC15.364351.Sherpa_224_NNPDF30NNLO_Diphoton_myy_50_90.py
364352,Sherpa_224_NNPDF30NNLO_Diphoton_myy_90_175,e6452,51.822,1.0,1.0,3830000.0,3083770.984963063,5585853.27312259,Diphoton,Sherpa(v2.2.4),"['NLO', 'SM', 'diphoton']","Sherpa 2.2.4 gamma gamma + 0,1j@NLO + 2,3j@LO with 90<m_yy<175.",https://gitlab.cern.ch/atlas-physics/pmg/infrastructure/mc15joboptions/-/tree/master/share/DSID364xxx/MC15.364352.Sherpa_224_NNPDF30NNLO_Diphoton_myy_90_175.py
364353,Sherpa_224_NNPDF30NNLO_Diphoton_myy_175_2000,e7081,10.999,1.0,1.0,900000.0,777915.1076651211,1517655.3104828394,Diphoton,Sherpa,"['NLO', 'SM', 'diphoton']","Sherpa 2.2.4 gamma gamma + 0,1j@NLO + 2,3j@LO with 175<m_yy<2000.",https://gitlab.cern.ch/atlas-physics/pmg/infrastructure/mc15joboptions/-/tree/master/share/DSID364xxx/MC15.364353.Sherpa_224_NNPDF30NNLO_Diphoton_myy_175_2000.py
364354,Sherpa_224_NNPDF30NNLO_Diphoton_myy_2000_E_CMS,e7081,0.00070335,1.0,1.0,50000.0,40519.60229003057,92716.2182422805,Diphoton,Sherpa,"['NLO', 'SM', 'diphoton']","Sherpa 2.2.4 gamma gamma + 0,1j@NLO + 2,3j@LO with m_yy>2000",https://gitlab.cern.ch/atlas-physics/pmg/infrastructure/mc15joboptions/-/tree/master/share/DSID364xxx/MC15.364354.Sherpa_224_NNPDF30NNLO_Diphoton_myy_2000_E_CMS.py
364541,Sherpa_222_NNPDF30NNLO_SinglePhoton_pty_17_35,e6788,415480.0,1.0,1.0,9979000.0,20759131595665.508,3.1452618372574246e+26,Single photon,Sherpa,"['NLO', 'SM', 'photon']","Sherpa gamma + 1,2j@NLO + 3,4j@LO with 17<pT_y<35.",https://gitlab.cern.ch/atlas-physics/pmg/infrastructure/mc15joboptions/-/tree/master/share/DSID364xxx/MC15.364541.Sherpa_222_NNPDF30NNLO_SinglePhoton_pty_17_35.py
364542,Sherpa_222_NNPDF30NNLO_SinglePhoton_pty_35_70,e6788,43976.0,1.0,1.0,9981000.0,5461639.09546622,49008281.15785069,Single photon,Sherpa,"['NLO', 'SM', 'photon']","Sherpa gamma + 1,2j@NLO + 3,4j@LO with 35<pT_y<70.",https://gitlab.cern.ch/atlas-physics/pmg/infrastructure/mc15joboptions/-/tree/master/share/DSID364xxx/MC15.364542.Sherpa_222_NNPDF30NNLO_SinglePhoton_pty_35_70.py
364543,Sherpa_222_NNPDF30NNLO_SinglePhoton_pty_70_140,e5938,4526.3,1.0,1.0,9947400.0,5976727.744547443,13859889.540110743,Single photon,Sherpa(v2.2.2),"['NLO', 'SM', 'photon']","Sherpa gamma + 1,2j@NLO + 3,4j@LO with 70<pT_y<140.",https://gitlab.cern.ch/atlas-physics/pmg/infrastructure/mc15joboptions/-/tree/master/share/DSID364xxx/MC15.364543.Sherpa_222_NNPDF30NNLO_SinglePhoton_pty_70_140.py
364544,Sherpa_222_NNPDF30NNLO_SinglePhoton_pty_140_280,e5938,376.03,1.0,1.0,9960000.0,6452863.915827926,17027845.187721223,Single photon,Sherpa(v2.2.2),"['NLO', 'SM', 'photon']","Sherpa gamma + 1,2j@NLO + 3,4j@LO with 140<pT_y<280.",https://gitlab.cern.ch/atlas-physics/pmg/infrastructure/mc15joboptions/-/tree/master/share/DSID364xxx/MC15.364544.Sherpa_222_NNPDF30NNLO_SinglePhoton_pty_140_280.py
364545,Sherpa_222_NNPDF30NNLO_SinglePhoton_pty_280_500,e5938,21.864,1.0,1.0,1680000.0,1125011.669308138,3132327.653848108,Single photon,Sherpa(v2.2.2),"['NLO', 'SM', 'photon']","Sherpa gamma + 1,2j@NLO + 3,4j@LO with 280<pT_y<500.",https://gitlab.cern.ch/atlas-physics/pmg/infrastructure/mc15joboptions/-/tree/master/share/DSID364xxx/MC15.364545.Sherpa_222_NNPDF30NNLO_SinglePhoton_pty_280_500.py
364546,Sherpa_222_NNPDF30NNLO_SinglePhoton_pty_500_1000,e5938,1.4637,1.0,1.0,120000.0,81194.21817992104,214928.55501714122,Single photon,Sherpa(v2.2.2),"['NLO', 'SM', 'photon']","Sherpa gamma + 1,2j@NLO + 3,4j@LO with 500<pT_y<1000.",https://gitlab.cern.ch/atlas-physics/pmg/infrastructure/mc15joboptions/-/tree/master/share/DSID364xxx/MC15.364546.Sherpa_222_NNPDF30NNLO_SinglePhoton_pty_500_1000.py
364547,Sherpa_222_NNPDF30NNLO_SinglePhoton_pty_1000_E_CMS,e6068,0.029854,1.0,1.0,120000.0,84266.9117586521,315498.71720000874,Single photon,Sherpa(v2.2.2),"['NLO', 'SM', 'photon']","Sherpa gamma + 1,2j@NLO + 3,4j@LO with 1000<pT_y<E_CMS.",https://gitlab.cern.ch/atlas-physics/pmg/infrastructure/mc15joboptions/-/tree/master/share/DSID364xxx/MC15.364547.Sherpa_222_NNPDF30NNLO_SinglePhoton_pty_1000_E_CMS.py
364700,Pythia8EvtGen_A14NNPDF23LO_jetjet_JZ0WithSW,e7142,78050000000.0,0.9753257,1.0,50035000.0,50035000.0,50035000.0,QCD jets,Pythia8(v.235)+EvtGen(v.1.6.0),"['QCD', 'SM', 'jets']","Dijet truth jet slice JZ0, with the A14 NNPDF23 LO tune",https://gitlab.cern.ch/atlas-physics/pmg/infrastructure/mc15joboptions/-/tree/master/share/DSID364xxx/MC15.364700.Pythia8EvtGen_A14NNPDF23LO_jetjet_JZ0WithSW.py
364701,Pythia8EvtGen_A14NNPDF23LO_jetjet_JZ1WithSW,e7142,78050000000.0,0.02442497,1.0,50089400.0,50089400.0,50089400.0,QCD jets,Pythia8(v.235)+EvtGen(v.1.6.0),"['QCD', 'SM', 'jets']","Dijet truth jet slice JZ1, with the A14 NNPDF23 LO tune",https://gitlab.cern.ch/atlas-physics/pmg/infrastructure/mc15joboptions/-/tree/master/share/DSID364xxx/MC15.364701.Pythia8EvtGen_A14NNPDF23LO_jetjet_JZ1WithSW.py
364702,Pythia8EvtGen_A14NNPDF23LO_jetjet_JZ2WithSW,e7142,2433000000.0,0.009863128,1.0,50019000.0,18501.16491868999,31.79465744622013,QCD jets,Pythia8(v.235)+EvtGen(v.1.6.0),"['QCD', 'SM', 'jets']","Dijet truth jet slice JZ2, with the A14 NNPDF23 LO tune",https://gitlab.cern.ch/atlas-physics/pmg/infrastructure/mc15joboptions/-/tree/master/share/DSID364xxx/MC15.364702.Pythia8EvtGen_A14NNPDF23LO_jetjet_JZ2WithSW.py
364703,Pythia8EvtGen_A14NNPDF23LO_jetjet_JZ3WithSW,e7142,26450000.0,0.01165833,1.0,50083000.0,364.7516766097338,0.008413246890465525,QCD jets,Pythia8(v.235)+EvtGen(v.1.6.0),"['QCD', 'SM', 'jets']","Dijet truth jet slice JZ3, with the A14 NNPDF23 LO tune",https://gitlab.cern.ch/atlas-physics/pmg/infrastructure/mc15joboptions/-/tree/master/share/DSID364xxx/MC15.364703.Pythia8EvtGen_A14NNPDF23LO_jetjet_JZ3WithSW.py
364704,Pythia8EvtGen_A14NNPDF23LO_jetjet_JZ4WithSW,e7142,254610.0,0.01336553,1.0,50085000.0,11.168376366926495,5.704019266065459e-06,QCD jets,Pythia8(v.235)+EvtGen(v.1.6.0),"['QCD', 'SM', 'jets']","Dijet truth jet slice JZ4, with the A14 NNPDF23 LO tune",https://gitlab.cern.ch/atlas-physics/pmg/infrastructure/mc15joboptions/-/tree/master/share/DSID364xxx/MC15.364704.Pythia8EvtGen_A14NNPDF23LO_jetjet_JZ4WithSW.py
364705,Pythia8EvtGen_A14NNPDF23LO_jetjet_JZ5WithSW,e7142,4553.2,0.01452648,1.0,4800000.0,0.08017748040116976,2.3764929220175114e-09,QCD jets,Pythia8(v.235)+EvtGen(v.1.6.0),"['QCD', 'SM', 'jets']","Dijet truth jet slice JZ5, with the A14 NNPDF23 LO tune",https://gitlab.cern.ch/atlas-physics/pmg/infrastructure/mc15joboptions/-/tree/master/share/DSID364xxx/MC15.364705.Pythia8EvtGen_A14NNPDF23LO_jetjet_JZ5WithSW.py
364706,Pythia8EvtGen_A14NNPDF23LO_jetjet_JZ6WithSW,e7142,257.54,0.0094734,1.0,180000.0,0.0005002326379773686,2.077106914406194e-12,QCD jets,Pythia8(v.235)+EvtGen(v.1.6.0),"['QCD', 'SM', 'jets']","Dijet truth jet slice JZ6, with the A14 NNPDF23 LO tune",https://gitlab.cern.ch/atlas-physics/pmg/infrastructure/mc15joboptions/-/tree/master/share/DSID364xxx/MC15.364706.Pythia8EvtGen_A14NNPDF23LO_jetjet_JZ6WithSW.py
364707,Pythia8EvtGen_A14NNPDF23LO_jetjet_JZ7WithSW,e7142,16.215,0.011099,1.0,90000.0,6.90543054291011e-05,7.437787469265996e-14,QCD jets,Pythia8(v.235)+EvtGen(v.1.6.0),"['QCD', 'SM', 'jets']","Dijet truth jet slice JZ7, with the A14 NNPDF23 LO tune",https://gitlab.cern.ch/atlas-physics/pmg/infrastructure/mc15joboptions/-/tree/master/share/DSID364xxx/MC15.364707.Pythia8EvtGen_A14NNPDF23LO_jetjet_JZ7WithSW.py
364708,Pythia8EvtGen_A14NNPDF23LO_jetjet_JZ8WithSW,e7142,0.62506,0.010156,1.0,150000.0,3.328138975798589e-05,9.279383343123572e-15,QCD jets,Pythia8(v.235)+EvtGen(v.1.6.0),"['QCD', 'SM', 'jets']","Dijet truth jet slice JZ8, with the A14 NNPDF23 LO tune",https://gitlab.cern.ch/atlas-physics/pmg/infrastructure/mc15joboptions/-/tree/master/share/DSID364xxx/MC15.364708.Pythia8EvtGen_A14NNPDF23LO_jetjet_JZ8WithSW.py
364709,Pythia8EvtGen_A14NNPDF23LO_jetjet_JZ9WithSW,e7142,0.019639,0.012057,1.0,60000.0,5.168126825364286e-06,5.168796530881692e-16,QCD jets,Pythia8(v.235)+EvtGen(v.1.6.0),"['QCD', 'SM', 'jets']","Dijet truth jet slice JZ9, with the A14 NNPDF23 LO tune",https://gitlab.cern.ch/atlas-physics/pmg/infrastructure/mc15joboptions/-/tree/master/share/DSID364xxx/MC15.364709.Pythia8EvtGen_A14NNPDF23LO_jetjet_JZ9WithSW.py
364710,Pythia8EvtGen_A14NNPDF23LO_jetjet_JZ10WithSW,e7142,0.0011962,0.005894,1.0,180000.0,7.2160529795218045e-06,3.186792478011385e-16,QCD jets,Pythia8(v.235)+EvtGen(v.1.6.0),"['QCD', 'SM', 'jets']","Dijet truth jet slice JZ10, with the A14 NNPDF23 LO tune",https://gitlab.cern.ch/atlas-physics/pmg/infrastructure/mc15joboptions/-/tree/master/share/DSID364xxx/MC15.364710.Pythia8EvtGen_A14NNPDF23LO_jetjet_JZ10WithSW.py
364711,Pythia8EvtGen_A14NNPDF23LO_jetjet_JZ11WithSW,e7142,4.23e-05,0.0026734,1.0,80000.0,1.6979495930996222e-06,3.808892761189547e-17,QCD jets,Pythia8(v.235)+EvtGen(v.1.6.0),"['QCD', 'SM', 'jets']","Dijet truth jet slice JZ11, with the A14 NNPDF23 LO tune",https://gitlab.cern.ch/atlas-physics/pmg/infrastructure/mc15joboptions/-/tree/master/share/DSID364xxx/MC15.364711.Pythia8EvtGen_A14NNPDF23LO_jetjet_JZ11WithSW.py
364712,Pythia8EvtGen_A14NNPDF23LO_jetjet_JZ12WithSW,e7142,1.04e-06,0.00042898,1.0,100000.0,1.233568661961927e-06,1.5624388844989534e-17,QCD jets,Pythia8(v.235)+EvtGen(v.1.6.0),"['QCD', 'SM', 'jets']","Dijet truth jet slice JZ12, with the A14 NNPDF23 LO tune",https://gitlab.cern.ch/atlas-physics/pmg/infrastructure/mc15joboptions/-/tree/master/share/DSID364xxx/MC15.364712.Pythia8EvtGen_A14NNPDF23LO_jetjet_JZ12WithSW.py
375884,MGPy8EG_A14N_GG_ttn1_2000_5000_200,e6351,0.00101,1.0,1.0,10000.0,10045.17650794983,10097.975940620332,"Gluino pair, gluino->tt neutralino",MadGraph5_aMC@NLO(v2.3.3.p1)+Pythia8(v8.212)+EvtGen(v1.6.0),"['gluino', 'neutralino', 'simplifiedmodel', 'susy', 'top']","Gluino pair production and decay via an off-shell stop, m_glu = 2000 GeV, m_stop = 5000 GeV, m_N1 = 200 GeV",https://gitlab.cern.ch/atlas-physics/pmg/infrastructure/mc15joboptions/-/tree/master/share/DSID375xxx/MC15.375884.MGPy8EG_A14N_GG_ttn1_2000_5000_200.py
376359,MGPy8EG_A14N23LO_SS_onestepCC_1600_900_200,e6899,0.000576,1.0,1.0,2000.0,2010.9154965877533,2023.8648699872094,"Squark pair, squark->q chargino, chargino->W neutralino",MadGraph(v.2.6.2)+Pythia8(v.230)+EvtGen,"['simplifiedmodel', 'squark', 'susy']","Squark production in simplified model, one-step decays through chargino, m_sq = 1600 GeV, m_C1 = 900 GeV, m_N1 = 200 GeV",https://gitlab.cern.ch/atlas-physics/pmg/infrastructure/mc15joboptions/-/tree/master/share/DSID376xxx/MC15.376359.MGPy8EG_A14N23LO_SS_onestepCC_1600_900_200.py
376518,MadGraphPythia8EvtGen_A14NNPDF23LO_GG_direct_2400_200,e6732,0.000128,1.0,1.0,2000.0,2005.3238459825516,2011.7787268184752,"Gluino pair, gluino->qq neutralino",MadGraph.2.6.1+Pythia8.230+EvtGen,"['simplifiedModel', 'gluino']","Gluino production, glu->qq+LSP in simplified model, m_glu = 2400 GeV, m_N1 = 200 GeV",https://gitlab.cern.ch/atlas-physics/pmg/infrastructure/mc15joboptions/-/tree/master/share/DSID376xxx/MC15.376518.MadGraphPythia8EvtGen_A14NNPDF23LO_GG_direct_2400_200.py
392202,MGPy8EG_A14N23LO_C1N2_WZ_500p0_100p0_3L_2L7,e6777,0.001516494563,0.78383,1.0,10000.0,10265.314082324505,10614.562390653962,Electroweakino WZ+neutralino,MadGraph.2.6.1+Pythia8.230+EvtGen,"['chargino', 'gaugino', 'neutralino', 'susy']","~chi1+/- ~chi20 production, decay via WZ in simplified model, m_C1N2 = 500 GeV, m_N1 = 1000 GeV",https://gitlab.cern.ch/atlas-physics/pmg/infrastructure/mc15joboptions/-/tree/master/share/DSID392xxx/MC15.392202.MGPy8EG_A14N23LO_C1N2_WZ_500p0_100p0_3L_2L7.py
394997,MGPy8EG_A14N23LO_SM_N2C1p_105_100_2L2MET75_MadSpin,e6708,0.06024227781,0.20789,1.0,20000.0,30746.782571434975,50720.47421382299,Compressed electroweakino,MadGraph(v.3.5.1)+Pythia8(v.309)+EvtGen(v2.1.1),"['gaugino', 'chargino', 'neutralino']",SUSY Simplified Model with compressed chargino/neutralino production and decays via W/Z with MadGraph/MadSpin/Pythia8/EvtGen,https://gitlab.cern.ch/atlas-physics/pmg/infrastructure/mc15joboptions/-/tree/master/share/DSID394xxx/MC15.394997.MGPy8EG_A14N23LO_SM_N2C1p_105_100_2L2MET75_MadSpin.py
398384,MGPy8EG_A14N23LO_C1N2N1_GGMHinoZh50_800_noFilter,e7808,0.0034614,1.0,1.0,40000.0,40000.0,40000.0,"Higgsino, GGM decays to gravitino",MadGraph(v.2.6.2)+Pythia8(v.230)+EvtGen,"['chargino', 'gravitino', 'neutralino', 'susy']","~hino pair production, decay to gravitino simplified model, m_C1N2 = 50 GeV, m_N1 = 800 GeV",https://gitlab.cern.ch/atlas-physics/pmg/infrastructure/mc15joboptions/-/tree/master/share/DSID398xxx/MC15.398384.MGPy8EG_A14N23LO_C1N2N1_GGMHinoZh50_800_noFilter.py
410081,MadGraphPythia8EvtGen_A14NNPDF23_ttbarWW,e4111,0.0080952,1.0,1.223425939,30000.0,30000.0,30000.0,ttWW,MadGraph5_aMC@NLO(v2.2.2.p6)+Pythia8(v8.186)+EvtGen(v1.2.0),"['sm', 'top', 'ttvv']",MadGraph_ttbarWW,https://gitlab.cern.ch/atlas-physics/pmg/infrastructure/mc15joboptions/-/tree/master/share/DSID410xxx/MC15.410081.MadGraphPythia8EvtGen_A14NNPDF23_ttbarWW.py
410082,MadGraphPythia8EvtGen_A14NNPDF23LO_ttgamma_noallhad,e4404,2.979,1.0,1.47,340000.0,340000.0,340000.0,tt+photon semi/dilep,MadGraph5_aMC@NLO(v2.2.3.p0)+Pythia8(v8.186)+EvtGen(v1.2.0),"['SM', 'lepton', 'top']","MG5_aMC@NLO+Pythia8 ttbar + gamma non-allhadronic, A14 tune, with EvtGen'",https://gitlab.cern.ch/atlas-physics/pmg/infrastructure/mc15joboptions/-/tree/master/share/DSID410xxx/MC15.410082.MadGraphPythia8EvtGen_A14NNPDF23LO_ttgamma_noallhad.py
410087,MadGraphPythia8EvtGen_A14NNPDF23LO_ttgamma_allhad,e4404,2.2287,1.0,1.47,199000.0,199000.0,199000.0,tt+photon allhad,MadGraph5_aMC@NLO(v2.2.3.p0)+Pythia8(v8.186)+EvtGen(v1.2.0),"['SM', 'allHadronic', 'top']","MG5_aMC@NLO+Pythia8 ttbar + gamma allhadronic, A14 tune, with EvtGen'",https://gitlab.cern.ch/atlas-physics/pmg/infrastructure/mc15joboptions/-/tree/master/share/DSID410xxx/MC15.410087.MadGraphPythia8EvtGen_A14NNPDF23LO_ttgamma_allhad.py
410155,aMcAtNloPythia8EvtGen_MEN30NLO_A14N23LO_ttW,e5070,0.54822,1.0,1.096,100000.0,54486.1498632431,74269.99889367796,ttW,MadGraph5_aMC@NLO(v2.3.3.p0)+Pythia8(v8.210)+EvtGen(v1.2.0),"['sm', 'ttw']",aMcAtNlo_ttW_NLO,https://gitlab.cern.ch/atlas-physics/pmg/infrastructure/mc15joboptions/-/tree/master/share/DSID410xxx/MC15.410155.aMcAtNloPythia8EvtGen_MEN30NLO_A14N23LO_ttW.py
410156,aMcAtNloPythia8EvtGen_MEN30NLO_A14N23LO_ttZnunu,e5070,0.15504,1.0,1.11,110000.0,16890.003273040056,11937.253498608563,"ttZ, Z->nunu",MadGraph5_aMC@NLO(v2.3.3.p0)+Pythia8(v8.210)+EvtGen(v1.2.0),"['sm', 'ttz']",aMcAtNlo_ttZqq_NLO,https://gitlab.cern.ch/atlas-physics/pmg/infrastructure/mc15joboptions/-/tree/master/share/DSID410xxx/MC15.410156.aMcAtNloPythia8EvtGen_MEN30NLO_A14N23LO_ttZnunu.py
410157,aMcAtNloPythia8EvtGen_MEN30NLO_A14N23LO_ttZqq,e5070,0.52821,1.0,1.11,150000.0,78235.38632452488,188900.99978747126,"ttZ, Z->qq",MadGraph5_aMC@NLO(v2.3.3.p0)+Pythia8(v8.210)+EvtGen(v1.2.0),"['sm', 'ttz']",aMcAtNlo_ttZnunu_NLO,https://gitlab.cern.ch/atlas-physics/pmg/infrastructure/mc15joboptions/-/tree/master/share/DSID410xxx/MC15.410157.aMcAtNloPythia8EvtGen_MEN30NLO_A14N23LO_ttZqq.py
410218,aMcAtNloPythia8EvtGen_MEN30NLO_A14N23LO_ttee,e5070,0.036864,1.0,1.12,70000.0,2585.2198036387563,421.94472719772057,tt+ee,MadGraph5_aMC@NLO(v2.3.3.p0)+Pythia8(v8.210)+EvtGen(v1.2.0),"['2lepton', 'sm', 'ttz']",aMcAtNlo_ttee_NLO,https://gitlab.cern.ch/atlas-physics/pmg/infrastructure/mc15joboptions/-/tree/master/share/DSID410xxx/MC15.410218.aMcAtNloPythia8EvtGen_MEN30NLO_A14N23LO_ttee.py
410219,aMcAtNloPythia8EvtGen_MEN30NLO_A14N23LO_ttmumu,e5070,0.036865,1.0,1.12,120000.0,4395.977054469287,723.6055587468422,tt+mumu,MadGraph5_aMC@NLO(v2.3.3.p0)+Pythia8(v8.210)+EvtGen(v1.2.0),"['2lepton', 'sm', 'ttz']",aMcAtNlo_ttmumu_NLO,https://gitlab.cern.ch/atlas-physics/pmg/infrastructure/mc15joboptions/-/tree/master/share/DSID410xxx/MC15.410219.aMcAtNloPythia8EvtGen_MEN30NLO_A14N23LO_ttmumu.py
410220,aMcAtNloPythia8EvtGen_MEN30NLO_A14N23LO_tttautau,e5070,0.036555,1.0,1.12,153200.0,5614.763797149062,910.2119364234169,tt+tautau,MadGraph5_aMC@NLO(v2.3.3.p0)+Pythia8(v8.210)+EvtGen(v1.2.0),"['2lepton', 'sm', 'ttz']",aMcAtNlo_tttautau_NLO,https://gitlab.cern.ch/atlas-physics/pmg/infrastructure/mc15joboptions/-/tree/master/share/DSID410xxx/MC15.410220.aMcAtNloPythia8EvtGen_MEN30NLO_A14N23LO_tttautau.py
410389,MadGraphPythia8EvtGen_A14NNPDF23_ttgamma_nonallhadronic,e6155,4.6243,1.0,1.16,490000.0,411.700269265566,0.34596934077934804,tt+photon,MadGraph5_aMC@NLO(v2.3.3.p1)+Pythia8(v8.212)+EvtGen(v1.6.0),"['lepton', 'photon', 'sm', 'top', 'ttv']",MadGraph ttgamma_nonallhadronic,https://gitlab.cern.ch/atlas-physics/pmg/infrastructure/mc15joboptions/-/tree/master/share/DSID410xxx/MC15.410389.MadGraphPythia8EvtGen_A14NNPDF23_ttgamma_nonallhadronic.py
410395,MGH7EG_H7UE_ttgamma_nonallhadronic,e6416,4.6236,1.0,1.0,450000.0,2080880.9182243347,9623918.888394007,"tt+photon, 1/2 leptons",MadGraph5_aMC@NLO(v2.3.3.p1)+Herwig7(v7.0.4)+EvtGen(v1.6.0),"['lepton', 'photon', 'sm', 'top', 'ttv']",MadGraph+Herwig704_ttgamma_nonallhadronic parton showering systematics',https://gitlab.cern.ch/atlas-physics/pmg/infrastructure/mc15joboptions/-/tree/master/share/DSID410xxx/MC15.410395.MGH7EG_H7UE_ttgamma_nonallhadronic.py
410396,MGH7EG_H7UE_ttgamma_allhadronic,e6472,3.6279,1.0,1.0,300000.0,1087613.736152649,3943109.8337893174,"tt+photon, no leptons",MadGraph5_aMC@NLO(v2.3.3.p1)+Herwig7(v7.0.4)+EvtGen(v1.6.0),"['allhadronic', 'jets', 'photon', 'sm', 'top', 'ttv']",MadGraph+Herwig7_ttgamma_allhadronic parton showering systematics',https://gitlab.cern.ch/atlas-physics/pmg/infrastructure/mc15joboptions/-/tree/master/share/DSID410xxx/MC15.410396.MGH7EG_H7UE_ttgamma_allhadronic.py
410408,aMcAtNloPythia8EvtGen_tWZ_Ztoll_minDR1,e6423,0.016071,1.0,1.0,30000.0,486.186367187649,25.635645446031482,tWZ Z->leptons,MadGraph5_aMC@NLO(v2.3.3.p1)+Pythia8(v8.212)+EvtGen(v1.2.0),"['sm', 'top']",MG5aMCatNLO/Pythia8 tWZ minDR1,https://gitlab.cern.ch/atlas-physics/pmg/infrastructure/mc15joboptions/-/tree/master/share/DSID410xxx/MC15.410408.aMcAtNloPythia8EvtGen_tWZ_Ztoll_minDR1.py
410470,PhPy8EG_A14_ttbar_hdamp258p75_nonallhad,e6337,729.77,0.5437965,1.139756362,32890000.0,24014984445.816772,17816963736313.004,ttbar,Powheg+Pythia8(v8.230)+EvtGen(v1.6.0),"['SM', 'lepton', 'top', 'ttbar']","POWHEG+Pythia8 ttbar production with Powheg hdamp equal 1.5*top mass, A14 tune, at least one lepton filter, ME NNPDF30 NLO, A14 NNPDF23 LO from DSID 410450 LHE files with Shower Weights added '",https://gitlab.cern.ch/atlas-physics/pmg/infrastructure/mc15joboptions/-/tree/master/share/DSID410xxx/MC15.410470.PhPy8EG_A14_ttbar_hdamp258p75_nonallhad.py
410471,PhPy8EG_A14_ttbar_hdamp258p75_allhad,e6337,729.77,0.4562069,1.139740744,17371000.0,12684451756.43042,9410150225002.22,ttbar,Powheg+Pythia8(v8.230)+EvtGen(v1.6.0),"['SM', 'lepton', 'top', 'ttbar']","POWHEG+Pythia8 ttbar production with Powheg hdamp equal 1.5*top mass, A14 tune, veto the at least one lepton filter, ME NNPDF30 NLO, A14 NNPDF23 LO from DSID 410450 LHE files with Shower Weights added '",https://gitlab.cern.ch/atlas-physics/pmg/infrastructure/mc15joboptions/-/tree/master/share/DSID410xxx/MC15.410471.PhPy8EG_A14_ttbar_hdamp258p75_allhad.py
410560,MadGraphPythia8EvtGen_A14_tZ_4fl_tchan_noAllHad,e5803,0.24041,1.0,1.0,129200.0,5.65213616573601,0.0002472682921567039,t-channel tZ,MadGraph+Pythia8+EvtGen,"['SM', 'lepton', 'singleTop', 'tZ']",MG+Pythia8  single top + Z production with A14 tune',https://gitlab.cern.ch/atlas-physics/pmg/infrastructure/mc15joboptions/-/tree/master/share/DSID410xxx/MC15.410560.MadGraphPythia8EvtGen_A14_tZ_4fl_tchan_noAllHad.py
410644,PowhegPythia8EvtGen_A14_singletop_schan_lept_top,e6527,2.027,1.0,1.017,180000.0,365019.08067941666,742686.2738178828,s-channel single top,Powheg+EvtGen(v1.6.0),"['sChannel', 'singleTop', 'top']","POWHEG+Pythia8+EvtGen single-top-quark s-channel production (top), inclusive, A14 tune, ME NNPDF30 NLO, A14 NNPDF23 LO'",https://gitlab.cern.ch/atlas-physics/pmg/infrastructure/mc15joboptions/-/tree/master/share/DSID410xxx/MC15.410644.PowhegPythia8EvtGen_A14_singletop_schan_lept_top.py
410645,PowhegPythia8EvtGen_A14_singletop_schan_lept_antitop,e6527,1.2674,1.0,1.0167,120000.0,152312.88860154152,195374.24900108838,s-channel single anti-top,Powheg+EvtGen(v1.6.0),"['sChannel', 'singleTop', 'top']","POWHEG+Pythia8+EvtGen single-top-quark s-channel production (anti-top), inclusive, A14 tune, ME NNPDF30 NLO, A14 NNPDF23 LO'",https://gitlab.cern.ch/atlas-physics/pmg/infrastructure/mc15joboptions/-/tree/master/share/DSID410xxx/MC15.410645.PowhegPythia8EvtGen_A14_singletop_schan_lept_antitop.py
410658,PhPy8EG_A14_tchan_BW50_lept_top,e6671,36.996,1.0,1.1935,3360000.0,124412662.10998063,4978964942.567033,t-channel single top,Powheg+Pythia8.230+EvtGen,"['SM', 'lepton', 'top']","POWHEG+Pythia8+EvtGen single-top-quark t-channel (2->3) production (top),MadSpin, A14 tune, ME NNPDF3.04f NLO, A14 NNPDF23 LO'",https://gitlab.cern.ch/atlas-physics/pmg/infrastructure/mc15joboptions/-/tree/master/share/DSID410xxx/MC15.410658.PhPy8EG_A14_tchan_BW50_lept_top.py
410659,PhPy8EG_A14_tchan_BW50_lept_antitop,e6671,22.173,1.0,1.1849,2000000.0,44399910.88976225,1041649129.1719428,t-channel single top,Powheg+Pythia8.230+EvtGen,"['SM', 'lepton', 'top']","POWHEG+Pythia8+EvtGen single-top-quark t-channel (2->3) production (top),MadSpin, A14 tune, ME NNPDF3.04f NLO, A14 NNPDF23 LO'",https://gitlab.cern.ch/atlas-physics/pmg/infrastructure/mc15joboptions/-/tree/master/share/DSID410xxx/MC15.410659.PhPy8EG_A14_tchan_BW50_lept_antitop.py
411233,PowhegHerwig7EvtGen_tt_hdamp258p75_713_SingleLep,e7580,730.15,0.4384847,1.0,6509000.0,4753029982.556152,3525981849268.7217,ttbar single lep,Powheg+Herwig7.7.1.3+EvtGen.1.6.0,"['SM', 'lepton', 'top', 'ttbar']","PowhegBox+Herwig7 7.1 ttbar production with Powheg hdamp equal top mass, H7.1-Default tune, exactly one lepton filter, with EvtGen",https://gitlab.cern.ch/atlas-physics/pmg/infrastructure/mc15joboptions/-/tree/master/share/DSID411xxx/MC15.411233.PowhegHerwig7EvtGen_tt_hdamp258p75_713_SingleLep.py
411234,PowhegHerwig7EvtGen_tt_hdamp258p75_713_dil,e7580,730.15,0.1053784,1.0,3295000.0,2406006264.172119,1784983843618.049,ttbar dilep,Powheg+Herwig7.7.1.3+EvtGen.1.6.0,"['SM', 'lepton', 'top', 'ttbar']","PowhegBox+Herwig7 7.1 ttbar production with Powheg hdamp equal top mass, H7.1-Default tune, exactly two leptons filter, with EvtGen",https://gitlab.cern.ch/atlas-physics/pmg/infrastructure/mc15joboptions/-/tree/master/share/DSID411xxx/MC15.411234.PowhegHerwig7EvtGen_tt_hdamp258p75_713_dil.py
411316,PowhegHerwig7EvtGen_tt_hdamp258p75_713_allhad,e7765,730.14,0.4561504,1.0,24182000.0,17656882813.30188,13100240490984.008,ttbar no leptons,Powheg+Herwig7.7.1.3+EvtGen.1.6.0,"['SM', 'lepton', 'top', 'ttbar']","PowhegBox+Herwig7 7.1 ttbar production with Powheg hdamp equal top mass, H7.1-Default tune, zero lepton filter, with EvtGen",https://gitlab.cern.ch/atlas-physics/pmg/infrastructure/mc15joboptions/-/tree/master/share/DSID411xxx/MC15.411316.PowhegHerwig7EvtGen_tt_hdamp258p75_713_allhad.py
412043,aMcAtNloPythia8EvtGen_A14NNPDF31_SM4topsNLO,e7101,0.010673,1.0,1.1267,160000.0,1705.092572228983,148.21726402934013,tttt,aMcAtNlo+Pythia8(v.230)+EvtGen,"['4top', 'nlo', 'sm', 'top']",aMcAtNlo_SM4topsNLO,https://gitlab.cern.ch/atlas-physics/pmg/infrastructure/mc15joboptions/-/tree/master/share/DSID412xxx/MC15.412043.aMcAtNloPythia8EvtGen_A14NNPDF31_SM4topsNLO.py
412044,aMcAtNloHerwig7EvtGen_H7UE_SM4topsNLO,e7102,0.010689,1.0,1.1183,160000.0,1716.8262832909822,96.36576008936854,tttt,aMcAtNlo+Herwig7+EvtGen(v.1.6.0),"['4top', 'nlo', 'sm', 'top']",aMcAtNlo_SM4topsNLO,https://gitlab.cern.ch/atlas-physics/pmg/infrastructure/mc15joboptions/-/tree/master/share/DSID412xxx/MC15.412044.aMcAtNloHerwig7EvtGen_H7UE_SM4topsNLO.py
423099,Pythia8EvtGen_A14NNPDF23LO_gammajet_DP8_17,e4453,172340000000.0,3.21e-05,1.0,2996000.0,2996000.0,2996000.0,QCD direct photon production,Pythia8(v8.186)+EvtGen(v1.2.0),"['QCD', 'egamma', 'jets', 'performance', 'photon']","Pythia8 gammajet sample. jetjet, gamma+jet events with at least one hard process or parton shower photon with 8 < pT < 17 (GeV)",https://gitlab.cern.ch/atlas-physics/pmg/infrastructure/mc15joboptions/-/tree/master/share/DSID423xxx/MC15.423099.Pythia8EvtGen_A14NNPDF23LO_gammajet_DP8_17.py
423100,Pythia8EvtGen_A14NNPDF23LO_gammajet_DP17_35,e3791,16715000000.0,2.87e-05,1.0,2218000.0,2218000.0,2218000.0,QCD direct photon production,Pythia8(v8.186)+EvtGen(v1.2.0),"['QCD', 'egamma', 'jets', 'performance', 'photon']","Pythia8 gammajet sample. jetjet, gamma+jet events with at least one hard process or parton shower photon with 17 < pT < 35 (GeV)",https://gitlab.cern.ch/atlas-physics/pmg/infrastructure/mc15joboptions/-/tree/master/share/DSID423xxx/MC15.423100.Pythia8EvtGen_A14NNPDF23LO_gammajet_DP17_35.py
423101,Pythia8EvtGen_A14NNPDF23LO_gammajet_DP35_50,e3904,1396500000.0,2.51e-05,1.0,2248000.0,2248000.0,2248000.0,QCD direct photon production,Pythia8(v8.186)+EvtGen(v1.2.0),"['QCD', 'egamma', 'jets', 'performance', 'photon']","Pythia8 gammajet sample. jetjet, gamma+jet events with at least one hard process or parton shower photon with 35 < pT < 50 (GeV)",https://gitlab.cern.ch/atlas-physics/pmg/infrastructure/mc15joboptions/-/tree/master/share/DSID423xxx/MC15.423101.Pythia8EvtGen_A14NNPDF23LO_gammajet_DP35_50.py
423102,Pythia8EvtGen_A14NNPDF23LO_gammajet_DP50_70,e3791,379540000.0,2.67e-05,1.0,2993000.0,2993000.0,2993000.0,QCD direct photon production,Pythia8(v8.186)+EvtGen(v1.2.0),"['QCD', 'egamma', 'jets', 'performance', 'photon']","Pythia8 gammajet sample. jetjet, gamma+jet events with at least one hard process or parton shower photon with 50 < pT < 70 (GeV)",https://gitlab.cern.ch/atlas-physics/pmg/infrastructure/mc15joboptions/-/tree/master/share/DSID423xxx/MC15.423102.Pythia8EvtGen_A14NNPDF23LO_gammajet_DP50_70.py
423103,Pythia8EvtGen_A14NNPDF23LO_gammajet_DP70_140,e3791,106210000.0,3.93e-05,1.0,1989000.0,1989000.0,1989000.0,QCD direct photon production,Pythia8(v8.186)+EvtGen(v1.2.0),"['QCD', 'egamma', 'jets', 'performance', 'photon']","Pythia8 gammajet sample. jetjet, gamma+jet events with at least one hard process or parton shower photon with 70 < pT < 140 (GeV)",https://gitlab.cern.ch/atlas-physics/pmg/infrastructure/mc15joboptions/-/tree/master/share/DSID423xxx/MC15.423103.Pythia8EvtGen_A14NNPDF23LO_gammajet_DP70_140.py
423104,Pythia8EvtGen_A14NNPDF23LO_gammajet_DP140_280,e3791,6704600.0,4.94e-05,1.0,1995000.0,1995000.0,1995000.0,QCD direct photon production,Pythia8(v8.186)+EvtGen(v1.2.0),"['QCD', 'egamma', 'jets', 'performance', 'photon']","Pythia8 gammajet sample. jetjet, gamma+jet events with at least one hard process or parton shower photon with 140 < pT < 280 (GeV)",https://gitlab.cern.ch/atlas-physics/pmg/infrastructure/mc15joboptions/-/tree/master/share/DSID423xxx/MC15.423104.Pythia8EvtGen_A14NNPDF23LO_gammajet_DP140_280.py
423105,Pythia8EvtGen_A14NNPDF23LO_gammajet_DP280_500,e3791,344260.0,5.59e-05,1.0,1428000.0,1428000.0,1428000.0,QCD direct photon production,Pythia8(v8.186)+EvtGen(v1.2.0),"['QCD', 'egamma', 'jets', 'performance', 'photon']","Pythia8 gammajet sample. jetjet, gamma+jet events with at least one hard process or parton shower photon with 280 < pT < 500 (GeV)",https://gitlab.cern.ch/atlas-physics/pmg/infrastructure/mc15joboptions/-/tree/master/share/DSID423xxx/MC15.423105.Pythia8EvtGen_A14NNPDF23LO_gammajet_DP280_500.py
423106,Pythia8EvtGen_A14NNPDF23LO_gammajet_DP500_800,e3791,23729.0,5.29e-05,1.0,150000.0,150000.0,150000.0,QCD direct photon production,Pythia8(v8.186)+EvtGen(v1.2.0),"['QCD', 'egamma', 'jets', 'performance', 'photon']","Pythia8 gammajet sample. jetjet, gamma+jet events with at least one hard process or parton shower photon with 500 < pT < 800 (GeV)",https://gitlab.cern.ch/atlas-physics/pmg/infrastructure/mc15joboptions/-/tree/master/share/DSID423xxx/MC15.423106.Pythia8EvtGen_A14NNPDF23LO_gammajet_DP500_800.py
423107,Pythia8EvtGen_A14NNPDF23LO_gammajet_DP800_1000,e4453,2286.9,3.49e-05,1.0,80000.0,80000.0,80000.0,QCD direct photon production,Pythia8(v8.186)+EvtGen(v1.2.0),"['QCD', 'egamma', 'jets', 'performance', 'photon']","Pythia8 gammajet sample. jetjet, gamma+jet events with at least one hard process or parton shower photon with 800 < pT < 1000 (GeV)",https://gitlab.cern.ch/atlas-physics/pmg/infrastructure/mc15joboptions/-/tree/master/share/DSID423xxx/MC15.423107.Pythia8EvtGen_A14NNPDF23LO_gammajet_DP800_1000.py
423108,Pythia8EvtGen_A14NNPDF23LO_gammajet_DP1000_1500,e4453,702.03,3.69e-05,1.0,98000.0,98000.0,98000.0,QCD direct photon production,Pythia8(v8.186)+EvtGen(v1.2.0),"['QCD', 'egamma', 'jets', 'performance', 'photon']","Pythia8 gammajet sample. jetjet, gamma+jet events with at least one hard process or parton shower photon with 1000 < pT < 1500 (GeV)",https://gitlab.cern.ch/atlas-physics/pmg/infrastructure/mc15joboptions/-/tree/master/share/DSID423xxx/MC15.423108.Pythia8EvtGen_A14NNPDF23LO_gammajet_DP1000_1500.py
423109,Pythia8EvtGen_A14NNPDF23LO_gammajet_DP1500_2000,e4453,39.345,3.71e-05,1.0,30000.0,30000.0,30000.0,QCD direct photon production,Pythia8(v8.186)+EvtGen(v1.2.0),"['QCD', 'egamma', 'jets', 'performance', 'photon']","Pythia8 gammajet sample. jetjet, gamma+jet events with at least one hard process or parton shower photon with 1500 < pT < 2000 (GeV)",https://gitlab.cern.ch/atlas-physics/pmg/infrastructure/mc15joboptions/-/tree/master/share/DSID423xxx/MC15.423109.Pythia8EvtGen_A14NNPDF23LO_gammajet_DP1500_2000.py
423110,Pythia8EvtGen_A14NNPDF23LO_gammajet_DP2000_2500,e4453,3.3277,3.43e-05,1.0,20000.0,20000.0,20000.0,QCD direct photon production,Pythia8(v8.186)+EvtGen(v1.2.0),"['QCD', 'egamma', 'jets', 'performance', 'photon']","Pythia8 gammajet sample. jetjet, gamma+jet events with at least one hard process or parton shower photon with 2000 < pT < 2500 (GeV)",https://gitlab.cern.ch/atlas-physics/pmg/infrastructure/mc15joboptions/-/tree/master/share/DSID423xxx/MC15.423110.Pythia8EvtGen_A14NNPDF23LO_gammajet_DP2000_2500.py
423111,Pythia8EvtGen_A14NNPDF23LO_gammajet_DP2500_3000,e4453,0.32495,3.03e-05,1.0,30000.0,30000.0,30000.0,QCD direct photon production,Pythia8(v8.186)+EvtGen(v1.2.0),"['QCD', 'egamma', 'jets', 'performance', 'photon']","Pythia8 gammajet sample. jetjet, gamma+jet events with at least one hard process or parton shower photon with 2500 < pT < 3000 (GeV)",https://gitlab.cern.ch/atlas-physics/pmg/infrastructure/mc15joboptions/-/tree/master/share/DSID423xxx/MC15.423111.Pythia8EvtGen_A14NNPDF23LO_gammajet_DP2500_3000.py
423112,Pythia8EvtGen_A14NNPDF23LO_gammajet_DP3000_inf,e4453,0.03148,2.87e-05,1.0,20000.0,20000.0,20000.0,QCD direct photon production,Pythia8(v8.186)+EvtGen(v1.2.0),"['QCD', 'egamma', 'jets', 'performance', 'photon']","Pythia8 gammajet sample. jetjet, gamma+jet events with at least one hard process or parton shower photon with pT > 3000 (GeV)",https://gitlab.cern.ch/atlas-physics/pmg/infrastructure/mc15joboptions/-/tree/master/share/DSID423xxx/MC15.423112.Pythia8EvtGen_A14NNPDF23LO_gammajet_DP3000_inf.py
448624,MGPy8EG_A14N23LO_TT_higgsinoRPV_1075_700,e7337,0.00399,1.0,1.0,10000.0,10119.618152856827,10263.433300881117,"Higgsino, RPV decays",MadGraph(v.2.6.2)+Pythia8+EvtGen(v.1.6.0),"['higgsino', 'rpv', 'stop', 'susy']","Stop pair production and decay to chargino/neutralino, which decay via RPV lampp332 coupling, m_stop = 1075 GeV, m_N1 = 700 GeV, m_C1 = 700 GeV, m_N2 = 700 GeV",https://gitlab.cern.ch/atlas-physics/pmg/infrastructure/mc15joboptions/-/tree/master/share/DSID448xxx/MC15.448624.MGPy8EG_A14N23LO_TT_higgsinoRPV_1075_700.py
449595,MGPy8EG_A14N23LO_TT_RPVdirectBL_1400,e7562,0.000473,1.0,1.0,10000.0,10079.364091217518,10173.82627437142,"Stop pair, Stop->bl",MadGraph(v.2.6.2)+Pythia8(v.230)+EvtGen,"['simplifiedmodel', 'susy']","Stop direct pair production, st->b+L in simplified model, m_stop = 1400 GeV",https://gitlab.cern.ch/atlas-physics/pmg/infrastructure/mc15joboptions/-/tree/master/share/DSID449xxx/MC15.449595.MGPy8EG_A14N23LO_TT_RPVdirectBL_1400.py
450576,PowhegPythia8EvtGen_NNLOPS_nnlo_30_VBFH125_ZZllbb,e7416,3.782,0.0005338,1.0,50000.0,187525.93218946457,717734.0469757266,VBF H->ZZ->llbb,Powheg+Pythia8(v.230)+EvtGen(v.1.6.0),"['Higgs', 'SM', 'SMHiggs', 'ZZ', 'mH125']",125 GeV,https://gitlab.cern.ch/atlas-physics/pmg/infrastructure/mc15joboptions/-/tree/master/share/DSID450xxx/MC15.450576.PowhegPythia8EvtGen_NNLOPS_nnlo_30_VBFH125_ZZllbb.py
500335,MGH7EG_VBFHWWlvlv,e7954,3.782,0.02302,1.0,149000.0,12292.896739453077,4224.014010111432,VBF H->WW->llnunu,MadGraph(v.2.6.7p3.atlas4)+Herwig7(v.7.1.6p3)+EvtGen(v.1.7.0),"['Higgs', 'SM', 'VBF', 'WW', 'mH125']",MG+Herwig7 VBF Higgs production with H7UE tune',https://gitlab.cern.ch/atlas-physics/pmg/mcjoboptions/-/blob/master/500xxx/500335/mc.MGH7EG_VBFHWWlvlv.py
500553,aMCPy8EG_ZH_FxFx_Hyy,e8259,0.23306,0.00227,1.0,50000.0,27014.50129032135,29889.462971960187,ZH H->gamma gamma,aMcAtNlo+Pythia8(v.244p3.rangefix)+EvtGen(v.1.7.0),"['BSM', 'Higgs', 'ZH', 'jets', 'mH125', 'resonance']",ZH 125 GeV Higgs FxFx merged production decaying to gammagamma.,https://gitlab.cern.ch/atlas-physics/pmg/mcjoboptions/-/blob/master/500xxx/500553/mc.aMCPy8EG_ZH_FxFx_Hyy.py
500554,aMCPy8EG_WH_FxFx_Hyy,e8259,0.4736,1.0,1.0,40000.0,43894.24421167374,94603.31152789258,"WH H->gamma gamma, W->lnu",aMcAtNlo+Pythia8(v.244p3.rangefix)+EvtGen(v.1.7.0),"['BSM', 'Higgs', 'ZH', 'jets', 'mH125', 'resonance']","WH, W to leptons, 125 GeV Higgs FxFx merged production decaying to gammagamma.",https://gitlab.cern.ch/atlas-physics/pmg/mcjoboptions/-/blob/master/500xxx/500554/mc.aMCPy8EG_WH_FxFx_Hyy.py
500555,aMCPy8EG_ggZH_Hyy,e8259,0.015878,1.0,1.0,40000.0,635.1185292005539,10.084424548114693,"ZH H->gamma gamma, Z->ll or nunu",aMcAtNlo+Pythia8(v.244p3.rangefix)+EvtGen(v.1.7.0),"['BSM', 'Higgs', 'ZH', 'jets', 'mH125', 'resonance']",ggZH 125 GeV Higgs production decaying to gammagamma.,https://gitlab.cern.ch/atlas-physics/pmg/mcjoboptions/-/blob/master/500xxx/500555/mc.aMCPy8EG_ggZH_Hyy.py
501058,MGPy8EG_StauStauDirect_200p0_1p0_TFilt,e8263,0.030314,0.67784,1.0,50000.0,1860.7677861228585,74.08355829450205,"Stau pair, stau->tau neutralino",MadGraph(v.2.7.3p3.atlas6)+Pythia8(v.244p3.rangefix)+EvtGen(v.1.7.0),"['stau', 'susy']","Direct stau-pair production in simplified model, m_stauLR = 200 GeV, m_N1 = 1 GeV",https://gitlab.cern.ch/atlas-physics/pmg/mcjoboptions/-/blob/master/501xxx/501058/mc.MGPy8EG_StauStauDirect_200p0_1p0_TFilt.py
506098,aMCPy8EG_WpH_FxFx_Htautau,e8307,0.90303,1.0,1.0,80000.0,131038.3560295105,653165.625487522,W+H H->tau tau,aMcAtNlo+Pythia8(v.244p3.rangefix)+EvtGen(v.1.7.0),"['2tau', 'Higgs', 'SM', 'SMHiggs', 'WHiggs', 'mH125']",W+ H 125 GeV Higgs FxFx merged production decaying to tautau.,https://gitlab.cern.ch/atlas-physics/pmg/mcjoboptions/-/blob/master/506xxx/506098/mc.aMCPy8EG_WpH_FxFx_Htautau.py
506099,aMCPy8EG_ZH_FxFx_Htautau,e8307,0.78732,1.0,1.0,60000.0,85720.03716802597,389729.6457274381,ZH H->tau tau,aMcAtNlo+Pythia8(v.244p3.rangefix)+EvtGen(v.1.7.0),"['2tau', 'Higgs', 'SM', 'SMHiggs', 'ZHiggs', 'mH125']",ZH 125 GeV Higgs FxFx merged production decaying to tautau.,https://gitlab.cern.ch/atlas-physics/pmg/mcjoboptions/-/blob/master/506xxx/506099/mc.aMCPy8EG_ZH_FxFx_Htautau.py
506101,aMCH7EG_VBF_Htautauh30h20,e8357,3.673,0.48527,1.0,200000.0,731694.0322799683,12019269.687440332,VBF H->tautau,aMcAtNlo+Herwig7(v.7.2.1p4)+EvtGen(v.1.7.0),"['Higgs', 'VBF', 'mH125', 'resonance']",MG+H71 VBF at NLO,https://gitlab.cern.ch/atlas-physics/pmg/mcjoboptions/-/blob/master/506xxx/506101/mc.aMCH7EG_VBF_Htautauh30h20.py
506102,aMCH7EG_VBF_Htautaul13l7,e8357,3.6715,0.47017,1.0,164000.0,604122.0512657166,9886059.078519506,VBF H->tautau,aMcAtNlo+Herwig7(v.7.2.3p2)+EvtGen(v.2.1.1),"['Higgs', 'VBF', 'mH125', 'resonance']",MG+H71 VBF at NLO,https://gitlab.cern.ch/atlas-physics/pmg/mcjoboptions/-/blob/master/506xxx/506102/mc.aMCH7EG_VBF_Htautaul13l7.py
506103,aMCH7EG_VBF_Htautaulp15hm20,e8357,3.6729,0.17845,1.0,120000.0,441258.77349948883,7217989.726830932,VBF H->tautau,aMcAtNlo+Herwig7(v.7.2.3p2)+EvtGen(v.2.1.1),"['Higgs', 'VBF', 'mH125', 'resonance']",MG+H71 VBF at NLO,https://gitlab.cern.ch/atlas-physics/pmg/mcjoboptions/-/blob/master/506xxx/506103/mc.aMCH7EG_VBF_Htautaulp15hm20.py
506104,aMCH7EG_VBF_Htautaulm15hp20,e8357,3.6728,0.17825,1.0,200000.0,737011.2681522369,12150987.76339853,VBF H->tautau,aMcAtNlo+Herwig7(v.7.2.1p4)+EvtGen(v.1.7.0),"['Higgs', 'VBF', 'mH125', 'resonance']",MG+H71 VBF at NLO,https://gitlab.cern.ch/atlas-physics/pmg/mcjoboptions/-/blob/master/506xxx/506104/mc.aMCH7EG_VBF_Htautaulm15hp20.py
506811,aMCH7EG_VBF_HC_Hyy,e8272,0.0057024,1.0,1.0,148000.0,841.8011766895652,21.274437399779952,VBF H->gamma gamma,aMcAtNlo+Herwig7(v.7.2.3p2)+EvtGen(v.2.1.1),"['Higgs', 'VBF', 'gluonFusionHiggs', 'mH125', 'resonance']",MG+H7.1 VBF at NLO,https://gitlab.cern.ch/atlas-physics/pmg/mcjoboptions/-/blob/master/506xxx/506811/mc.aMCH7EG_VBF_HC_Hyy.py
506813,aMCPy8EG_ZH_had_FxFx_Hyy,e8307,0.54655,1.0,1.0,40000.0,50597.87507939339,130974.90302024654,ZH Z->qq H->gamma gamma,aMcAtNlo+Pythia8(v.244p3.rangefix)+EvtGen(v.1.7.0),['Higgs'],"ZH (Z->jj, onshell) 125 GeV Higgs FxFx merged production decaying to gammagamma.",https://gitlab.cern.ch/atlas-physics/pmg/mcjoboptions/-/blob/master/506xxx/506813/mc.aMCPy8EG_ZH_had_FxFx_Hyy.py
506814,aMCPy8EG_ggZH_Zhad_Hyy,e8307,0.1227,0.0015867299999999997,1.0,40000.0,1381.5493173897266,47.7170315396138,GGF ZH Z->qq H->gamma gamma,aMcAtNlo+Pythia8(v.244p3.rangefix)+EvtGen(v.1.7.0),['Higgs'],"ggZH (Z->jj, on shell) 125 GeV Higgs production decaying to gammagamma.",https://gitlab.cern.ch/atlas-physics/pmg/mcjoboptions/-/blob/master/506xxx/506814/mc.aMCPy8EG_ggZH_Zhad_Hyy.py
507366,MGPy8EG_A14NNPDF23LO_GGM_N1N2C1_950,e8307,0.00114755498,1.0,1.0,10000.0,11.25481386273168,0.013099264588782097,Electroweakino GGM,MadGraph(v.2.8.1p3.atlas9)+Pythia8(v.244p3.rangefix)+EvtGen(v.1.7.0),"['chargino', 'neutralino', 'simplifiedmodel', 'susy']","GGM Chargino/Neutralinos production, bino-higgsino mix, simplified model: mN1 = 950 GeV",https://gitlab.cern.ch/atlas-physics/pmg/mcjoboptions/-/blob/master/507xxx/507366/mc.MGPy8EG_A14NNPDF23LO_GGM_N1N2C1_950.py
510097,MGPy8EG_A14N23LO_DM_4topscalar_p1000_c1_nonallhad,e8485,0.00051114,0.7909392,1.0,20000.0,11.734678453794913,0.006913865463229607,Dark matter 4-top scalar mediation,MadGraph(v.2.9.9.atlas2)+Pythia8(v.307p1)+EvtGen(v.1.7.0),"['bsm', 'exotic', 'susy', 'wimp']","DM4top+4topscalar with matching, m_med = 1000 GeV, m_chi =1 GeV",https://gitlab.cern.ch/atlas-physics/pmg/mcjoboptions/-/blob/master/510xxx/510097/mc.MGPy8EG_A14N23LO_DM_4topscalar_p1000_c1_nonallhad.py
523692,MGPy8EG_A14N23LO_TT_tN1_1200_200_MS,e8526,0.0017,1.0,1.0,10000.0,9.606960100645665,0.009510735318003134,"Stop pair, stop->top neutralino",MadGraph(v.3.3.1.atlas4)+Pythia8(v.308)+EvtGen(v.2.1.1),"['gluino', 'neutralino', 'susy']","TT pair production. Stop pair production decay to qN1, m_T = 1200 GeV, m_N1 = 200 GeV",https://gitlab.cern.ch/atlas-physics/pmg/mcjoboptions/-/blob/master/523xxx/523692/mc.MGPy8EG_A14N23LO_TT_tN1_1200_200_MS.py
600017,PhH7EG_H7UE_716_tchan_lept_antitop,e7954,22.194,1.0,1.0,1620000.0,35961967.8270607,846656059.227535,t-channel single top,Powheg+Herwig7(v.7.1.6p3)+EvtGen(v.1.7.0),"['SM', 'lepton', 'top']","POWHEG+Herwig7+EvtGen single-top-quark t-channel (2->3) production (antitop),MadSpin, ME NNPDF3.04f NLO, H7.1 Default tune'",https://gitlab.cern.ch/atlas-physics/pmg/mcjoboptions/-/blob/master/600xxx/600017/mc.PhH7EG_H7UE_716_tchan_lept_antitop.py
600018,PhH7EG_H7UE_716_tchan_lept_top,e7954,37.019,1.0,1.0,2799000.0,103617410.18842316,4011110123.8861804,t-channel single top,Powheg+Herwig7(v.7.1.6p3)+EvtGen(v.1.7.0),"['SM', 'lepton', 'top']","POWHEG+Herwig7+EvtGen single-top-quark t-channel (2->3) production (top),MadSpin, H7.1-Default tune, ME NNPDF3.04f NLO'",https://gitlab.cern.ch/atlas-physics/pmg/mcjoboptions/-/blob/master/600xxx/600018/mc.PhH7EG_H7UE_716_tchan_lept_top.py
600019,PhH7EG_H7UE_716_schan_lept_antitop,e7954,1.2687,1.0,1.0,140000.0,177586.4274753332,228244.6024843211,s-channel single top,Powheg+Herwig7(v.7.1.6p3)+EvtGen(v.1.7.0),"['SM', 'inclusive', 'sChannel', 'singleTop', 'top']","POWHEG+Herwig7+EvtGen single-top-quark s-channel production (anti-top), inclusive, H7.1-Default tune, ME NNPDF30 NLO'",https://gitlab.cern.ch/atlas-physics/pmg/mcjoboptions/-/blob/master/600xxx/600019/mc.PhH7EG_H7UE_716_schan_lept_antitop.py
600020,PhH7EG_H7UE_716_schan_lept_top,e7954,2.0279,1.0,1.0,160000.0,324472.7781198025,658916.8741082391,s-channel single top,Powheg+Herwig7(v.7.1.6p3)+EvtGen(v.1.7.0),"['SM', 'inclusive', 'sChannel', 'singleTop', 'top']","POWHEG+Herwig7+EvtGen single-top-quark s-channel production (top), inclusive, H7.1-Default tune, ME NNPDF30 NLO'",https://gitlab.cern.ch/atlas-physics/pmg/mcjoboptions/-/blob/master/600xxx/600020/mc.PhH7EG_H7UE_716_schan_lept_top.py
600565,PhH7EG_ggH125_tautauh30h20_ShowerSys_fix,e8231,28.295,0.0281073408,1.717,969000.0,27471438.751476288,786280649.7766786,ggF H->tautau->h-h+,Powheg+Herwig7(v.7.2.1p3)+EvtGen(v.1.7.0),"['Higgs', 'SMHiggs']","125 GeV, for systematics",https://gitlab.cern.ch/atlas-physics/pmg/mcjoboptions/-/blob/master/600xxx/600565/mc.PhH7EG_ggH125_tautauh30h20_ShowerSys_fix.py
600566,PhH7EG_ggH125_tautaul13l7_ShowerSys_fix,e8231,28.297,0.02715776,1.717,690000.0,19568309.003585815,559890245.9712379,ggF H->tautau->ll,Powheg+Herwig7(v.7.2.1p3)+EvtGen(v.1.7.0),"['Higgs', 'SMHiggs']","125 GeV, for systematics",https://gitlab.cern.ch/atlas-physics/pmg/mcjoboptions/-/blob/master/600xxx/600566/mc.PhH7EG_ggH125_tautaul13l7_ShowerSys_fix.py
600567,PhH7EG_ggH125_ttlp15hm20_ShowerSys_fix,e8231,28.295,0.0103042688,1.717,360000.0,10206198.641990662,292116650.07190937,ggF H->tautau->l+h-,Powheg+Herwig7(v.7.2.1p3)+EvtGen(v.1.7.0),"['Higgs', 'SMHiggs']","125 GeV, for systematics",https://gitlab.cern.ch/atlas-physics/pmg/mcjoboptions/-/blob/master/600xxx/600567/mc.PhH7EG_ggH125_ttlp15hm20_ShowerSys_fix.py
600568,PhH7EG_ggH125_ttlm15hp20_ShowerSys_fix,e8231,28.295,0.0103023872,1.717,409000.0,11598237.859268188,331876971.88726753,ggF H->tautau->l-h+,Powheg+Herwig7(v.7.2.1p3)+EvtGen(v.1.7.0),"['Higgs', 'SMHiggs']","125 GeV, for systematics",https://gitlab.cern.ch/atlas-physics/pmg/mcjoboptions/-/blob/master/600xxx/600568/mc.PhH7EG_ggH125_ttlm15hp20_ShowerSys_fix.py
600569,PhH7EG_VBFH125_tautauh30h20_ShowerSys_fix,e8231,3.7361,0.0295812608,1.0,240000.0,897040.836730957,3374855.805982213,VBF H->tautau->h-h+,Powheg+Herwig7(v.7.2.1p3)+EvtGen(v.1.7.0),"['Higgs', 'SMHiggs']","125 GeV, for systematics",https://gitlab.cern.ch/atlas-physics/pmg/mcjoboptions/-/blob/master/600xxx/600569/mc.PhH7EG_VBFH125_tautauh30h20_ShowerSys_fix.py
600570,PhH7EG_VBFH125_tautaul13l7_ShowerSys_fix,e8231,3.7361,0.029283817472,1.0,160000.0,597962.2258758545,2249903.8706555325,VBF H->tautau->ll,Powheg+Herwig7(v.7.2.1p3)+EvtGen(v.1.7.0),"['Higgs', 'SMHiggs']","125 GeV, for systematics",https://gitlab.cern.ch/atlas-physics/pmg/mcjoboptions/-/blob/master/600xxx/600570/mc.PhH7EG_VBFH125_tautaul13l7_ShowerSys_fix.py
600571,PhH7EG_VBFH125_tautaulp15hm20_ShowerSys_fix,e8231,3.7362,0.011015557504,1.0,80000.0,298928.61405944824,1124951.9353278447,VBF H->tautau->l+h-,Powheg+Herwig7(v.7.2.1p3)+EvtGen(v.1.7.0),"['Higgs', 'SMHiggs']","125 GeV, for systematics",https://gitlab.cern.ch/atlas-physics/pmg/mcjoboptions/-/blob/master/600xxx/600571/mc.PhH7EG_VBFH125_tautaulp15hm20_ShowerSys_fix.py
600572,PhH7EG_VBFH125_tautaulm15hp20_ShowerSys_fix,e8231,3.7361,0.011006149504,1.0,80000.0,298921.1142196655,1124951.9353278447,VBF H->tautau->l-h+,Powheg+Herwig7(v.7.2.1p3)+EvtGen(v.1.7.0),"['Higgs', 'SMHiggs']","125 GeV, for systematics",https://gitlab.cern.ch/atlas-physics/pmg/mcjoboptions/-/blob/master/600xxx/600572/mc.PhH7EG_VBFH125_tautaulm15hp20_ShowerSys_fix.py
600573,PhH7EG_WmH125J_Winc_MINLO_tt_ShowerSys_fix,e8231,0.54011,0.06272,1.0,50000.0,26963.259505033493,15068.457795667324,"WmH, H->tautau inclusive",Powheg+Herwig7(v.7.2.1p3)+EvtGen(v.1.7.0),"['Higgs', 'SMHiggs']","125 GeV, for systematics",https://gitlab.cern.ch/atlas-physics/pmg/mcjoboptions/-/blob/master/600xxx/600573/mc.PhH7EG_WmH125J_Winc_MINLO_tt_ShowerSys_fix.py
600574,PhH7EG_WpH125J_Winc_MINLO_tt_ShowerSys_fix,e8231,0.86193,0.06272,1.0,80000.0,68978.00117611885,61515.028450039055,"WpH, H->tautau inclusive",Powheg+Herwig7(v.7.2.1p3)+EvtGen(v.1.7.0),"['Higgs', 'SMHiggs']","125 GeV, for systematics",https://gitlab.cern.ch/atlas-physics/pmg/mcjoboptions/-/blob/master/600xxx/600574/mc.PhH7EG_WpH125J_Winc_MINLO_tt_ShowerSys_fix.py
600575,PhH7EG_ZH125J_Zinc_MINLO_tautau_ShowerSys_fix,e8231,0.76085,0.06272,1.0,90000.0,68546.07628154755,54196.54254774364,"ZH, H->tautau inclusive",Powheg+Herwig7(v.7.2.1p3)+EvtGen(v.1.7.0),"['Higgs', 'SMHiggs']","125 GeV, for systematics",https://gitlab.cern.ch/atlas-physics/pmg/mcjoboptions/-/blob/master/600xxx/600575/mc.PhH7EG_ZH125J_Zinc_MINLO_tautau_ShowerSys_fix.py
600686,PhPy8EG_NNPDF3_AZNLO_ggZH125_Htautau_Zinc,e8307,0.1227,0.06272,1.0,40000.0,2297.399938106537,131.95116189030716,"gg->ZH, H->tautau, Z->all",Powheg+Pythia8(v.244p3.rangefix)+EvtGen(v.1.7.0),"['2tau', 'Higgs', 'SM', 'SMHiggs', 'ZHiggs', 'mH125']","POWHEG+Pythia8 gg->H+Z production: Z->all, H->tautau",https://gitlab.cern.ch/atlas-physics/pmg/mcjoboptions/-/blob/master/600xxx/600686/mc.PhPy8EG_NNPDF3_AZNLO_ggZH125_Htautau_Zinc.py
601352,PhPy8EG_tW_dyn_DR_incl_antitop,e8547,35.972,1.0,1.0,2675000.0,96216887.40345383,3502379228.34714,tW single top,Powheg(v.2_r3960)+Pythia8(v.309)+EvtGen(v.2.1.1),"['SM', 'Wt', 'singleTop', 'top']","POWHEG+Pythia8+EvtGen tW production (antitop), DR scheme, dynamic scale, inclusive, hdamp equal 1.5*top mass, A14 tune, ME NNPDF30 NLO, A14 NNPDF23 LO'",https://gitlab.cern.ch/atlas-physics/pmg/mcjoboptions/-/blob/master/601xxx/601352/mc.PhPy8EG_tW_dyn_DR_incl_antitop.py
601355,PhPy8EG_tW_dyn_DR_incl_top,e8547,36.003,1.0,1.0,2640000.0,95054189.43354416,3463158468.00062,tW single top,Powheg(v.2_r3960)+Pythia8(v.309)+EvtGen(v.2.1.1),"['SM', 'Wt', 'singleTop', 'top']","POWHEG+Pythia8+EvtGen tW production (antitop), DR scheme, dynamic scale, inclusive, hdamp equal 1.5*top mass, A14 tune, ME NNPDF30 NLO, A14 NNPDF23 LO'",https://gitlab.cern.ch/atlas-physics/pmg/mcjoboptions/-/blob/master/601xxx/601355/mc.PhPy8EG_tW_dyn_DR_incl_top.py
601487,PhPy8EG_A14_tchan_pThard1_lep_antitop,e8435,22.193,1.0,1.0,1710000.0,37958282.3870163,910242139.3731662,t-channel single top,Powheg+Pythia8(v.306)+EvtGen(v.1.7.0),"['SM', 'lepton', 'top']","1, ME NNPDF3.04f NLO, A14 NNPDF23 LO'",https://gitlab.cern.ch/atlas-physics/pmg/mcjoboptions/-/blob/master/601xxx/601487/mc.PhPy8EG_A14_tchan_pThard1_lep_antitop.py
601489,PhPy8EG_A14_tchan_pThard1_lep_top,e8435,37.019,1.0,1.0,2799000.0,103620688.04920578,4024885881.523347,t-channel single top,Powheg+Pythia8(v.306)+EvtGen(v.1.7.0),"['SM', 'lepton', 'top']","1, ME NNPDF3.04f NLO, A14 NNPDF23 LO'",https://gitlab.cern.ch/atlas-physics/pmg/mcjoboptions/-/blob/master/601xxx/601489/mc.PhPy8EG_A14_tchan_pThard1_lep_top.py
601491,PhPy8EG_A14_ttbar_pThard1_dil,e8441,730.17,0.1053641,1.0,5690000.0,4154782138.715454,3082250565427.278,ttbar dilep,Powheg+Pythia8(v.306)+EvtGen(v.1.7.0),"['SM', 'lepton', 'top', 'ttbar']","1, ME NNPDF30 NLO, A14 NNPDF23 LO from DSID 410450 LHE files with Shower Weights added'",https://gitlab.cern.ch/atlas-physics/pmg/mcjoboptions/-/blob/master/601xxx/601491/mc.PhPy8EG_A14_ttbar_pThard1_dil.py
601495,PhPy8EG_A14_ttbar_pThard1_allhad,e8435,0.5262326015,0.1693803,1.0,180000.0,131504138.550354,97551293368.36743,ttbar no leptons,MadGraph(v.2.9.5.atlas2)+Pythia8(v.306)+EvtGen(v.1.7.0),"['SM', 'top', 'ttbar']","1, ME NNPDF30 NLO, A14 NNPDF23 LO from DSID 410450 LHE files with Shower Weights added'",https://gitlab.cern.ch/atlas-physics/pmg/mcjoboptions/-/blob/master/601xxx/601495/mc.PhPy8EG_A14_ttbar_pThard1_allhad.py
601497,PhPy8EG_A14_ttbar_pThard1_singlelep,e8435,730.17,0.4384187,1.0,23283000.0,17000349086.373352,12612847672342.768,ttbar single lep,Powheg+Pythia8(v.306)+EvtGen(v.1.7.0),"['SM', 'lepton', 'top', 'ttbar']","1, ME NNPDF30 NLO, A14 NNPDF23 LO from DSID 410450 LHE files with Shower Weights added'",https://gitlab.cern.ch/atlas-physics/pmg/mcjoboptions/-/blob/master/601xxx/601497/mc.PhPy8EG_A14_ttbar_pThard1_singlelep.py
601624,PhPy8EG_tW_DS_dyn_dil_antitop,e8482,3.7841,1.0,1.0,320000.0,1210971.3975141048,4707965.131704106,tW single top,Powheg(v.2_r3992)+Pythia8(v.307p1)+EvtGen(v.1.7.0),"['SM', 'Wt', 'singleTop', 'top']","POWHEG+Pythia8+EvtGen tW production (antitop), DS scheme, dynamic scales, dilepton, with Powheg hdamp equal 1.5*top mass, A14 tune, ME NNPDF30 NLO, A14 NNPDF23 LO'",https://gitlab.cern.ch/atlas-physics/pmg/mcjoboptions/-/blob/master/601xxx/601624/mc.PhPy8EG_tW_DS_dyn_dil_antitop.py
601627,PhPy8EG_tW_DS_dyn_incl_antitop,e8482,35.932,1.0,1.0,2660000.0,95587925.44335938,3526433852.7179737,tW single top,Powheg(v.2_r3992)+Pythia8(v.307p1)+EvtGen(v.1.7.0),"['SM', 'Wt', 'singleTop', 'top']","POWHEG+Pythia8+EvtGen tW production (antitop), DS scheme, dynamic scales, dilepton, with Powheg hdamp equal 1.5*top mass, A14 tune, ME NNPDF30 NLO, A14 NNPDF23 LO'",https://gitlab.cern.ch/atlas-physics/pmg/mcjoboptions/-/blob/master/601xxx/601627/mc.PhPy8EG_tW_DS_dyn_incl_antitop.py
601628,PhPy8EG_tW_DS_dyn_dil_top,e8482,3.7062,1.0,1.0,400000.0,1482564.8934106827,5659723.983259376,tW single top,Powheg(v.2_r3992)+Pythia8(v.307p1)+EvtGen(v.1.7.0),"['SM', 'Wt', 'singleTop', 'top']","POWHEG+Pythia8+EvtGen tW production (top), DS scheme, dynamic scales, dilepton, with Powheg hdamp equal 1.5*top mass, A14 tune, ME NNPDF30 NLO, A14 NNPDF23 LO'",https://gitlab.cern.ch/atlas-physics/pmg/mcjoboptions/-/blob/master/601xxx/601628/mc.PhPy8EG_tW_DS_dyn_dil_top.py
601631,PhPy8EG_tW_DS_dyn_incl_top,e8482,35.154,1.0,1.0,2560000.0,90059800.79774857,3331352330.564611,tW single top,Powheg(v.2_r3992)+Pythia8(v.307p1)+EvtGen(v.1.7.0),"['SM', 'Wt', 'singleTop', 'top']","POWHEG+Pythia8+EvtGen tW production (top), DS scheme, dynamic scales, inclusive, with Powheg hdamp equal 1.5*top mass, A14 tune, ME NNPDF30 NLO, A14 NNPDF23 LO'",https://gitlab.cern.ch/atlas-physics/pmg/mcjoboptions/-/blob/master/601xxx/601631/mc.PhPy8EG_tW_DS_dyn_incl_top.py
601761,PhPy8EG_tW_dyn_DR_pThard1_incl_top,e8526,36.005,1.0,1.0,2680000.0,96485543.9096489,3516330746.4556313,tW single top,Powheg(v.05-05)+Pythia8(v.308)+EvtGen(v.2.1.1),"['SM', 'Wt', 'singleTop', 'top']","1, hdamp equal 1.5*top mass, A14 tune, ME NNPDF30 NLO, A14 NNPDF23 LO from DSID 601623 LHE files with Shower Weights added'",https://gitlab.cern.ch/atlas-physics/pmg/mcjoboptions/-/blob/master/601xxx/601761/mc.PhPy8EG_tW_dyn_DR_pThard1_incl_top.py
601762,PhPy8EG_tW_dyn_DR_pThard1_incl_antitop,e8526,35.973,1.0,1.0,2640000.0,94962067.53629303,3457111220.8099527,tW single top,Powheg(v.05-05)+Pythia8(v.308)+EvtGen(v.2.1.1),"['SM', 'Wt', 'singleTop', 'top']","1, hdamp equal 1.5*top mass, A14 tune, ME NNPDF30 NLO, A14 NNPDF23 LO from DSID 601619 LHE files with Shower Weights added'",https://gitlab.cern.ch/atlas-physics/pmg/mcjoboptions/-/blob/master/601xxx/601762/mc.PhPy8EG_tW_dyn_DR_pThard1_incl_antitop.py
601763,PhPy8EG_tW_dyn_DR_pThard1_dil_top,e8526,3.7935,1.0,1.0,400000.0,1517534.717085123,5824457.434737642,tW single top dilepton,Powheg(v.05-05)+Pythia8(v.308)+EvtGen(v.2.1.1),"['2lepton', 'SM', 'Wt', 'singleTop', 'top']","1, hdamp equal 1.5*top mass, A14 tune, ME NNPDF30 NLO, A14 NNPDF23 LO from DSID 601620 LHE files with Shower Weights added'",https://gitlab.cern.ch/atlas-physics/pmg/mcjoboptions/-/blob/master/601xxx/601763/mc.PhPy8EG_tW_dyn_DR_pThard1_dil_top.py
601764,PhPy8EG_tW_dyn_DR_pThard1_dil_antitop,e8526,3.7901,1.0,1.0,400000.0,1515861.1782016754,5814524.308346955,tW single top dilepton,Powheg(v.05-05)+Pythia8(v.308)+EvtGen(v.2.1.1),"['2lepton', 'SM', 'Wt', 'singleTop', 'top']","1, hdamp equal 1.5*top mass, A14 tune, ME NNPDF30 NLO, A14 NNPDF23 LO from DSID 601616 LHE files with Shower Weights added'",https://gitlab.cern.ch/atlas-physics/pmg/mcjoboptions/-/blob/master/601xxx/601764/mc.PhPy8EG_tW_dyn_DR_pThard1_dil_antitop.py
700000,Sh_228_ttW,e7793,0.59045,1.0,1.0,170000.0,161503.5486770356,321970.0641107591,ttW,Sherpa(v.2.2.8p3),"['SM', 'multilepton', 'ttW']","Sherpa ttW+0,1j@NLO+2j@LO with Sherpa 2.2.8 and EW correction weights",https://gitlab.cern.ch/atlas-physics/pmg/mcjoboptions/-/blob/master/700xxx/700000/mc.Sh_228_ttW.py
700007,Sh_228_yyy_01NLO,e7999,0.35513,1.0,1.0,50000.0,32286.689842534746,53052.9490509765,Triphoton production,Sherpa(v.2.2.8p3),"['3photon', 'SM']","Sherpa yyy + 0,1j@NLO",https://gitlab.cern.ch/atlas-physics/pmg/mcjoboptions/-/blob/master/700xxx/700007/mc.Sh_228_yyy_01NLO.py
700195,Sh_2210_eegammagamma,e8138,1.3192,1.0,1.0,150000.0,9670333022.464417,1316410813184901.8,ee+photon+photon,Sherpa(v.2.2.10p4),"['2electron', '2photon', 'NLO', 'SM']","Sherpa eegammagamma + 0j@NLO + 1,2j@LO.",https://gitlab.cern.ch/atlas-physics/pmg/mcjoboptions/-/blob/master/700xxx/700195/mc.Sh_2210_eegammagamma.py
700196,Sh_2210_mumugammagamma,e8138,1.3189,1.0,1.0,250000.0,13560022184.40004,1548708161544547.8,mumu+photon+photon,Sherpa(v.2.2.10p4),"['2muon', '2photon', 'NLO', 'SM']","Sherpa mumugammagamma + 0j@NLO + 1,2j@LO.",https://gitlab.cern.ch/atlas-physics/pmg/mcjoboptions/-/blob/master/700xxx/700196/mc.Sh_2210_mumugammagamma.py
700197,Sh_2210_tautaugammagamma,e8138,1.3188,1.0,1.0,100000.0,4680460288.020126,473192816677166.94,tautua+photon+photon,Sherpa(v.2.2.10p4),"['2photon', '2tau', 'NLO', 'SM']","Sherpa tautaugammagamma + 0j@NLO + 1,2j@LO.",https://gitlab.cern.ch/atlas-physics/pmg/mcjoboptions/-/blob/master/700xxx/700197/mc.Sh_2210_tautaugammagamma.py
700198,Sh_2210_nunugammagamma,e8138,0.23733,1.0,1.0,50000.0,347166626.43026733,4934451136105.912,nunu+photon+photon,Sherpa(v.2.2.10p4),"['2neutrino', '2photon', 'NLO', 'SM']","Sherpa nunugammagamma + 0j@NLO + 1,2j@LO.",https://gitlab.cern.ch/atlas-physics/pmg/mcjoboptions/-/blob/master/700xxx/700198/mc.Sh_2210_nunugammagamma.py
700199,Sh_2210_enugammagamma,e8138,2.0108,1.0,1.0,150000.0,28336530326.402832,1.0084442001164676e+16,enu+photon+photon,Sherpa(v.2.2.10p4),"['2photon', 'NLO', 'SM', 'electron']","Sherpa enugammagamma + 0j@NLO + 1,2j@LO.",https://gitlab.cern.ch/atlas-physics/pmg/mcjoboptions/-/blob/master/700xxx/700199/mc.Sh_2210_enugammagamma.py
700200,Sh_2210_munugammagamma,e8138,1.9989,1.0,1.0,150000.0,17220043101.836975,3678325250618059.0,munu+photon+photon,Sherpa(v.2.2.10p4),"['2photon', 'NLO', 'SM', 'muon']","Sherpa munugammagamma + 0j@NLO + 1,2j@LO.",https://gitlab.cern.ch/atlas-physics/pmg/mcjoboptions/-/blob/master/700xxx/700200/mc.Sh_2210_munugammagamma.py
700201,Sh_2210_taunugammagamma,e8138,2.0074,1.0,1.0,150000.0,17653551411.657166,3854472665998685.0,taunu+photon+photon,Sherpa(v.2.2.10p4),"['2photon', 'NLO', 'SM', 'tau']","Sherpa taunugammagamma + 0j@NLO + 1,2j@LO.",https://gitlab.cern.ch/atlas-physics/pmg/mcjoboptions/-/blob/master/700xxx/700201/mc.Sh_2210_taunugammagamma.py
700320,Sh_2211_Zee_maxHTpTV2_BFilter,e8351,2221.2,0.02493594,1.0,4206400.0,13590815498198.059,8.425539971958584e+20,Z->ee with b-quarks,Sherpa,"['2electron', 'NLO', 'SM', 'Z', 'jets']","Sherpa Z/gamma* -> e e + 0,1,2j@NLO + 3,4,5j@LO with b-jet filter taking input from existing unfiltered input file.",https://gitlab.cern.ch/atlas-physics/pmg/mcjoboptions/-/blob/master/700xxx/700320/mc.Sh_2211_Zee_maxHTpTV2_BFilter.py
700321,Sh_2211_Zee_maxHTpTV2_CFilterBVeto,e8351,2221.2,0.1298145,1.0,20979600.0,146340931506490.44,1.1037230997788556e+22,Z->ee with c-quarks,Sherpa,"['2electron', 'NLO', 'SM', 'Z', 'jets']","Sherpa Z/gamma* -> e e + 0,1,2j@NLO + 3,4,5j@LO with c-jet filter taking input from existing unfiltered input file.",https://gitlab.cern.ch/atlas-physics/pmg/mcjoboptions/-/blob/master/700xxx/700321/mc.Sh_2211_Zee_maxHTpTV2_CFilterBVeto.py
700322,Sh_2211_Zee_maxHTpTV2_CVetoBVeto,e8351,2221.2,0.8460721,1.0,85403200.0,1195987492151594.8,9.638225966800312e+22,Z->ee without b- or c-quarks,Sherpa,"['2electron', 'NLO', 'SM', 'Z', 'jets']","Sherpa Z/gamma* -> e e + 0,1,2j@NLO + 3,4,5j@LO with light-jet filter taking input from existing unfiltered input file.",https://gitlab.cern.ch/atlas-physics/pmg/mcjoboptions/-/blob/master/700xxx/700322/mc.Sh_2211_Zee_maxHTpTV2_CVetoBVeto.py
700323,Sh_2211_Zmumu_maxHTpTV2_BFilter,e8351,2221.3,0.02439439,1.0,4009800.0,12741690203522.818,8.070834386859773e+20,Z->mumu with b-quarks,Sherpa,"['2muon', 'NLO', 'SM', 'Z', 'jets']","Sherpa Z/gamma* -> mu mu + 0,1,2j@NLO + 3,4,5j@LO with b-jet filter taking input from existing unfiltered input file.",https://gitlab.cern.ch/atlas-physics/pmg/mcjoboptions/-/blob/master/700xxx/700323/mc.Sh_2211_Zmumu_maxHTpTV2_BFilter.py
700324,Sh_2211_Zmumu_maxHTpTV2_CFilterBVeto,e8351,2221.3,0.13003,1.0,20960000.0,146058373467803.72,1.0886488594019674e+22,Z->mumu with c-quarks,Sherpa,"['2muon', 'NLO', 'SM', 'Z', 'jets']","Sherpa Z/gamma* -> mu mu + 0,1,2j@NLO + 3,4,5j@LO with c-jet filter taking input from existing unfiltered input file.",https://gitlab.cern.ch/atlas-physics/pmg/mcjoboptions/-/blob/master/700xxx/700324/mc.Sh_2211_Zmumu_maxHTpTV2_CFilterBVeto.py
700325,Sh_2211_Zmumu_maxHTpTV2_CVetoBVeto,e8351,2221.3,0.8463929,1.0,85443000.0,1196323720518196.5,9.622751117378584e+22,Z->mumu without b- or c-quarks,Sherpa,"['2muon', 'NLO', 'SM', 'Z', 'jets']","Sherpa Z/gamma* -> mu mu + 0,1,2j@NLO + 3,4,5j@LO with light-jet filter taking input from existing unfiltered input file.",https://gitlab.cern.ch/atlas-physics/pmg/mcjoboptions/-/blob/master/700xxx/700325/mc.Sh_2211_Zmumu_maxHTpTV2_CVetoBVeto.py
700335,Sh_2211_Znunu_pTV2_BFilter,e8351,447.13,0.08426931,1.0,2841000.0,16473609662908.06,5.967387086303186e+20,Z->nunu,Sherpa,"['NLO', 'SM', 'Z', 'jets', 'neutrino']","Sherpa Z -> nu nu + 0,1,2j@NLO + 3,4,5j@LO with b-jet filter taking input from existing unfiltered input file.",https://gitlab.cern.ch/atlas-physics/pmg/mcjoboptions/-/blob/master/700xxx/700335/mc.Sh_2211_Znunu_pTV2_BFilter.py
700336,Sh_2211_Znunu_pTV2_CFilterBVeto,e8351,447.13,0.202381,1.0,6688000.0,40184592610478.555,1.3232145195966624e+21,Z->nunu,Sherpa,"['NLO', 'SM', 'Z', 'jets', 'neutrino']","Sherpa Z -> nu nu + 0,1,2j@NLO + 3,4,5j@LO with c-jet filter taking input from existing unfiltered input file.",https://gitlab.cern.ch/atlas-physics/pmg/mcjoboptions/-/blob/master/700xxx/700336/mc.Sh_2211_Znunu_pTV2_CFilterBVeto.py
700337,Sh_2211_Znunu_pTV2_CVetoBVeto,e8351,447.13,0.712717,1.0,23108200.0,141602625733007.44,4.05027168968272e+21,Z->nunu,Sherpa,"['NLO', 'SM', 'Z', 'jets', 'neutrino']","Sherpa Z -> nu nu + 0,1,2j@NLO + 3,4,5j@LO with light-jet filter taking input from existing unfiltered input file.",https://gitlab.cern.ch/atlas-physics/pmg/mcjoboptions/-/blob/master/700xxx/700337/mc.Sh_2211_Znunu_pTV2_CVetoBVeto.py
700338,Sh_2211_Wenu_maxHTpTV2_BFilter,e8351,21742.0,0.009376371,1.0,14839000.0,422231959730433.0,2.5186753164827317e+23,W->enu,Sherpa,"['NLO', 'SM', 'W', 'electron', 'jets']","Sherpa W+/W- -> e nu + 0,1,2j@NLO + 3,4,5j@LO with b-jet filter taking input from existing unfiltered input file.",https://gitlab.cern.ch/atlas-physics/pmg/mcjoboptions/-/blob/master/700xxx/700338/mc.Sh_2211_Wenu_maxHTpTV2_BFilter.py
700339,Sh_2211_Wenu_maxHTpTV2_CFilterBVeto,e8351,21742.0,0.1489766,1.0,133882000.0,1.018602244791474e+16,8.06219502972019e+24,W->enu,Sherpa,"['NLO', 'SM', 'W', 'electron', 'jets']","Sherpa W+/W- -> e nu + 0,1,2j@NLO + 3,4,5j@LO with c-jet filter taking input from existing unfiltered input file.",https://gitlab.cern.ch/atlas-physics/pmg/mcjoboptions/-/blob/master/700xxx/700339/mc.Sh_2211_Wenu_maxHTpTV2_CFilterBVeto.py
700340,Sh_2211_Wenu_maxHTpTV2_CVetoBVeto,e8351,21742.0,0.8435958,1.0,177913000.0,2.897842369250881e+16,2.463680354054539e+25,W->enu,Sherpa,"['NLO', 'SM', 'W', 'electron', 'jets']","Sherpa W+/W- -> e nu + 0,1,2j@NLO + 3,4,5j@LO with light-jet filter taking input from existing unfiltered input file.",https://gitlab.cern.ch/atlas-physics/pmg/mcjoboptions/-/blob/master/700xxx/700340/mc.Sh_2211_Wenu_maxHTpTV2_CVetoBVeto.py
700341,Sh_2211_Wmunu_maxHTpTV2_BFilter,e8351,21806.0,0.0097968,1.0,15514000.0,436982952631438.7,2.5924043058085565e+23,W->munu,Sherpa,"['NLO', 'SM', 'W', 'jets', 'muon']","Sherpa W+/W- -> mu nu + 0,1,2j@NLO + 3,4,5j@LO with b-jet filter taking input from existing unfiltered input file.",https://gitlab.cern.ch/atlas-physics/pmg/mcjoboptions/-/blob/master/700xxx/700341/mc.Sh_2211_Wmunu_maxHTpTV2_BFilter.py
700342,Sh_2211_Wmunu_maxHTpTV2_CFilterBVeto,e8351,21806.0,0.1460112,1.0,124010000.0,9443939100276306.0,7.462176630430988e+24,W->munu,Sherpa,"['NLO', 'SM', 'W', 'jets', 'muon']","Sherpa W+/W- -> mu nu + 0,1,2j@NLO + 3,4,5j@LO with c-jet filter taking input from existing unfiltered input file.",https://gitlab.cern.ch/atlas-physics/pmg/mcjoboptions/-/blob/master/700xxx/700342/mc.Sh_2211_Wmunu_maxHTpTV2_CFilterBVeto.py
700343,Sh_2211_Wmunu_maxHTpTV2_CVetoBVeto,e8351,21806.0,0.8435538,1.0,158012000.0,2.5735614820769316e+16,2.1940065983114303e+25,W->munu,Sherpa,"['NLO', 'SM', 'W', 'jets', 'muon']","Sherpa W+/W- -> mu nu + 0,1,2j@NLO + 3,4,5j@LO with light-jet filter taking input from existing unfiltered input file.",https://gitlab.cern.ch/atlas-physics/pmg/mcjoboptions/-/blob/master/700xxx/700343/mc.Sh_2211_Wmunu_maxHTpTV2_CVetoBVeto.py
700344,Sh_2211_Wtaunu_L_maxHTpTV2_BFilter,e8351,7680.0,0.009011307,1.0,5117000.0,141445079722192.94,1.0151915849516505e+23,W->taunu,Sherpa,"['NLO', 'SM', 'W', 'jets', 'tau']","Sherpa W+/W- -> tau nu + 0,1,2j@NLO + 3,4,5j@LO with leptonic tau decays and b-jet filter taking input from existing unfiltered input file.",https://gitlab.cern.ch/atlas-physics/pmg/mcjoboptions/-/blob/master/700xxx/700344/mc.Sh_2211_Wtaunu_L_maxHTpTV2_BFilter.py
700345,Sh_2211_Wtaunu_L_maxHTpTV2_CFilterBVeto,e8351,7680.0,0.146033,1.0,24321000.0,1827249151294792.8,1.395964353440938e+24,W->taunu,Sherpa,"['NLO', 'SM', 'W', 'jets', 'tau']","Sherpa W+/W- -> tau nu + 0,1,2j@NLO + 3,4,5j@LO with leptonic tau decays and c-jet filter taking input from existing unfiltered input file.",https://gitlab.cern.ch/atlas-physics/pmg/mcjoboptions/-/blob/master/700xxx/700345/mc.Sh_2211_Wtaunu_L_maxHTpTV2_CFilterBVeto.py
700346,Sh_2211_Wtaunu_L_maxHTpTV2_CVetoBVeto,e8351,7680.0,0.8474706,1.0,57130000.0,9296746870084430.0,7.888414967491393e+24,W->taunu,Sherpa,"['NLO', 'SM', 'W', 'jets', 'tau']","Sherpa W+/W- -> tau nu + 0,1,2j@NLO + 3,4,5j@LO with leptonic tau decays and light-jet filter taking input from existing unfiltered input file.",https://gitlab.cern.ch/atlas-physics/pmg/mcjoboptions/-/blob/master/700xxx/700346/mc.Sh_2211_Wtaunu_L_maxHTpTV2_CVetoBVeto.py
700347,Sh_2211_Wtaunu_H_maxHTpTV2_BFilter,e8351,14126.0,0.00867775,1.0,7066000.0,197643939627956.1,1.194334518614749e+23,W->taunu,Sherpa,"['NLO', 'SM', 'W', 'jets', 'tau']","Sherpa W+/W- -> tau nu + 0,1,2j@NLO + 3,4,5j@LO with hadronic tau decays and b-jet filter taking input from existing unfiltered input file.",https://gitlab.cern.ch/atlas-physics/pmg/mcjoboptions/-/blob/master/700xxx/700347/mc.Sh_2211_Wtaunu_H_maxHTpTV2_BFilter.py
700348,Sh_2211_Wtaunu_H_maxHTpTV2_CFilterBVeto,e8351,14126.0,0.1433724,1.0,7656000.0,574905906029845.5,4.366825591705987e+23,W->taunu,Sherpa,"['NLO', 'SM', 'W', 'jets', 'tau']","Sherpa W+/W- -> tau nu + 0,1,2j@NLO + 3,4,5j@LO with hadronic tau decays c-jet filter taking input from existing unfiltered input file.",https://gitlab.cern.ch/atlas-physics/pmg/mcjoboptions/-/blob/master/700xxx/700348/mc.Sh_2211_Wtaunu_H_maxHTpTV2_CFilterBVeto.py
700349,Sh_2211_Wtaunu_H_maxHTpTV2_CVetoBVeto,e8351,14126.0,0.8474573,1.0,57158000.0,9302747717953196.0,7.892020659752642e+24,W->taunu,Sherpa,"['NLO', 'SM', 'W', 'jets', 'tau']","Sherpa W+/W- -> tau nu + 0,1,2j@NLO + 3,4,5j@LO with hadronic tau decaus and light-jet filter taking input from existing unfiltered input file.",https://gitlab.cern.ch/atlas-physics/pmg/mcjoboptions/-/blob/master/700xxx/700349/mc.Sh_2211_Wtaunu_H_maxHTpTV2_CVetoBVeto.py
700352,Sh_2211_pTZ100_Zqqgamma,e8312,4.5571,1.0,1.0,360000.0,25153637578.903713,6467480545928472.0,Z->qq + photon,Sherpa(v.2.2.11p3),"['NLO', 'SM', 'Z', 'photon', 'quark']","Sherpa Z(qq)+gamma + 0,1j@NLO + 2,3j@LO with pT_y>15 GeV",https://gitlab.cern.ch/atlas-physics/pmg/mcjoboptions/-/blob/master/700xxx/700352/mc.Sh_2211_pTZ100_Zqqgamma.py
700353,Sh_2211_pTZ100_Zbbgamma,e8312,1.28,1.0,1.0,160000.0,3160857385.9518414,283830845332252.1,Z->bb + photon,Sherpa(v.2.2.11p3),"['NLO', 'SM', 'Z', 'photon', 'quark']","Sherpa Z(bb)+gamma + 0,1j@NLO + 2,3j@LO with pT_y>15 GeV",https://gitlab.cern.ch/atlas-physics/pmg/mcjoboptions/-/blob/master/700xxx/700353/mc.Sh_2211_pTZ100_Zbbgamma.py
700358,Sh_2211_Zee2jets_Min_N_TChannel,e8357,0.77937,1.0,1.0,180000.0,470654147.23535156,1246448740509.49,Z->ee,Sherpa(v.2.2.11p4),"['2electron', 'SM', 'VBF', 'Z', 'jets']","Electroweak Sherpa Z/gamma* -> e e + 2,3j@LO using Min_N_TChannels option.",https://gitlab.cern.ch/atlas-physics/pmg/mcjoboptions/-/blob/master/700xxx/700358/mc.Sh_2211_Zee2jets_Min_N_TChannel.py
700359,Sh_2211_Zmm2jets_Min_N_TChannel,e8357,0.77941,1.0,1.0,150000.0,392274559.66381836,1038285546201.1718,Z->mumu,Sherpa(v.2.2.11p4),"['2muon', 'SM', 'VBF', 'Z', 'jets']","Electroweak Sherpa Z/gamma* -> mu mu + 2,3j@LO using Min_N_TChannels option.",https://gitlab.cern.ch/atlas-physics/pmg/mcjoboptions/-/blob/master/700xxx/700359/mc.Sh_2211_Zmm2jets_Min_N_TChannel.py
700360,Sh_2211_Ztt2jets_Min_N_TChannel,e8357,0.77911,1.0,1.0,150000.0,389735189.8310547,1028102619053.5403,Z->tautau,Sherpa(v.2.2.11p4),"['2tau', 'SM', 'VBF', 'Z', 'jets']","Electroweak Sherpa Z/gamma* -> tau tau + 2,3j@LO using Min_N_TChannels option.",https://gitlab.cern.ch/atlas-physics/pmg/mcjoboptions/-/blob/master/700xxx/700360/mc.Sh_2211_Ztt2jets_Min_N_TChannel.py
700361,Sh_2211_Znunu2jets_Min_N_TChannel,e8357,3.6571,1.0,1.0,300000.0,2838762311.8476562,27181360729985.734,Z->nunu,Sherpa(v.2.2.11p4),"['SM', 'VBF', 'Z', 'jets', 'neutrino']","Electroweak Sherpa Z/gamma* -> nu nu + 2,3j@LO using Min_N_TChannels option.",https://gitlab.cern.ch/atlas-physics/pmg/mcjoboptions/-/blob/master/700xxx/700361/mc.Sh_2211_Znunu2jets_Min_N_TChannel.py
700362,Sh_2211_Wenu2jets_Min_N_TChannel,e8357,8.5022,1.0,1.0,800000.0,14090262478.658203,250698286544047.84,W->enu,Sherpa(v.2.2.11p4),"['SM', 'VBF', 'W', 'electron', 'jets']","Electroweak Sherpa W+/W- -> e nu + 2,3j@LO using Min_N_TChannels option.",https://gitlab.cern.ch/atlas-physics/pmg/mcjoboptions/-/blob/master/700xxx/700362/mc.Sh_2211_Wenu2jets_Min_N_TChannel.py
700363,Sh_2211_Wmunu2jets_Min_N_TChannel,e8357,8.5027,1.0,1.0,901000.0,15872383941.341797,282252367861540.8,W->munu,Sherpa(v.2.2.11p4),"['SM', 'VBF', 'W', 'jets', 'muon']","Electroweak Sherpa W+/W- -> mu nu + 2,3j@LO using Min_N_TChannels option.",https://gitlab.cern.ch/atlas-physics/pmg/mcjoboptions/-/blob/master/700xxx/700363/mc.Sh_2211_Wmunu2jets_Min_N_TChannel.py
700364,Sh_2211_Wtaunu2jets_Min_N_TChannel,e8357,8.5013,1.0,1.0,699000.0,12846462501.628906,238543975673843.88,W->taunu,Sherpa(v.2.2.11p4),"['SM', 'VBF', 'W', 'jets', 'tau']","Electroweak Sherpa W+/W- -> tau nu + 2,3j@LO using Min_N_TChannels option.",https://gitlab.cern.ch/atlas-physics/pmg/mcjoboptions/-/blob/master/700xxx/700364/mc.Sh_2211_Wtaunu2jets_Min_N_TChannel.py
700398,Sh_2211_mumugamma,e8338,103.22,1.0,1.0,7500000.0,19465209233007.01,3.993403129814537e+20,mumu + photon,Sherpa(v.2.2.11p3),"['NLO', 'SM', 'muon', 'neutrino', 'photon']","Sherpa mumugamma + 0,1j@NLO + 2,3,4j@LO with 7<pT_y",https://gitlab.cern.ch/atlas-physics/pmg/mcjoboptions/-/blob/master/700xxx/700398/mc.Sh_2211_mumugamma.py
700399,Sh_2211_eegamma,e8338,103.18,1.0,1.0,7490000.0,19110482053300.97,3.8911724263411535e+20,ee + photon,Sherpa(v.2.2.11p3),"['NLO', 'SM', 'electron', 'neutrino', 'photon']","Sherpa mumugamma + 0,1j@NLO + 2,3,4j@LO with 7<pT_y",https://gitlab.cern.ch/atlas-physics/pmg/mcjoboptions/-/blob/master/700xxx/700399/mc.Sh_2211_eegamma.py
700400,Sh_2211_tautaugamma,e8338,103.33,1.0,1.0,7500000.0,17924612978541.055,3.43391245280064e+20,tautau + photon,Sherpa(v.2.2.11p3),"['NLO', 'SM', 'neutrino', 'photon', 'tau']","Sherpa tautaugamma + 0,1j@NLO + 2,3,4j@LO with 7<pT_y",https://gitlab.cern.ch/atlas-physics/pmg/mcjoboptions/-/blob/master/700xxx/700400/mc.Sh_2211_tautaugamma.py
700401,Sh_2211_nunugamma,e8338,56.438,1.0,1.0,4102000.0,6433372013432.012,1.672441961456078e+20,nunu + photon,Sherpa(v.2.2.11p3),"['NLO', 'SM', 'neutrino', 'photon']","Sherpa mumugamma + 0,1j@NLO + 2,3,4j@LO with 7<pT_y",https://gitlab.cern.ch/atlas-physics/pmg/mcjoboptions/-/blob/master/700xxx/700401/mc.Sh_2211_nunugamma.py
700402,Sh_2211_munugamma,e8338,364.84,1.0,1.0,26460000.0,295978821566210.25,2.946121698388421e+22,munu + photon,Sherpa(v.2.2.11p3),"['NLO', 'SM', 'muon', 'neutrino', 'photon']","Sherpa munugamma + 0,1j@NLO + 2,3,4j@LO with 7<pT_y",https://gitlab.cern.ch/atlas-physics/pmg/mcjoboptions/-/blob/master/700xxx/700402/mc.Sh_2211_munugamma.py
700403,Sh_2211_enugamma,e8338,364.83,1.0,1.0,26554000.0,289593925661273.7,2.810302728948222e+22,enu + photon,Sherpa(v.2.2.11p3),"['NLO', 'SM', 'electron', 'neutrino', 'photon']","Sherpa enugamma + 0,1j@NLO + 2,3,4j@LO with 7<pT_y",https://gitlab.cern.ch/atlas-physics/pmg/mcjoboptions/-/blob/master/700xxx/700403/mc.Sh_2211_enugamma.py
700404,Sh_2211_taunugamma,e8338,364.84,1.0,1.0,26520000.0,261290513728538.28,2.2848915638114914e+22,taunu + photon,Sherpa(v.2.2.11p3),"['NLO', 'SM', 'neutrino', 'photon', 'tau']","Sherpa taunugamma + 0,1j@NLO + 2,3,4j@LO with 7<pT_y",https://gitlab.cern.ch/atlas-physics/pmg/mcjoboptions/-/blob/master/700xxx/700404/mc.Sh_2211_taunugamma.py
700442,Sh_2211_gamma2jets_pTy140_Min_N_TChannel,e8357,1.388,1.0,1.0,100000.0,2068857254.7285156,43401692503844.08,photon+jets,Sherpa(v.2.2.11p4),"['SM', 'VBF', 'jets', 'photon']","Electroweak Sherpa gamma + 2,3j@LO with pT(gamma)>140 GeV using Min_N_TChannels option.",https://gitlab.cern.ch/atlas-physics/pmg/mcjoboptions/-/blob/master/700xxx/700442/mc.Sh_2211_gamma2jets_pTy140_Min_N_TChannel.py
700467,Sh_2211_Zee_maxHTpTV2_m10_40_pT5_BFilter,e8379,7896.7,0.001938,1.0,620000.0,1461860384753.6357,5.858886049746167e+19,Z->ee,Sherpa,"['NLO', 'SM', 'Z', 'electron', 'jets']","Sherpa Z/gamma* -> ee + 0,1,2j@NLO + 3,4,5j@LO & 10<mZ<40 GeV with b-jet filter taking input from existing unfiltered input file.",https://gitlab.cern.ch/atlas-physics/pmg/mcjoboptions/-/blob/master/700xxx/700467/mc.Sh_2211_Zee_maxHTpTV2_m10_40_pT5_BFilter.py
700468,Sh_2211_Zee_maxHTpTV2_m10_40_pT5_CFilterBVeto,e8379,7896.3,0.03803775,1.0,3672000.0,35742916847093.03,1.7487172919921132e+21,Z->ee,Sherpa,"['NLO', 'SM', 'Z', 'electron', 'jets']","Sherpa Z/gamma* -> ee + 0,1,2j@NLO + 3,4,5j@LO & 10<mZ<40 GeV with c-jet filter taking input from existing unfiltered input file.",https://gitlab.cern.ch/atlas-physics/pmg/mcjoboptions/-/blob/master/700xxx/700468/mc.Sh_2211_Zee_maxHTpTV2_m10_40_pT5_CFilterBVeto.py
700469,Sh_2211_Zee_maxHTpTV2_m10_40_pT5_CVetoBVeto,e8379,7896.1,0.3254674,1.0,38497000.0,905946785318945.2,4.4941710899802475e+22,Z->ee,Sherpa,"['NLO', 'SM', 'Z', 'electron', 'jets']","Sherpa Z/gamma* -> ee + 0,1,2j@NLO + 3,4,5j@LO & 10<mZ<40 GeV with light-jet filter taking input from existing unfiltered input file.",https://gitlab.cern.ch/atlas-physics/pmg/mcjoboptions/-/blob/master/700xxx/700469/mc.Sh_2211_Zee_maxHTpTV2_m10_40_pT5_CVetoBVeto.py
700470,Sh_2211_Zmumu_maxHTpTV2_m10_40_pT5_BFilter,e8379,7897.4,0.0018794,1.0,667000.0,1441748608838.625,5.451824466485759e+19,Z->mumu,Sherpa,"['NLO', 'SM', 'Z', 'jets', 'muon']","Sherpa Z/gamma* -> mumu + 0,1,2j@NLO + 3,4,5j@LO & 10<mZ<40 GeV with b-jet filter taking input from existing unfiltered input file.",https://gitlab.cern.ch/atlas-physics/pmg/mcjoboptions/-/blob/master/700xxx/700470/mc.Sh_2211_Zmumu_maxHTpTV2_m10_40_pT5_BFilter.py
700471,Sh_2211_Zmumu_maxHTpTV2_m10_40_pT5_CFilterBVeto,e8379,7897.3,0.0397638,1.0,3676000.0,34292460959926.734,1.584745555132056e+21,Z->mumu,Sherpa,"['NLO', 'SM', 'Z', 'jets', 'muon']","Sherpa Z/gamma* -> mumu + 0,1,2j@NLO + 3,4,5j@LO & 10<mZ<40 GeV with c-jet filter taking input from existing unfiltered input file.",https://gitlab.cern.ch/atlas-physics/pmg/mcjoboptions/-/blob/master/700xxx/700471/mc.Sh_2211_Zmumu_maxHTpTV2_m10_40_pT5_CFilterBVeto.py
700472,Sh_2211_Zmumu_maxHTpTV2_m10_40_pT5_CVetoBVeto,e8379,7896.3,0.2732664,1.0,38529000.0,866334893817096.0,4.056668852265926e+22,Z->mumu,Sherpa,"['NLO', 'SM', 'Z', 'jets', 'muon']","Sherpa Z/gamma* -> mumu + 0,1,2j@NLO + 3,4,5j@LO & 10<mZ<40 GeV with light-jet filter taking input from existing unfiltered input file.",https://gitlab.cern.ch/atlas-physics/pmg/mcjoboptions/-/blob/master/700xxx/700472/mc.Sh_2211_Zmumu_maxHTpTV2_m10_40_pT5_CVetoBVeto.py
700488,Sh_2211_WlvWqq,e8338,109.28,0.4384892,1.0,3531000.0,983201922502.4635,8.945159871163804e+17,WW semilep,Sherpa(v.2.2.11p3),"['1lepton', 'NLO', 'SM', 'WW', 'quark']","W(->qq)W(->lv) with 0,1j@NLO + 2,3j@LO.",https://gitlab.cern.ch/atlas-physics/pmg/mcjoboptions/-/blob/master/700xxx/700488/mc.Sh_2211_WlvWqq.py
700489,Sh_2211_WlvZqq,e8338,8.5822,1.0,1.0,665000.0,18287424810.758293,1741054193845409.0,WZ single lep,Sherpa(v.2.2.11p3),"['1lepton', 'SM', 'WZ', 'jets', 'quark']","Sherpa W(->lv)Z(->qq) with 0,1j@NLO + 2,3j@LO.",https://gitlab.cern.ch/atlas-physics/pmg/mcjoboptions/-/blob/master/700xxx/700489/mc.Sh_2211_WlvZqq.py
700490,Sh_2211_WlvZbb,e8338,2.4126,1.0,1.0,200000.0,1549026449.1832595,41359733032193.2,WZ lep bb,Sherpa(v.2.2.11p3),"['1lepton', 'SM', 'WZ', 'bbbar', 'jets']","Sherpa W(->lv)Z(->bb) with 0,1j@NLO + 2,3j@LO",https://gitlab.cern.ch/atlas-physics/pmg/mcjoboptions/-/blob/master/700xxx/700490/mc.Sh_2211_WlvZbb.py
700491,Sh_2211_WqqZvv,e8338,6.5437,1.0,1.0,529000.0,11100744844.063864,819739602288509.5,WZ qq nunu,Sherpa(v.2.2.11p3),"['SM', 'WZ', 'jets', 'neutrino', 'quark']","Sherpa W(->qq')Z(->vv) with 0,1j@NLO + 2,3j@LO.",https://gitlab.cern.ch/atlas-physics/pmg/mcjoboptions/-/blob/master/700xxx/700491/mc.Sh_2211_WqqZvv.py
700492,Sh_2211_WqqZll,e8338,3.3048,1.0,1.0,240000.0,2547536071.977257,94020683101063.56,WZ qq dilep,Sherpa(v.2.2.11p3),"['2lepton', 'SM', 'WZ', 'jets', 'quark']","Sherpa W(->qq')Z(->ll) with 0,1j@NLO + 2,3j@LO.",https://gitlab.cern.ch/atlas-physics/pmg/mcjoboptions/-/blob/master/700xxx/700492/mc.Sh_2211_WqqZll.py
700493,Sh_2211_ZqqZll,e8338,6.3016,0.2634087,1.0,200000.0,4818490568.760571,390994847978095.4,ZZ qq dilep,Sherpa(v.2.2.11p3),"['2lepton', 'SM', 'ZZ', 'bbbar', 'jets']","Sherpa Z(->qq)Z(->ll) with 0,1j@NLO + 2,3j@LO",https://gitlab.cern.ch/atlas-physics/pmg/mcjoboptions/-/blob/master/700xxx/700493/mc.Sh_2211_ZqqZll.py
700494,Sh_2211_ZbbZll,e8338,0.97459,0.4790372,1.0,170000.0,637236716.2125969,7769702754827.269,ZZ bb dilep,Sherpa(v.2.2.11p3),"['2lepton', 'SM', 'ZZ', 'bbbar', 'jets']","Sherpa Z(->bb)Z(->ll) with 0,1j@NLO + 2,3j@LO",https://gitlab.cern.ch/atlas-physics/pmg/mcjoboptions/-/blob/master/700xxx/700494/mc.Sh_2211_ZbbZll.py
700495,Sh_2211_ZqqZvv,e8338,8.3576,0.392694,1.0,300000.0,9652046356.480347,1027942544874953.8,ZZ qq nunu,Sherpa(v.2.2.11p3),"['SM', 'ZZ', 'jets', 'neutrino', 'quark']","Sherpa Z(->qq)Z(->vv) with 0,1j@NLO + 2,3j@LO",https://gitlab.cern.ch/atlas-physics/pmg/mcjoboptions/-/blob/master/700xxx/700495/mc.Sh_2211_ZqqZvv.py
700496,Sh_2211_ZbbZvv,e8338,1.8775,0.4911709,1.0,100000.0,721182183.7428799,17454471969640.049,ZZ bb nunu,Sherpa(v.2.2.11p3),"['SM', 'ZZ', 'bbbar', 'jets', 'neutrino']","Sherpa Z(->bb)Z(->vv) with  0,1j@NLO + 2,3j@LO",https://gitlab.cern.ch/atlas-physics/pmg/mcjoboptions/-/blob/master/700xxx/700496/mc.Sh_2211_ZbbZvv.py
700507,Sh_2211_pTW140_Wqqgamma,e8338,0.68358,1.0,1.0,130000.0,1217607401.0317879,49504003356079.21,W+photon W->qq,Sherpa(v.2.2.11p3),"['NLO', 'SM', 'W', 'photon', 'quark']","Sherpa W(qq)+gamma + 0,1j@NLO + 2,3j@LO with pT_y>140 GeV, pT_W>140 GeV",https://gitlab.cern.ch/atlas-physics/pmg/mcjoboptions/-/blob/master/700xxx/700507/mc.Sh_2211_pTW140_Wqqgamma.py
700587,Sh_2212_lllljj,e8433,0.01151,1.0,1.0,99000.0,361520906.3249512,1898651772419.0398,VV->llll+jj,Sherpa(v.2.2.12.f290b9),"['4lepton', 'SM', 'VBS', 'diboson', 'triboson']","Electroweak lllljj+0,1j@LO including triboson-like diagrams.",https://gitlab.cern.ch/atlas-physics/pmg/mcjoboptions/-/blob/master/700xxx/700587/mc.Sh_2212_lllljj.py
700588,Sh_2212_lllvjj,e8433,0.048453,1.0,1.0,40000.0,628408800.7587891,13836306856147.592,VV/VVV->lllnu+jj,Sherpa(v.2.2.12.f290b9),"['3lepton', 'SM', 'VBS', 'diboson', 'triboson']","Electroweak lllvjj+0,1j@LO including triboson-like diagrams.",https://gitlab.cern.ch/atlas-physics/pmg/mcjoboptions/-/blob/master/700xxx/700588/mc.Sh_2212_lllvjj.py
700589,Sh_2212_llvvjj_os,e8433,0.19336,1.0,1.0,50000.0,401865634.77441406,3312089332441.6016,VV->llnunu+jets,Sherpa(v.2.2.12.f290b9),"['2lepton', 'SM', 'VBS', 'diboson', 'triboson']","Electroweak opposite-sign llvvjj+0,1j@LO including triboson-like diagrams.",https://gitlab.cern.ch/atlas-physics/pmg/mcjoboptions/-/blob/master/700xxx/700589/mc.Sh_2212_llvvjj_os.py
700590,Sh_2212_llvvjj_ss,e8433,0.045598,1.0,1.0,97000.0,360914661.53686523,1410287309443.701,VV->llnunu+jets (same-sign leptons),Sherpa(v.2.2.12.f290b9),"['2lepton', 'SM', 'VBS', 'diboson', 'jets', 'triboson']","Electroweak same-sign llvvjj + 0,1j@LO including triboson-like diagrams.",https://gitlab.cern.ch/atlas-physics/pmg/mcjoboptions/-/blob/master/700xxx/700590/mc.Sh_2212_llvvjj_ss.py
700591,Sh_2212_lllljj_Int,e8433,0.0023142,1.0,1.0,19980.0,2680690.4782714844,266825868170.6848,VV->llll+jj (interference),Sherpa(v.2.2.12.f290b9),"['4lepton', 'SM', 'VBS', 'diboson']","Interference terms for QCD-electroweak lllljj+0,1j@LO.",https://gitlab.cern.ch/atlas-physics/pmg/mcjoboptions/-/blob/master/700xxx/700591/mc.Sh_2212_lllljj_Int.py
700592,Sh_2212_lllvjj_Int,e8433,0.0077437,1.0,1.0,19990.0,6349754.002441406,818484715804.2573,VV/VVV->llnu+jj (interference),Sherpa(v.2.2.12.f290b9),"['3lepton', 'SM', 'VBS', 'diboson']","Interference terms for QCD-electroweak lllvjj+0,1j@LO.",https://gitlab.cern.ch/atlas-physics/pmg/mcjoboptions/-/blob/master/700xxx/700592/mc.Sh_2212_lllvjj_Int.py
700593,Sh_2212_llvvjj_os_Int,e8433,0.0063366,1.0,1.0,20000.0,376959.62411499023,1606110029.8897521,VV/VVV->llnunu+jets interference terms,Sherpa(v.2.2.12.f290b9),"['2lepton', 'SM', 'VBS', 'diboson']","Interference terms for QCD-electroweak opposite-sign llvvjj+0,1j@LO.",https://gitlab.cern.ch/atlas-physics/pmg/mcjoboptions/-/blob/master/700xxx/700593/mc.Sh_2212_llvvjj_os_Int.py
700594,Sh_2212_llvvjj_ss_Int,e8433,0.0033375,1.0,1.0,20000.0,705897.5525817871,355170911.81152654,VV/VVV->llnunu+jets interference terms,Sherpa(v.2.2.12.f290b9),"['2lepton', 'SM', 'VBS', 'diboson']","Interference terms for QCD-electroweak same-sign llvvjj+0,1j@LO.",https://gitlab.cern.ch/atlas-physics/pmg/mcjoboptions/-/blob/master/700xxx/700594/mc.Sh_2212_llvvjj_ss_Int.py
700600,Sh_2212_llll,e8433,1.2974,1.0,1.0,250000.0,8900161062.01826,732258484286478.2,VV->llll,Sherpa(v.2.2.12.f290b9),"['4lepton', 'NLO', 'SM', 'diboson', 'jets']","4 charged leptons with 0,1j@NLO + 2,3j@LO and mll>4GeV, pTl1>5 GeV, pTl2>5 GeV.",https://gitlab.cern.ch/atlas-physics/pmg/mcjoboptions/-/blob/master/700xxx/700600/mc.Sh_2212_llll.py
700601,Sh_2212_lllv,e8433,4.661,1.0,1.0,433000.0,73236556201.67273,3.586932793917845e+16,VV->lllnu,Sherpa(v.2.2.12.f290b9),"['3lepton', 'NLO', 'SM', 'diboson', 'jets', 'neutrino']","3 charged leptons + neutrino with 0,1j@NLO + 2,3j@LO and mll>4GeV, pTl1>5 GeV, pTl2>5 GeV.",https://gitlab.cern.ch/atlas-physics/pmg/mcjoboptions/-/blob/master/700xxx/700601/mc.Sh_2212_lllv.py
700602,Sh_2212_llvv_os,e8433,12.079,1.0,1.0,900000.0,213218033453.56433,1.51167341602775e+17,VV->llnunu,Sherpa(v.2.2.12.f290b9),"['2lepton', 'NLO', 'SM', 'diboson', 'jets', 'neutrino']","2 oppositely charged leptons + 2 neutrinos with 0,1j@NLO + 2,3j@LO and mll>4GeV, pTl1>5 GeV, pTl2>5 GeV.",https://gitlab.cern.ch/atlas-physics/pmg/mcjoboptions/-/blob/master/700xxx/700602/mc.Sh_2212_llvv_os.py
700603,Sh_2212_llvv_ss,e8433,0.022206,1.0,1.0,120000.0,24370672.496002197,5004697526.908705,VV->llnunu (same-sign leptons),Sherpa(v.2.2.12.f290b9),"['2lepton', 'NLO', 'SM', 'diboson', 'jets', 'neutrino']","2 same-charged leptons + 2 neutrinos with 0,1j@LO and pTl1>5 GeV, pTl2>5 GeV.",https://gitlab.cern.ch/atlas-physics/pmg/mcjoboptions/-/blob/master/700xxx/700603/mc.Sh_2212_llvv_ss.py
700604,Sh_2212_lvvv,e8433,3.1081,1.0,1.0,300000.0,29086477375.9328,9480079393623284.0,VV->lnununu,Sherpa(v.2.2.12.f290b9),"['NLO', 'SM', 'diboson', 'jets', 'lepton', 'neutrino']","1 charged lepton + 3 neutrinos with 0,1j@NLO + 2,3j@LO and pTl1>5 GeV, pTl2>5 GeV.",https://gitlab.cern.ch/atlas-physics/pmg/mcjoboptions/-/blob/master/700xxx/700604/mc.Sh_2212_lvvv.py
700605,Sh_2212_vvvv,e8433,0.57762,1.0,1.0,150000.0,1553502483.1518478,46835676439895.95,VV->nunununu,Sherpa(v.2.2.12.f290b9),"['NLO', 'SM', 'diboson', 'jets', 'neutrino']","4 neutrinos with 0,1j@NLO + 2,3j@LO.",https://gitlab.cern.ch/atlas-physics/pmg/mcjoboptions/-/blob/master/700xxx/700605/mc.Sh_2212_vvvv.py
700709,Sh_2212_lvgammajj,e8433,1.781,1.0,1.0,150000.0,9186208607.613281,568110790612996.9,lnu+photon+jets,Sherpa(v.2.2.12.f290b9),"['SM', 'VBS', 'diboson', 'lepton', 'photon']","Electroweak lvgammajj+0,1j@LO including triboson-like diagrams.",https://gitlab.cern.ch/atlas-physics/pmg/mcjoboptions/-/blob/master/700xxx/700709/mc.Sh_2212_lvgammajj.py
700710,Sh_2212_llgammajj,e8433,0.32092,1.0,1.0,230000.0,9731987946.027344,455158431278996.44,ll+photon+jets,Sherpa(v.2.2.12.f290b9),"['SM', 'VBS', 'diboson', 'lepton', 'photon']","Electroweak llgammajj+0,1j@LO including triboson-like diagrams.",https://gitlab.cern.ch/atlas-physics/pmg/mcjoboptions/-/blob/master/700xxx/700710/mc.Sh_2212_llgammajj.py
700792,Sh_2214_Ztautau_maxHTpTV2_BFilter,e8527,2239.7,0.02486629,1.0,4160000.0,13862307341623.393,8.898711533268354e+20,Z->tautau with b-quarks,Sherpa,"['2lepton', '2tau', 'NLO', 'SM', 'Z', 'jets']","Sherpa Z/gamma* -> tau tau + 0,1,2j@NLO + 3,4,5j@LO with b-jet filter taking input from existing unfiltered input file.",https://gitlab.cern.ch/atlas-physics/pmg/mcjoboptions/-/blob/master/700xxx/700792/mc.Sh_2214_Ztautau_maxHTpTV2_BFilter.py
700793,Sh_2214_Ztautau_maxHTpTV2_CFilterBVeto,e8527,2239.6,0.129149,1.0,21000000.0,150854288562168.22,1.1335779627017056e+22,Z->tautau with c-quarks,Sherpa,"['2lepton', '2tau', 'NLO', 'SM', 'Z', 'jets']","Sherpa Z/gamma* -> tau tau + 0,1,2j@NLO + 3,4,5j@LO with c-jet filter taking input from existing unfiltered input file.",https://gitlab.cern.ch/atlas-physics/pmg/mcjoboptions/-/blob/master/700xxx/700793/mc.Sh_2214_Ztautau_maxHTpTV2_CFilterBVeto.py
700794,Sh_2214_Ztautau_maxHTpTV2_CVetoBVeto,e8527,2239.6,0.845961,1.0,50055000.0,721456451073821.5,5.896472607444247e+22,Z->tautau without b- or c-quarks,Sherpa,"['2lepton', '2tau', 'NLO', 'SM', 'Z', 'jets']","Sherpa Z/gamma* -> tau tau + 0,1,2j@NLO + 3,4,5j@LO with light-jet filter taking input from existing unfiltered input file.",https://gitlab.cern.ch/atlas-physics/pmg/mcjoboptions/-/blob/master/700xxx/700794/mc.Sh_2214_Ztautau_maxHTpTV2_CVetoBVeto.py
700843,Sh_2214_Wqq_ptW_200_ECMS,e8536,143.21,1.0,1.0,9970000.0,16705846831650.238,3.2824280058623754e+20,W -> qq',Sherpa(v.2.2.14.atlas),"['SM', 'W', 'jets']",Sherpa W -> qq' + 1-2j@NLO + 3-5j@LO with pTV > 200 GeV.,https://gitlab.cern.ch/atlas-physics/pmg/mcjoboptions/-/blob/master/700xxx/700843/mc.Sh_2214_Wqq_ptW_200_ECMS.py
700849,Sh_2214_Zqq_ptZ_200_ECMS,e8536,47.467,1.0,1.0,3480000.0,1558654786101.9011,7.701406788180655e+18,Z -> qq,Sherpa(v.2.2.14.atlas),"['SM', 'Z', 'jets']","Sherpa Z -> qq + 1,2j@NLO + 3-5j@LO with pTV > 200 GeV.",https://gitlab.cern.ch/atlas-physics/pmg/mcjoboptions/-/blob/master/700xxx/700849/mc.Sh_2214_Zqq_ptZ_200_ECMS.py
700855,Sh_2214_Zbb_ptZ_200_ECMS,e8536,13.354,1.0,1.0,1050000.0,131654069150.8335,1.864660658634489e+17,Z -> bb,Sherpa(v.2.2.14.atlas),"['SM', 'Z', 'jets']","Sherpa Z -> bb + 1,2j@NLO + 3-5j@LO with pTV > 200 GeV.",https://gitlab.cern.ch/atlas-physics/pmg/mcjoboptions/-/blob/master/700xxx/700855/mc.Sh_2214_Zbb_ptZ_200_ECMS.py
700901,Sh_2214_Ztt_maxHTpTV2_Mll10_40_BFilter,e8536,4106.6,0.004162053,1.0,1320000.0,3056617370959.5034,1.0472141105204753e+20,Low mass Z*->tautau with b-quarks,Sherpa,"['NLO', 'SM', 'Z', 'jets', 'tau']","Sherpa Z/gamma* -> tautau + 0,1,2j@NLO + 3,4,5j@LO & 10<mZ<40 GeV with b-jet filter taking input from existing unfiltered input file.",https://gitlab.cern.ch/atlas-physics/pmg/mcjoboptions/-/blob/master/700xxx/700901/mc.Sh_2214_Ztt_maxHTpTV2_Mll10_40_BFilter.py
700902,Sh_2214_Ztt_maxHTpTV2_Mll10_40_CFilterBVeto,e8536,4106.6,0.09467037,1.0,10512000.0,105586057002044.61,4.2759420602081477e+21,Low mass Z*->tautau with c-quarks,Sherpa,"['NLO', 'SM', 'Z', 'jets', 'tau']","Sherpa Z/gamma* -> tautau + 0,1,2j@NLO + 3,4,5j@LO & 10<mZ<40 GeV with c-jet filter taking input from existing unfiltered input file.",https://gitlab.cern.ch/atlas-physics/pmg/mcjoboptions/-/blob/master/700xxx/700902/mc.Sh_2214_Ztt_maxHTpTV2_Mll10_40_CFilterBVeto.py
700903,Sh_2214_Ztt_maxHTpTV2_Mll10_40_CVetoBVeto,e8536,4106.6,0.9011938,1.0,38814000.0,888106002765188.0,3.607690158843471e+22,Low mass Z*->tautau no c- or b-quarks,Sherpa,"['NLO', 'SM', 'Z', 'jets', 'tau']","Sherpa Z/gamma* -> tautau + 0,1,2j@NLO + 3,4,5j@LO & 10<mZ<40 GeV with light-jet filter taking input from existing unfiltered input file.",https://gitlab.cern.ch/atlas-physics/pmg/mcjoboptions/-/blob/master/700xxx/700903/mc.Sh_2214_Ztt_maxHTpTV2_Mll10_40_CVetoBVeto.py
801976,Py8EG_A14NNPDF23LO_Zprime_NoInt_tautau_SSM3000,e8531,1.2465,1.0,1.0,40000.0,40000.0,40000.0,pp>Zprime>tautau,Pythia8(v.308)+EvtGen(v.2.1.1),"['2tau', 'BSM', 'SSM', 'Zprime', 'electroweak', 'heavyBoson', 'resonance']",Pythia 8 Zprime decaying to tau tau',https://gitlab.cern.ch/atlas-physics/pmg/mcjoboptions/-/blob/master/801xxx/801976/mc.Py8EG_A14NNPDF23LO_Zprime_NoInt_tautau_SSM3000.py
801978,Py8EG_A14NNPDF23LO_Wprime_taunu_SSM3000,e8531,0.011409,1.0,1.0,20000.0,20000.0,20000.0,pp>Zprime>taunu,Pythia8(v.308)+EvtGen(v.2.1.1),"['BSM', 'SSM', 'Wprime', 'electroweak', 'heavyBoson', 'lepton', 'neutrino', 'resonance']",Pythia 8 Zprime decaying to tau nu',https://gitlab.cern.ch/atlas-physics/pmg/mcjoboptions/-/blob/master/801xxx/801978/mc.Py8EG_A14NNPDF23LO_Wprime_taunu_SSM3000.py
304480,Charybdis2Pythia8EvtGen_A14CTEQ6L1_BH2_n2_Mth8_0_MD2_5,e4479,0.011328000000000001,1.0,1.0,20000.0,20000.0,20000.0,BH,Pythia8(v8.210)+EvtGen(v1.2.0),"['BSM', 'blackhole', 'exotic', 'extraDimensions']",Charybdis2 + Pythia8 - black hole production,https://gitlab.cern.ch/atlas-physics/pmg/infrastructure/mc15joboptions/-/tree/master/share/DSID304xxx/MC15.304480.Charybdis2Pythia8EvtGen_A14CTEQ6L1_BH2_n2_Mth8_0_MD2_5.py
304506,Charybdis2Pythia8EvtGen_A14CTEQ6L1_BH2_n2_Mth9_5_MD2_5,e4479,0.0002179,1.0,1.0,20000.0,20000.0,20000.0,BH,Pythia8(v8.210)+EvtGen(v1.2.0),"['BSM', 'blackhole', 'exotic', 'extraDimensions']",Charybdis2 + Pythia8 - black hole production,https://gitlab.cern.ch/atlas-physics/pmg/infrastructure/mc15joboptions/-/tree/master/share/DSID304xxx/MC15.304506.Charybdis2Pythia8EvtGen_A14CTEQ6L1_BH2_n2_Mth9_5_MD2_5.py
603559,PhPy8EG_PDF4LHC21_HHbbyy_chhh1p0,e8564,0.026952,0.5001763,1.0,400000.0,10790.217318071052,364.7835224833856,HHbbyy,Powheg(v.2_r4043)+Pythia8(v.309)+EvtGen(v.2.1.1),"['SM', 'SMHiggs', 'bbbar', 'bottom', 'diphoton', 'hh', 'nonResonant', 'photon']","diHiggs production with chhh=1.0 using Powheg-Box-V2 at NLO + full top mass, with PDF4LHC21 PDF. Decay to bbyy and PS&had with Pythia8 with A14 NNPDF2.3 tune.",https://gitlab.cern.ch/atlas-physics/pmg/mcjoboptions/-/blob/master/603xxx/603559/mc.PhPy8EG_PDF4LHC21_HHbbyy_chhh1p0.py
603696,PhPy8EG_PDF4LHC21_HHbbyy_chhh10p0,e8564,0.54128,0.5003304,1.0,100000.0,54112.19588595629,29944.219484157198,HHbbyy,Powheg(v.2_r4043)+Pythia8(v.309)+EvtGen(v.2.1.1),"['SM', 'SMHiggs', 'bbbar', 'bottom', 'diphoton', 'hh', 'nonResonant', 'photon']","diHiggs production with chhh=10.0 using Powheg-Box-V2 at NLO + full top mass, with PDF4LHC21 PDF. Decay to bbyy and PS&had with Pythia8 with A14 NNPDF2.3 tune.",https://gitlab.cern.ch/atlas-physics/pmg/mcjoboptions/-/blob/master/603xxx/603696/mc.PhPy8EG_PDF4LHC21_HHbbyy_chhh10p0.py
603695,PhPy8EG_PDF4LHC21_HHbbyy_chhh2p5,e8564,0.011848000000000001,0.5016409,1.0,96000.0,1136.8292971635237,17.857426081210427,HHbbyy,Powheg(v.2_r4043)+Pythia8(v.309)+EvtGen(v.2.1.1),"['SM', 'SMHiggs', 'bbbar', 'bottom', 'diphoton', 'hh', 'nonResonant', 'photon']","diHiggs production with chhh=2.5 using Powheg-Box-V2 at NLO + full top mass, with PDF4LHC21 PDF. Decay to bbyy and PS&had with Pythia8 with A14 NNPDF2.3 tune.",https://gitlab.cern.ch/atlas-physics/pmg/mcjoboptions/-/blob/master/603xxx/603695/mc.PhPy8EG_PDF4LHC21_HHbbyy_chhh2p5.py
312674,MGPy8EG_A14N30LO_2HDMa_bb_monoHyy_tb1_sp035_mA600_ma300,e7849,0.00018575000000000002,0.78339,1.0,20000.0,0.0003717456298346633,6.909742898561397e-12,MonoHyy,MadGraph(v.2.6.5)+Pythia8(v.240)+EvtGen(v.1.6.0),"['bsmhiggs', 'exotic', 'higgs', 'simplifiedmodel', 'wimp']","Dark matter mono-Higgs with Higgs to yy decays",https://gitlab.cern.ch/atlas-physics/pmg/infrastructure/mc15joboptions/-/tree/master/share/DSID312xxx/MC15.312674.MGPy8EG_A14N30LO_2HDMa_bb_monoHyy_tb1_sp035_mA600_ma300.py
312675,MGPy8EG_A14N30LO_2HDMa_ggF_monoHyy_tb1_sp035_mA600_ma300,e7849,0.11835999999999999,0.79554,1.0,20000.0,0.23659034468437312,2.7987506386303667e-06,MonoHyy,MadGraph(v.2.6.5)+Pythia8(v.240)+EvtGen(v.1.6.0),"['bsmhiggs', 'exotic', 'higgs', 'simplifiedmodel', 'wimp']","Dark matter mono-Higgs with Higgs to yy decays",https://gitlab.cern.ch/atlas-physics/pmg/infrastructure/mc15joboptions/-/tree/master/share/DSID312xxx/MC15.312675.MGPy8EG_A14N30LO_2HDMa_ggF_monoHyy_tb1_sp035_mA600_ma300.py
312678,MGPy8EG_A14N30LO_2HDMa_bb_monoHyy_tb1_sp035_mA900_ma250,e7849,0.00023268,0.77705,1.0,20000.0,0.00046588041868744767,1.0852241900375076e-11,MonoHyy,MadGraph(v.2.6.5)+Pythia8(v.240)+EvtGen(v.1.6.0),"['bsmhiggs', 'exotic', 'higgs', 'simplifiedmodel', 'wimp']","Dark matter mono-Higgs with Higgs to yy decays",https://gitlab.cern.ch/atlas-physics/pmg/infrastructure/mc15joboptions/-/tree/master/share/DSID312xxx/MC15.312678.MGPy8EG_A14N30LO_2HDMa_bb_monoHyy_tb1_sp035_mA900_ma250.py
312679,MGPy8EG_A14N30LO_2HDMa_ggF_monoHyy_tb1_sp035_mA900_ma250,e7849,0.046128,0.81366,1.0,20000.0,0.09212704071615008,4.243704295319016e-07,MonoHyy,MadGraph(v.2.6.5)+Pythia8(v.240)+EvtGen(v.1.6.0),"['bsmhiggs', 'exotic', 'higgs', 'simplifiedmodel', 'wimp']","Dark matter mono-Higgs with Higgs to yy decays",https://gitlab.cern.ch/atlas-physics/pmg/infrastructure/mc15joboptions/-/tree/master/share/DSID312xxx/MC15.312679.MGPy8EG_A14N30LO_2HDMa_ggF_monoHyy_tb1_sp035_mA900_ma250.py
312682,MGPy8EG_A14N30LO_2HDMa_bb_monoHyy_tb1_sp035_mA1600_ma100,e7849,0.001188,0.75761,1.0,20000.0,0.002376266898806989,2.823323630443658e-10,MonoHyy,MadGraph(v.2.6.5)+Pythia8(v.240)+EvtGen(v.1.6.0),"['bsmhiggs', 'exotic', 'higgs', 'simplifiedmodel', 'wimp']","Dark matter mono-Higgs with Higgs to yy decays",https://gitlab.cern.ch/atlas-physics/pmg/infrastructure/mc15joboptions/-/tree/master/share/DSID312xxx/MC15.312682.MGPy8EG_A14N30LO_2HDMa_bb_monoHyy_tb1_sp035_mA1600_ma100.py
312683,MGPy8EG_A14N30LO_2HDMa_ggF_monoHyy_tb1_sp035_mA1600_ma100,e7849,0.11285,0.7613,1.0,20000.0,0.2256671314171399,2.5462990315451107e-06,MonoHyy,MadGraph(v.2.6.5)+Pythia8(v.240)+EvtGen(v.1.6.0),"['bsmhiggs', 'exotic', 'higgs', 'simplifiedmodel', 'wimp']","Dark matter mono-Higgs with Higgs to yy decays",https://gitlab.cern.ch/atlas-physics/pmg/infrastructure/mc15joboptions/-/tree/master/share/DSID312xxx/MC15.312683.MGPy8EG_A14N30LO_2HDMa_ggF_monoHyy_tb1_sp035_mA1600_ma100.py
546703,MGPy8EG_A14N23LO_GGF_RS_G_ZZ_llll_kt1_m200,e8575,1.913,1.0,1.0,30000.0,57372.80011177063,109721.4583441022,RS ZZ 4l,MadGraph(v.3.5.3.atlas6)+Pythia8(v.311)+EvtGen(v.2.2.1),"['bsm', 'exotic', 'graviton', 'randallsundrum', 'warpeded']","Randall-Sundrum extra dimension model, dark-matter-like, with ZZ decays to four leptons",https://gitlab.cern.ch/atlas-physics/pmg/mcjoboptions/-/blob/master/546xxx/546703/mc.MGPy8EG_A14N23LO_GGF_RS_G_ZZ_llll_kt1_m200.py
546708,MGPy8EG_A14N23LO_GGF_RS_G_ZZ_llll_kt1_m600,e8575,0.01718,1.0,1.0,30000.0,514.8230120539665,8.83477175413083,RS ZZ 4l,MadGraph(v.3.5.3.atlas6)+Pythia8(v.311)+EvtGen(v.2.2.1),"['bsm', 'exotic', 'graviton', 'randallsundrum', 'warpeded']","Randall-Sundrum extra dimension model, dark-matter-like, with ZZ decays to four leptons",https://gitlab.cern.ch/atlas-physics/pmg/mcjoboptions/-/blob/master/546xxx/546708/mc.MGPy8EG_A14N23LO_GGF_RS_G_ZZ_llll_kt1_m600.py
546712,MGPy8EG_A14N23LO_GGF_RS_G_ZZ_llll_kt1_m1000,e8575,0.0012065,1.0,1.0,30000.0,36.17159905843437,0.04361287078738211,RS ZZ 4l,MadGraph(v.3.5.3.atlas6)+Pythia8(v.311)+EvtGen(v.2.2.1),"['bsm', 'exotic', 'graviton', 'randallsundrum', 'warpeded']","Randall-Sundrum extra dimension model, dark-matter-like, with ZZ decays to four leptons",https://gitlab.cern.ch/atlas-physics/pmg/mcjoboptions/-/blob/master/546xxx/546712/mc.MGPy8EG_A14N23LO_GGF_RS_G_ZZ_llll_kt1_m1000.py
546714,MGPy8EG_A14N23LO_GGF_RS_G_ZZ_llll_kt1_m1400,e8575,0.0001788,1.0,1.0,30000.0,5.361749936128035,0.0009582809758102627,RS ZZ 4l,MadGraph(v.3.5.3.atlas6)+Pythia8(v.311)+EvtGen(v.2.2.1),"['bsm', 'exotic', 'graviton', 'randallsundrum', 'warpeded']","Randall-Sundrum extra dimension model, dark-matter-like, with ZZ decays to four leptons",https://gitlab.cern.ch/atlas-physics/pmg/mcjoboptions/-/blob/master/546xxx/546714/mc.MGPy8EG_A14N23LO_GGF_RS_G_ZZ_llll_kt1_m1400.py
546715,MGPy8EG_A14N23LO_GGF_RS_G_ZZ_llll_kt1_m1600,e8575,7.950299999999999e-05,1.0,1.0,30000.0,2.3837270418880507,0.00018940557190765537,RS ZZ 4l,MadGraph(v.3.5.3.atlas6)+Pythia8(v.311)+EvtGen(v.2.2.1),"['bsm', 'exotic', 'graviton', 'randallsundrum', 'warpeded']","Randall-Sundrum extra dimension model, dark-matter-like, with ZZ decays to four leptons",https://gitlab.cern.ch/atlas-physics/pmg/mcjoboptions/-/blob/master/546xxx/546715/mc.MGPy8EG_A14N23LO_GGF_RS_G_ZZ_llll_kt1_m1600.py
546717,MGPy8EG_A14N23LO_GGF_RS_G_ZZ_llll_kt1_m2000,e8575,1.879e-05,1.0,1.0,30000.0,0.5632590000459459,1.0575430356630841e-05,RS ZZ 4l,MadGraph(v.3.5.3.atlas6)+Pythia8(v.311)+EvtGen(v.2.2.1),"['bsm', 'exotic', 'graviton', 'randallsundrum', 'warpeded']","Randall-Sundrum extra dimension model, dark-matter-like, with ZZ decays to four leptons",https://gitlab.cern.ch/atlas-physics/pmg/mcjoboptions/-/blob/master/546xxx/546717/mc.MGPy8EG_A14N23LO_GGF_RS_G_ZZ_llll_kt1_m2000.py
546719,MGPy8EG_A14N23LO_GGF_RS_G_ZZ_llll_kt1_m3000,e8575,9.068299999999999e-07,1.0,1.0,30000.0,0.027181799850950483,2.462837141569286e-08,RS ZZ 4l,MadGraph(v.3.5.3.atlas6)+Pythia8(v.311)+EvtGen(v.2.2.1),"['bsm', 'exotic', 'graviton', 'randallsundrum', 'warpeded']","Randall-Sundrum extra dimension model, dark-matter-like, with ZZ decays to four leptons",https://gitlab.cern.ch/atlas-physics/pmg/mcjoboptions/-/blob/master/546xxx/546719/mc.MGPy8EG_A14N23LO_GGF_RS_G_ZZ_llll_kt1_m3000.py
390420,MGPy8EG_A14N23LO_TT_bWNLH_172d5_0_MadSpin_2L15,e5581,0.0005476999999999999,0.09400834,1.0,110000.0,117526.02111074328,127443.90117699394,Stop 2l,MadGraph5_aMC@NLO(v2.4.3.atlas)+Pythia8(v8.212)+EvtGen(v1.2.0),"['simplifiedmodel', 'stop', 'susy']","Supersymmetric stop with dilepton decays in stealth stop scenario",https://gitlab.cern.ch/atlas-physics/pmg/infrastructure/mc15joboptions/-/tree/master/share/DSID390xxx/MC15.390420.MGPy8EG_A14N23LO_TT_bWNLH_172d5_0_MadSpin_2L15.py
390447,MGPy8EG_A14N23LO_TT_bWNLH_190_17d5_MadSpin_2L15,e5581,0.030876,0.1064103,1.0,110000.0,117237.97308638692,126682.90448046265,Stop 2l,MadGraph5_aMC@NLO(v2.4.3.atlas)+Pythia8(v8.212)+EvtGen(v1.2.0),"['simplifiedmodel', 'stop', 'susy']","Supersymmetric stop with dilepton decays in stealth stop scenario",https://gitlab.cern.ch/atlas-physics/pmg/infrastructure/mc15joboptions/-/tree/master/share/DSID390xxx/MC15.390447.MGPy8EG_A14N23LO_TT_bWNLH_190_17d5_MadSpin_2L15.py
391833,MGPy8EG_A14N23LO_TT_bWNLH_230_30_MadSpin_2L15,e6206,9.236899999999999,0.1133052,1.0,100000.0,105825.24063718319,113325.49238151348,Stop 2l,MadGraph5_aMC@NLO(v2.4.3.atlas)+Pythia8(v8.212)+EvtGen(v1.2.0),"['simplifiedmodel', 'stop', 'susy']","Supersymmetric stop with dilepton decays in stealth stop scenario",https://gitlab.cern.ch/atlas-physics/pmg/infrastructure/mc15joboptions/-/tree/master/share/DSID391xxx/MC15.391833.MGPy8EG_A14N23LO_TT_bWNLH_230_30_MadSpin_2L15.py
562813,MGPy8EG_C1C1_WW_200_0_2L7_MadSpin,e8589,0.9025689999999998,0.07330697,1.0,20000.0,1656.5230941921473,141.3274882905912,C1C1 WW 2l,MadGraph(v.3.5.5.atlas11)+Pythia8(v.312.atlas2)+EvtGen(v.2.2.1),"['chargino', 'gaugino', 'slepton', 'sneutrino', 'susy']","Supersymmetric electroweakino production with leptonic decays",https://gitlab.cern.ch/atlas-physics/pmg/mcjoboptions/-/blob/master/562xxx/562813/mc.MGPy8EG_C1C1_WW_200_0_2L7_MadSpin.py
562815,MGPy8EG_C1C1_WW_250_0_2L7_MadSpin,e8589,0.387534,0.07806766,1.0,10000.0,1420.037431113422,206.3485122678259,C1C1 WW 2l,MadGraph(v.3.5.5.atlas11)+Pythia8(v.312.atlas2)+EvtGen(v.2.2.1),"['chargino', 'gaugino', 'slepton', 'sneutrino', 'susy']","Supersymmetric electroweakino production with leptonic decays",https://gitlab.cern.ch/atlas-physics/pmg/mcjoboptions/-/blob/master/562xxx/562815/mc.MGPy8EG_C1C1_WW_250_0_2L7_MadSpin.py
562817,MGPy8EG_C1C1_WW_250_100_2L7_MadSpin,e8589,0.387534,0.07558087,1.0,10000.0,237.77671186625957,5.8026612442771395,C1C1 WW 2l,MadGraph(v.3.5.5.atlas11)+Pythia8(v.312.atlas2)+EvtGen(v.2.2.1),"['chargino', 'gaugino', 'slepton', 'sneutrino', 'susy']","Supersymmetric electroweakino production with leptonic decays",https://gitlab.cern.ch/atlas-physics/pmg/mcjoboptions/-/blob/master/562xxx/562817/mc.MGPy8EG_C1C1_WW_250_100_2L7_MadSpin.py
562818,MGPy8EG_C1C1_WW_300_0_2L7_MadSpin,e8589,0.190159,0.08303549,1.0,10000.0,2086.7054726332426,446.795674472045,C1C1 WW 2l,MadGraph(v.3.5.5.atlas11)+Pythia8(v.312.atlas2)+EvtGen(v.2.2.1),"['chargino', 'gaugino', 'slepton', 'sneutrino', 'susy']","Supersymmetric electroweakino production with leptonic decays",https://gitlab.cern.ch/atlas-physics/pmg/mcjoboptions/-/blob/master/562xxx/562818/mc.MGPy8EG_C1C1_WW_300_0_2L7_MadSpin.py
562820,MGPy8EG_C1C1_WW_300_100_2L7_MadSpin,e8589,0.190159,0.08082464,1.0,10000.0,722.2622254155576,53.34717635654493,C1C1 WW 2l,MadGraph(v.3.5.5.atlas11)+Pythia8(v.312.atlas2)+EvtGen(v.2.2.1),"['chargino', 'gaugino', 'slepton', 'sneutrino', 'susy']","Supersymmetric electroweakino production with leptonic decays",https://gitlab.cern.ch/atlas-physics/pmg/mcjoboptions/-/blob/master/562xxx/562820/mc.MGPy8EG_C1C1_WW_300_100_2L7_MadSpin.py
562822,MGPy8EG_C1C1_WW_350_0_2L7_MadSpin,e8589,0.10219899999999998,0.08678955,1.0,10000.0,2776.913867801428,788.353410466046,C1C1 WW 2l,MadGraph(v.3.5.5.atlas11)+Pythia8(v.312.atlas2)+EvtGen(v.2.2.1),"['chargino', 'gaugino', 'slepton', 'sneutrino', 'susy']","Supersymmetric electroweakino production with leptonic decays",https://gitlab.cern.ch/atlas-physics/pmg/mcjoboptions/-/blob/master/562xxx/562822/mc.MGPy8EG_C1C1_WW_350_0_2L7_MadSpin.py
562824,MGPy8EG_C1C1_WW_350_100_2L7_MadSpin,e8589,0.10219899999999998,0.08565614,1.0,10000.0,1364.96674349159,190.19171145355273,C1C1 WW 2l,MadGraph(v.3.5.5.atlas11)+Pythia8(v.312.atlas2)+EvtGen(v.2.2.1),"['chargino', 'gaugino', 'slepton', 'sneutrino', 'susy']","Supersymmetric electroweakino production with leptonic decays",https://gitlab.cern.ch/atlas-physics/pmg/mcjoboptions/-/blob/master/562xxx/562824/mc.MGPy8EG_C1C1_WW_350_100_2L7_MadSpin.py
562826,MGPy8EG_C1C1_WW_350_200_2L7_MadSpin,e8589,0.10219899999999998,0.07992369,1.0,10000.0,109.87648149672896,1.2308599322818754,C1C1 WW 2l,MadGraph(v.3.5.5.atlas11)+Pythia8(v.312.atlas2)+EvtGen(v.2.2.1),"['chargino', 'gaugino', 'slepton', 'sneutrino', 'susy']","Supersymmetric electroweakino production with leptonic decays",https://gitlab.cern.ch/atlas-physics/pmg/mcjoboptions/-/blob/master/562xxx/562826/mc.MGPy8EG_C1C1_WW_350_200_2L7_MadSpin.py
562829,MGPy8EG_C1C1_WW_400_100_2L7_MadSpin,e8589,0.0586311,0.08939576,1.0,10000.0,2090.490606933832,446.3412082745441,C1C1 WW 2l,MadGraph(v.3.5.5.atlas11)+Pythia8(v.312.atlas2)+EvtGen(v.2.2.1),"['chargino', 'gaugino', 'slepton', 'sneutrino', 'susy']","Supersymmetric electroweakino production with leptonic decays",https://gitlab.cern.ch/atlas-physics/pmg/mcjoboptions/-/blob/master/562xxx/562829/mc.MGPy8EG_C1C1_WW_400_100_2L7_MadSpin.py
562831,MGPy8EG_C1C1_WW_400_200_2L7_MadSpin,e8589,0.0586311,0.08552522,1.0,10000.0,405.04017851501703,16.691077987405947,C1C1 WW 2l,MadGraph(v.3.5.5.atlas11)+Pythia8(v.312.atlas2)+EvtGen(v.2.2.1),"['chargino', 'gaugino', 'slepton', 'sneutrino', 'susy']","Supersymmetric electroweakino production with leptonic decays",https://gitlab.cern.ch/atlas-physics/pmg/mcjoboptions/-/blob/master/562xxx/562831/mc.MGPy8EG_C1C1_WW_400_200_2L7_MadSpin.py
562835,MGPy8EG_C1C1_WW_450_100_2L7_MadSpin,e8589,0.0353143,0.09213353,1.0,10000.0,2847.9155330359936,826.3264858548729,C1C1 WW 2l,MadGraph(v.3.5.5.atlas11)+Pythia8(v.312.atlas2)+EvtGen(v.2.2.1),"['chargino', 'gaugino', 'slepton', 'sneutrino', 'susy']","Supersymmetric electroweakino production with leptonic decays",https://gitlab.cern.ch/atlas-physics/pmg/mcjoboptions/-/blob/master/562xxx/562835/mc.MGPy8EG_C1C1_WW_450_100_2L7_MadSpin.py
562837,MGPy8EG_C1C1_WW_450_200_2L7_MadSpin,e8589,0.0353143,0.08807094,1.0,10000.0,870.7654635086656,77.31057259700253,C1C1 WW 2l,MadGraph(v.3.5.5.atlas11)+Pythia8(v.312.atlas2)+EvtGen(v.2.2.1),"['chargino', 'gaugino', 'slepton', 'sneutrino', 'susy']","Supersymmetric electroweakino production with leptonic decays",https://gitlab.cern.ch/atlas-physics/pmg/mcjoboptions/-/blob/master/562xxx/562837/mc.MGPy8EG_C1C1_WW_450_200_2L7_MadSpin.py
562839,MGPy8EG_C1C1_WW_450_300_2L7_MadSpin,e8589,0.0353143,0.0816715,1.0,10000.0,50.644758087117225,0.261706249420935,C1C1 WW 2l,MadGraph(v.3.5.5.atlas11)+Pythia8(v.312.atlas2)+EvtGen(v.2.2.1),"['chargino', 'gaugino', 'slepton', 'sneutrino', 'susy']","Supersymmetric electroweakino production with leptonic decays",https://gitlab.cern.ch/atlas-physics/pmg/mcjoboptions/-/blob/master/562xxx/562839/mc.MGPy8EG_C1C1_WW_450_300_2L7_MadSpin.py
562840,MGPy8EG_C1C1_WW_500_0_2L7_MadSpin,e8589,0.0221265,0.09616839,1.0,10000.0,4886.295440047979,2431.331191837793,C1C1 WW 2l,MadGraph(v.3.5.5.atlas11)+Pythia8(v.312.atlas2)+EvtGen(v.2.2.1),"['chargino', 'gaugino', 'slepton', 'sneutrino', 'susy']","Supersymmetric electroweakino production with leptonic decays",https://gitlab.cern.ch/atlas-physics/pmg/mcjoboptions/-/blob/master/562xxx/562840/mc.MGPy8EG_C1C1_WW_500_0_2L7_MadSpin.py
562846,MGPy8EG_C1C1_WW_500_300_2L7_MadSpin,e8589,0.0221265,0.08619198,1.0,10000.0,212.705053973943,4.612665364006647,C1C1 WW 2l,MadGraph(v.3.5.5.atlas11)+Pythia8(v.312.atlas2)+EvtGen(v.2.2.1),"['chargino', 'gaugino', 'slepton', 'sneutrino', 'susy']","Supersymmetric electroweakino production with leptonic decays",https://gitlab.cern.ch/atlas-physics/pmg/mcjoboptions/-/blob/master/562xxx/562846/mc.MGPy8EG_C1C1_WW_500_300_2L7_MadSpin.py
562848,MGPy8EG_C1C1_WW_550_0_2L7_MadSpin,e8589,0.014313399999999999,0.09928646,1.0,10000.0,5503.923373639584,3086.87377655434,C1C1 WW 2l,MadGraph(v.3.5.5.atlas11)+Pythia8(v.312.atlas2)+EvtGen(v.2.2.1),"['chargino', 'gaugino', 'slepton', 'sneutrino', 'susy']","Supersymmetric electroweakino production with leptonic decays",https://gitlab.cern.ch/atlas-physics/pmg/mcjoboptions/-/blob/master/562xxx/562848/mc.MGPy8EG_C1C1_WW_550_0_2L7_MadSpin.py
562852,MGPy8EG_C1C1_WW_550_200_2L7_MadSpin,e8589,0.014313399999999999,0.09610005,1.0,10000.0,2091.164876013994,445.1294495608071,C1C1 WW 2l,MadGraph(v.3.5.5.atlas11)+Pythia8(v.312.atlas2)+EvtGen(v.2.2.1),"['chargino', 'gaugino', 'slepton', 'sneutrino', 'susy']","Supersymmetric electroweakino production with leptonic decays",https://gitlab.cern.ch/atlas-physics/pmg/mcjoboptions/-/blob/master/562xxx/562852/mc.MGPy8EG_C1C1_WW_550_200_2L7_MadSpin.py
562854,MGPy8EG_C1C1_WW_550_300_2L7_MadSpin,e8589,0.014313399999999999,0.09163254,1.0,10000.0,502.4030430242419,25.698539904707488,C1C1 WW 2l,MadGraph(v.3.5.5.atlas11)+Pythia8(v.312.atlas2)+EvtGen(v.2.2.1),"['chargino', 'gaugino', 'slepton', 'sneutrino', 'susy']","Supersymmetric electroweakino production with leptonic decays",https://gitlab.cern.ch/atlas-physics/pmg/mcjoboptions/-/blob/master/562xxx/562854/mc.MGPy8EG_C1C1_WW_550_300_2L7_MadSpin.py
562856,MGPy8EG_C1C1_WW_550_400_2L7_MadSpin,e8589,0.014313399999999999,0.08191509,1.0,10000.0,24.288008731091395,0.0600962974809831,C1C1 WW 2l,MadGraph(v.3.5.5.atlas11)+Pythia8(v.312.atlas2)+EvtGen(v.2.2.1),"['chargino', 'gaugino', 'slepton', 'sneutrino', 'susy']","Supersymmetric electroweakino production with leptonic decays",https://gitlab.cern.ch/atlas-physics/pmg/mcjoboptions/-/blob/master/562xxx/562856/mc.MGPy8EG_C1C1_WW_550_400_2L7_MadSpin.py
562857,MGPy8EG_C1C1_WW_600_0_2L7_MadSpin,e8589,0.00949913,0.100706,1.0,10000.0,6066.238526970148,3744.688917332066,C1C1 WW 2l,MadGraph(v.3.5.5.atlas11)+Pythia8(v.312.atlas2)+EvtGen(v.2.2.1),"['chargino', 'gaugino', 'slepton', 'sneutrino', 'susy']","Supersymmetric electroweakino production with leptonic decays",https://gitlab.cern.ch/atlas-physics/pmg/mcjoboptions/-/blob/master/562xxx/562857/mc.MGPy8EG_C1C1_WW_600_0_2L7_MadSpin.py
562859,MGPy8EG_C1C1_WW_600_100_2L7_MadSpin,e8589,0.00949913,0.1012781,1.0,10000.0,4938.174739599228,2492.160260568367,C1C1 WW 2l,MadGraph(v.3.5.5.atlas11)+Pythia8(v.312.atlas2)+EvtGen(v.2.2.1),"['chargino', 'gaugino', 'slepton', 'sneutrino', 'susy']","Supersymmetric electroweakino production with leptonic decays",https://gitlab.cern.ch/atlas-physics/pmg/mcjoboptions/-/blob/master/562xxx/562859/mc.MGPy8EG_C1C1_WW_600_100_2L7_MadSpin.py
562861,MGPy8EG_C1C1_WW_600_200_2L7_MadSpin,e8589,0.00949913,0.09825757,1.0,10000.0,2749.5564191043377,771.1808967897608,C1C1 WW 2l,MadGraph(v.3.5.5.atlas11)+Pythia8(v.312.atlas2)+EvtGen(v.2.2.1),"['chargino', 'gaugino', 'slepton', 'sneutrino', 'susy']","Supersymmetric electroweakino production with leptonic decays",https://gitlab.cern.ch/atlas-physics/pmg/mcjoboptions/-/blob/master/562xxx/562861/mc.MGPy8EG_C1C1_WW_600_200_2L7_MadSpin.py
562863,MGPy8EG_C1C1_WW_600_300_2L7_MadSpin,e8589,0.00949913,0.09496572,1.0,10000.0,898.4287653118372,82.49969120569166,C1C1 WW 2l,MadGraph(v.3.5.5.atlas11)+Pythia8(v.312.atlas2)+EvtGen(v.2.2.1),"['chargino', 'gaugino', 'slepton', 'sneutrino', 'susy']","Supersymmetric electroweakino production with leptonic decays",https://gitlab.cern.ch/atlas-physics/pmg/mcjoboptions/-/blob/master/562xxx/562863/mc.MGPy8EG_C1C1_WW_600_300_2L7_MadSpin.py
562865,MGPy8EG_C1C1_WW_600_400_2L7_MadSpin,e8589,0.00949913,0.08752497,1.0,10000.0,111.42817321047187,1.2683598835583711,C1C1 WW 2l,MadGraph(v.3.5.5.atlas11)+Pythia8(v.312.atlas2)+EvtGen(v.2.2.1),"['chargino', 'gaugino', 'slepton', 'sneutrino', 'susy']","Supersymmetric electroweakino production with leptonic decays",https://gitlab.cern.ch/atlas-physics/pmg/mcjoboptions/-/blob/master/562xxx/562865/mc.MGPy8EG_C1C1_WW_600_400_2L7_MadSpin.py
562867,MGPy8EG_C1C1_WW_650_0_2L7_MadSpin,e8589,0.006432439999999999,0.1039093,1.0,10000.0,6561.413986504078,4375.808652113167,C1C1 WW 2l,MadGraph(v.3.5.5.atlas11)+Pythia8(v.312.atlas2)+EvtGen(v.2.2.1),"['chargino', 'gaugino', 'slepton', 'sneutrino', 'susy']","Supersymmetric electroweakino production with leptonic decays",https://gitlab.cern.ch/atlas-physics/pmg/mcjoboptions/-/blob/master/562xxx/562867/mc.MGPy8EG_C1C1_WW_650_0_2L7_MadSpin.py
562869,MGPy8EG_C1C1_WW_650_100_2L7_MadSpin,e8589,0.006432439999999999,0.1025429,1.0,10000.0,5518.344309926033,3108.9406385059883,C1C1 WW 2l,MadGraph(v.3.5.5.atlas11)+Pythia8(v.312.atlas2)+EvtGen(v.2.2.1),"['chargino', 'gaugino', 'slepton', 'sneutrino', 'susy']","Supersymmetric electroweakino production with leptonic decays",https://gitlab.cern.ch/atlas-physics/pmg/mcjoboptions/-/blob/master/562xxx/562869/mc.MGPy8EG_C1C1_WW_650_100_2L7_MadSpin.py
562871,MGPy8EG_C1C1_WW_650_200_2L7_MadSpin,e8589,0.006432439999999999,0.1012071,1.0,10000.0,3382.9554240107536,1166.8782435032322,C1C1 WW 2l,MadGraph(v.3.5.5.atlas11)+Pythia8(v.312.atlas2)+EvtGen(v.2.2.1),"['chargino', 'gaugino', 'slepton', 'sneutrino', 'susy']","Supersymmetric electroweakino production with leptonic decays",https://gitlab.cern.ch/atlas-physics/pmg/mcjoboptions/-/blob/master/562xxx/562871/mc.MGPy8EG_C1C1_WW_650_200_2L7_MadSpin.py
562873,MGPy8EG_C1C1_WW_650_300_2L7_MadSpin,e8589,0.006432439999999999,0.09766924,1.0,10000.0,1366.4011559337378,190.70539078695228,C1C1 WW 2l,MadGraph(v.3.5.5.atlas11)+Pythia8(v.312.atlas2)+EvtGen(v.2.2.1),"['chargino', 'gaugino', 'slepton', 'sneutrino', 'susy']","Supersymmetric electroweakino production with leptonic decays",https://gitlab.cern.ch/atlas-physics/pmg/mcjoboptions/-/blob/master/562xxx/562873/mc.MGPy8EG_C1C1_WW_650_300_2L7_MadSpin.py
562877,MGPy8EG_C1C1_WW_650_500_2L7_MadSpin,e8589,0.006432439999999999,0.08204031,1.0,10000.0,12.14537340553943,0.015104705304102295,C1C1 WW 2l,MadGraph(v.3.5.5.atlas11)+Pythia8(v.312.atlas2)+EvtGen(v.2.2.1),"['chargino', 'gaugino', 'slepton', 'sneutrino', 'susy']","Supersymmetric electroweakino production with leptonic decays",https://gitlab.cern.ch/atlas-physics/pmg/mcjoboptions/-/blob/master/562xxx/562877/mc.MGPy8EG_C1C1_WW_650_500_2L7_MadSpin.py
562878,MGPy8EG_C1C1_WW_700_0_2L7_MadSpin,e8589,0.004438699999999999,0.1057826,1.0,10000.0,6952.057205438614,4944.432930967847,C1C1 WW 2l,MadGraph(v.3.5.5.atlas11)+Pythia8(v.312.atlas2)+EvtGen(v.2.2.1),"['chargino', 'gaugino', 'slepton', 'sneutrino', 'susy']","Supersymmetric electroweakino production with leptonic decays",https://gitlab.cern.ch/atlas-physics/pmg/mcjoboptions/-/blob/master/562xxx/562878/mc.MGPy8EG_C1C1_WW_700_0_2L7_MadSpin.py
562880,MGPy8EG_C1C1_WW_700_100_2L7_MadSpin,e8589,0.004438699999999999,0.1049913,1.0,10000.0,6017.51819396019,3696.816692240011,C1C1 WW 2l,MadGraph(v.3.5.5.atlas11)+Pythia8(v.312.atlas2)+EvtGen(v.2.2.1),"['chargino', 'gaugino', 'slepton', 'sneutrino', 'susy']","Supersymmetric electroweakino production with leptonic decays",https://gitlab.cern.ch/atlas-physics/pmg/mcjoboptions/-/blob/master/562xxx/562880/mc.MGPy8EG_C1C1_WW_700_100_2L7_MadSpin.py
562882,MGPy8EG_C1C1_WW_700_200_2L7_MadSpin,e8589,0.004438699999999999,0.1029463,1.0,10000.0,3963.0900676846504,1607.910973067906,C1C1 WW 2l,MadGraph(v.3.5.5.atlas11)+Pythia8(v.312.atlas2)+EvtGen(v.2.2.1),"['chargino', 'gaugino', 'slepton', 'sneutrino', 'susy']","Supersymmetric electroweakino production with leptonic decays",https://gitlab.cern.ch/atlas-physics/pmg/mcjoboptions/-/blob/master/562xxx/562882/mc.MGPy8EG_C1C1_WW_700_200_2L7_MadSpin.py
562884,MGPy8EG_C1C1_WW_700_300_2L7_MadSpin,e8589,0.004438699999999999,0.10084,1.0,10000.0,1870.2044755220413,356.99443561100463,C1C1 WW 2l,MadGraph(v.3.5.5.atlas11)+Pythia8(v.312.atlas2)+EvtGen(v.2.2.1),"['chargino', 'gaugino', 'slepton', 'sneutrino', 'susy']","Supersymmetric electroweakino production with leptonic decays",https://gitlab.cern.ch/atlas-physics/pmg/mcjoboptions/-/blob/master/562xxx/562884/mc.MGPy8EG_C1C1_WW_700_300_2L7_MadSpin.py
562886,MGPy8EG_C1C1_WW_700_400_2L7_MadSpin,e8589,0.004438699999999999,0.09591681,1.0,10000.0,536.6363665312529,29.39040665972207,C1C1 WW 2l,MadGraph(v.3.5.5.atlas11)+Pythia8(v.312.atlas2)+EvtGen(v.2.2.1),"['chargino', 'gaugino', 'slepton', 'sneutrino', 'susy']","Supersymmetric electroweakino production with leptonic decays",https://gitlab.cern.ch/atlas-physics/pmg/mcjoboptions/-/blob/master/562xxx/562886/mc.MGPy8EG_C1C1_WW_700_400_2L7_MadSpin.py
562888,MGPy8EG_C1C1_WW_700_500_2L7_MadSpin,e8589,0.004438699999999999,0.08916867,1.0,10000.0,59.970385811291635,0.36653425346145585,C1C1 WW 2l,MadGraph(v.3.5.5.atlas11)+Pythia8(v.312.atlas2)+EvtGen(v.2.2.1),"['chargino', 'gaugino', 'slepton', 'sneutrino', 'susy']","Supersymmetric electroweakino production with leptonic decays",https://gitlab.cern.ch/atlas-physics/pmg/mcjoboptions/-/blob/master/562xxx/562888/mc.MGPy8EG_C1C1_WW_700_500_2L7_MadSpin.py
562889,MGPy8EG_C1C1_WW_750_0_2L7_MadSpin,e8589,0.00310861,0.1078405,1.0,10000.0,7290.382027745247,5434.589890076537,C1C1 WW 2l,MadGraph(v.3.5.5.atlas11)+Pythia8(v.312.atlas2)+EvtGen(v.2.2.1),"['chargino', 'gaugino', 'slepton', 'sneutrino', 'susy']","Supersymmetric electroweakino production with leptonic decays",https://gitlab.cern.ch/atlas-physics/pmg/mcjoboptions/-/blob/master/562xxx/562889/mc.MGPy8EG_C1C1_WW_750_0_2L7_MadSpin.py
562891,MGPy8EG_C1C1_WW_750_100_2L7_MadSpin,e8589,0.00310861,0.1076989,1.0,10000.0,6436.931011974812,4230.541289844843,C1C1 WW 2l,MadGraph(v.3.5.5.atlas11)+Pythia8(v.312.atlas2)+EvtGen(v.2.2.1),"['chargino', 'gaugino', 'slepton', 'sneutrino', 'susy']","Supersymmetric electroweakino production with leptonic decays",https://gitlab.cern.ch/atlas-physics/pmg/mcjoboptions/-/blob/master/562xxx/562891/mc.MGPy8EG_C1C1_WW_750_100_2L7_MadSpin.py
562893,MGPy8EG_C1C1_WW_750_200_2L7_MadSpin,e8589,0.00310861,0.105848,1.0,10000.0,4498.528257638216,2067.7825199081017,C1C1 WW 2l,MadGraph(v.3.5.5.atlas11)+Pythia8(v.312.atlas2)+EvtGen(v.2.2.1),"['chargino', 'gaugino', 'slepton', 'sneutrino', 'susy']","Supersymmetric electroweakino production with leptonic decays",https://gitlab.cern.ch/atlas-physics/pmg/mcjoboptions/-/blob/master/562xxx/562893/mc.MGPy8EG_C1C1_WW_750_200_2L7_MadSpin.py
562895,MGPy8EG_C1C1_WW_750_300_2L7_MadSpin,e8589,0.00310861,0.1030107,1.0,10000.0,2376.24919462204,578.6264696070481,C1C1 WW 2l,MadGraph(v.3.5.5.atlas11)+Pythia8(v.312.atlas2)+EvtGen(v.2.2.1),"['chargino', 'gaugino', 'slepton', 'sneutrino', 'susy']","Supersymmetric electroweakino production with leptonic decays",https://gitlab.cern.ch/atlas-physics/pmg/mcjoboptions/-/blob/master/562xxx/562895/mc.MGPy8EG_C1C1_WW_750_300_2L7_MadSpin.py
562897,MGPy8EG_C1C1_WW_750_400_2L7_MadSpin,e8589,0.00310861,0.09929104,1.0,10000.0,854.2024975046515,74.36661003691219,C1C1 WW 2l,MadGraph(v.3.5.5.atlas11)+Pythia8(v.312.atlas2)+EvtGen(v.2.2.1),"['chargino', 'gaugino', 'slepton', 'sneutrino', 'susy']","Supersymmetric electroweakino production with leptonic decays",https://gitlab.cern.ch/atlas-physics/pmg/mcjoboptions/-/blob/master/562xxx/562897/mc.MGPy8EG_C1C1_WW_750_400_2L7_MadSpin.py
562899,MGPy8EG_C1C1_WW_750_500_2L7_MadSpin,e8589,0.00310861,0.0933153,1.0,10000.0,160.51063844561577,2.633808576591896,C1C1 WW 2l,MadGraph(v.3.5.5.atlas11)+Pythia8(v.312.atlas2)+EvtGen(v.2.2.1),"['chargino', 'gaugino', 'slepton', 'sneutrino', 'susy']","Supersymmetric electroweakino production with leptonic decays",https://gitlab.cern.ch/atlas-physics/pmg/mcjoboptions/-/blob/master/562xxx/562899/mc.MGPy8EG_C1C1_WW_750_500_2L7_MadSpin.py
562900,MGPy8EG_C1C1_WW_800_0_2L7_MadSpin,e8589,0.0022119699999999997,0.1088789,1.0,10000.0,7533.952841639519,5793.470090289806,C1C1 WW 2l,MadGraph(v.3.5.5.atlas11)+Pythia8(v.312.atlas2)+EvtGen(v.2.2.1),"['chargino', 'gaugino', 'slepton', 'sneutrino', 'susy']","Supersymmetric electroweakino production with leptonic decays",https://gitlab.cern.ch/atlas-physics/pmg/mcjoboptions/-/blob/master/562xxx/562900/mc.MGPy8EG_C1C1_WW_800_0_2L7_MadSpin.py
562902,MGPy8EG_C1C1_WW_800_100_2L7_MadSpin,e8589,0.0022119699999999997,0.1091005,1.0,10000.0,6741.348220586777,4648.276116631614,C1C1 WW 2l,MadGraph(v.3.5.5.atlas11)+Pythia8(v.312.atlas2)+EvtGen(v.2.2.1),"['chargino', 'gaugino', 'slepton', 'sneutrino', 'susy']","Supersymmetric electroweakino production with leptonic decays",https://gitlab.cern.ch/atlas-physics/pmg/mcjoboptions/-/blob/master/562xxx/562902/mc.MGPy8EG_C1C1_WW_800_100_2L7_MadSpin.py
562904,MGPy8EG_C1C1_WW_800_200_2L7_MadSpin,e8589,0.0022119699999999997,0.1087893,1.0,10000.0,4940.541453033686,2499.027404329113,C1C1 WW 2l,MadGraph(v.3.5.5.atlas11)+Pythia8(v.312.atlas2)+EvtGen(v.2.2.1),"['chargino', 'gaugino', 'slepton', 'sneutrino', 'susy']","Supersymmetric electroweakino production with leptonic decays",https://gitlab.cern.ch/atlas-physics/pmg/mcjoboptions/-/blob/master/562xxx/562904/mc.MGPy8EG_C1C1_WW_800_200_2L7_MadSpin.py
562906,MGPy8EG_C1C1_WW_800_300_2L7_MadSpin,e8589,0.0022119699999999997,0.1063226,1.0,10000.0,2865.8500632345676,838.4357275477066,C1C1 WW 2l,MadGraph(v.3.5.5.atlas11)+Pythia8(v.312.atlas2)+EvtGen(v.2.2.1),"['chargino', 'gaugino', 'slepton', 'sneutrino', 'susy']","Supersymmetric electroweakino production with leptonic decays",https://gitlab.cern.ch/atlas-physics/pmg/mcjoboptions/-/blob/master/562xxx/562906/mc.MGPy8EG_C1C1_WW_800_300_2L7_MadSpin.py
562908,MGPy8EG_C1C1_WW_800_400_2L7_MadSpin,e8589,0.0022119699999999997,0.1009997,1.0,10000.0,1207.5772214978933,149.15521438325226,C1C1 WW 2l,MadGraph(v.3.5.5.atlas11)+Pythia8(v.312.atlas2)+EvtGen(v.2.2.1),"['chargino', 'gaugino', 'slepton', 'sneutrino', 'susy']","Supersymmetric electroweakino production with leptonic decays",https://gitlab.cern.ch/atlas-physics/pmg/mcjoboptions/-/blob/master/562xxx/562908/mc.MGPy8EG_C1C1_WW_800_400_2L7_MadSpin.py
562827,MGPy8EG_C1C1_WW_400_0_2L7_MadSpin,e8589,0.0586311,0.08971701,1.0,10000.0,3493.544873535633,1245.1906938223117,C1C1 WW 2l,MadGraph(v.3.5.5.atlas11)+Pythia8(v.312.atlas2)+EvtGen(v.2.2.1),"['chargino', 'gaugino', 'slepton', 'sneutrino', 'susy']","Supersymmetric electroweakino production with leptonic decays",https://gitlab.cern.ch/atlas-physics/pmg/mcjoboptions/-/blob/master/562xxx/562827/mc.MGPy8EG_C1C1_WW_400_0_2L7_MadSpin.py
562833,MGPy8EG_C1C1_WW_450_0_2L7_MadSpin,e8589,0.0353143,0.09353473,1.0,10000.0,4210.056072324514,1811.1881462737058,C1C1 WW 2l,MadGraph(v.3.5.5.atlas11)+Pythia8(v.312.atlas2)+EvtGen(v.2.2.1),"['chargino', 'gaugino', 'slepton', 'sneutrino', 'susy']","Supersymmetric electroweakino production with leptonic decays",https://gitlab.cern.ch/atlas-physics/pmg/mcjoboptions/-/blob/master/562xxx/562833/mc.MGPy8EG_C1C1_WW_450_0_2L7_MadSpin.py
562842,MGPy8EG_C1C1_WW_500_100_2L7_MadSpin,e8589,0.0221265,0.0955801,1.0,10000.0,3595.4704768955708,1313.8601974465823,C1C1 WW 2l,MadGraph(v.3.5.5.atlas11)+Pythia8(v.312.atlas2)+EvtGen(v.2.2.1),"['chargino', 'gaugino', 'slepton', 'sneutrino', 'susy']","Supersymmetric electroweakino production with leptonic decays",https://gitlab.cern.ch/atlas-physics/pmg/mcjoboptions/-/blob/master/562xxx/562842/mc.MGPy8EG_C1C1_WW_500_100_2L7_MadSpin.py
562844,MGPy8EG_C1C1_WW_500_200_2L7_MadSpin,e8589,0.0221265,0.09181744,1.0,10000.0,1451.5411941036582,214.4510607028145,C1C1 WW 2l,MadGraph(v.3.5.5.atlas11)+Pythia8(v.312.atlas2)+EvtGen(v.2.2.1),"['chargino', 'gaugino', 'slepton', 'sneutrino', 'susy']","Supersymmetric electroweakino production with leptonic decays",https://gitlab.cern.ch/atlas-physics/pmg/mcjoboptions/-/blob/master/562xxx/562844/mc.MGPy8EG_C1C1_WW_500_200_2L7_MadSpin.py
562850,MGPy8EG_C1C1_WW_550_100_2L7_MadSpin,e8589,0.014313399999999999,0.09792363,1.0,10000.0,4306.345308274031,1884.7466847436856,C1C1 WW 2l,MadGraph(v.3.5.5.atlas11)+Pythia8(v.312.atlas2)+EvtGen(v.2.2.1),"['chargino', 'gaugino', 'slepton', 'sneutrino', 'susy']","Supersymmetric electroweakino production with leptonic decays",https://gitlab.cern.ch/atlas-physics/pmg/mcjoboptions/-/blob/master/562xxx/562850/mc.MGPy8EG_C1C1_WW_550_100_2L7_MadSpin.py
562875,MGPy8EG_C1C1_WW_650_400_2L7_MadSpin,e8589,0.006432439999999999,0.09213363,1.0,10000.0,283.3825891818851,8.218057143143588,C1C1 WW 2l,MadGraph(v.3.5.5.atlas11)+Pythia8(v.312.atlas2)+EvtGen(v.2.2.1),"['chargino', 'gaugino', 'slepton', 'sneutrino', 'susy']","Supersymmetric electroweakino production with leptonic decays",https://gitlab.cern.ch/atlas-physics/pmg/mcjoboptions/-/blob/master/562xxx/562875/mc.MGPy8EG_C1C1_WW_650_400_2L7_MadSpin.py
562910,MGPy8EG_C1C1_WW_800_500_2L7_MadSpin,e8589,0.0022119699999999997,0.09602179,1.0,10000.0,316.5224455371499,10.255585496674037,C1C1 WW 2l,MadGraph(v.3.5.5.atlas11)+Pythia8(v.312.atlas2)+EvtGen(v.2.2.1),"['chargino', 'gaugino', 'slepton', 'sneutrino', 'susy']","Supersymmetric electroweakino production with leptonic decays",https://gitlab.cern.ch/atlas-physics/pmg/mcjoboptions/-/blob/master/562xxx/562910/mc.MGPy8EG_C1C1_WW_800_500_2L7_MadSpin.py
562911,MGPy8EG_C1C1_WW_900_0_2L7_MadSpin,e8589,0.00115301,0.1133421,1.0,10000.0,7732.502933204174,6167.794196563029,C1C1 WW 2l,MadGraph(v.3.5.5.atlas11)+Pythia8(v.312.atlas2)+EvtGen(v.2.2.1),"['chargino', 'gaugino', 'slepton', 'sneutrino', 'susy']","Supersymmetric electroweakino production with leptonic decays",https://gitlab.cern.ch/atlas-physics/pmg/mcjoboptions/-/blob/master/562xxx/562911/mc.MGPy8EG_C1C1_WW_900_0_2L7_MadSpin.py
562913,MGPy8EG_C1C1_WW_900_100_2L7_MadSpin,e8589,0.00115301,0.1130204,1.0,10000.0,7114.541397750378,5210.9410448256085,C1C1 WW 2l,MadGraph(v.3.5.5.atlas11)+Pythia8(v.312.atlas2)+EvtGen(v.2.2.1),"['chargino', 'gaugino', 'slepton', 'sneutrino', 'susy']","Supersymmetric electroweakino production with leptonic decays",https://gitlab.cern.ch/atlas-physics/pmg/mcjoboptions/-/blob/master/562xxx/562913/mc.MGPy8EG_C1C1_WW_900_100_2L7_MadSpin.py
562915,MGPy8EG_C1C1_WW_900_200_2L7_MadSpin,e8589,0.00115301,0.1112694,1.0,10000.0,5610.359865128994,3222.948224029256,C1C1 WW 2l,MadGraph(v.3.5.5.atlas11)+Pythia8(v.312.atlas2)+EvtGen(v.2.2.1),"['chargino', 'gaugino', 'slepton', 'sneutrino', 'susy']","Supersymmetric electroweakino production with leptonic decays",https://gitlab.cern.ch/atlas-physics/pmg/mcjoboptions/-/blob/master/562xxx/562915/mc.MGPy8EG_C1C1_WW_900_200_2L7_MadSpin.py
562917,MGPy8EG_C1C1_WW_900_300_2L7_MadSpin,e8589,0.00115301,0.1099934,1.0,10000.0,3687.4643885195255,1392.003457257706,C1C1 WW 2l,MadGraph(v.3.5.5.atlas11)+Pythia8(v.312.atlas2)+EvtGen(v.2.2.1),"['chargino', 'gaugino', 'slepton', 'sneutrino', 'susy']","Supersymmetric electroweakino production with leptonic decays",https://gitlab.cern.ch/atlas-physics/pmg/mcjoboptions/-/blob/master/562xxx/562917/mc.MGPy8EG_C1C1_WW_900_300_2L7_MadSpin.py
562919,MGPy8EG_C1C1_WW_900_400_2L7_MadSpin,e8589,0.00115301,0.1080124,1.0,10000.0,1951.0215520113707,389.59517220500663,C1C1 WW 2l,MadGraph(v.3.5.5.atlas11)+Pythia8(v.312.atlas2)+EvtGen(v.2.2.1),"['chargino', 'gaugino', 'slepton', 'sneutrino', 'susy']","Supersymmetric electroweakino production with leptonic decays",https://gitlab.cern.ch/atlas-physics/pmg/mcjoboptions/-/blob/master/562xxx/562919/mc.MGPy8EG_C1C1_WW_900_400_2L7_MadSpin.py
562921,MGPy8EG_C1C1_WW_900_500_2L7_MadSpin,e8589,0.00115301,0.1035249,1.0,10000.0,762.0535208880901,59.631178959487116,C1C1 WW 2l,MadGraph(v.3.5.5.atlas11)+Pythia8(v.312.atlas2)+EvtGen(v.2.2.1),"['chargino', 'gaugino', 'slepton', 'sneutrino', 'susy']","Supersymmetric electroweakino production with leptonic decays",https://gitlab.cern.ch/atlas-physics/pmg/mcjoboptions/-/blob/master/562xxx/562921/mc.MGPy8EG_C1C1_WW_900_500_2L7_MadSpin.py
562922,MGPy8EG_C1C1_WW_1000_0_2L7_MadSpin,e8589,0.000621866,0.1166382,1.0,10000.0,7690.151763558388,6098.642277779663,C1C1 WW 2l,MadGraph(v.3.5.5.atlas11)+Pythia8(v.312.atlas2)+EvtGen(v.2.2.1),"['chargino', 'gaugino', 'slepton', 'sneutrino', 'susy']","Supersymmetric electroweakino production with leptonic decays",https://gitlab.cern.ch/atlas-physics/pmg/mcjoboptions/-/blob/master/562xxx/562922/mc.MGPy8EG_C1C1_WW_1000_0_2L7_MadSpin.py
562924,MGPy8EG_C1C1_WW_1000_100_2L7_MadSpin,e8589,0.000621866,0.1157547,1.0,10000.0,7201.956519007683,5367.1582353600525,C1C1 WW 2l,MadGraph(v.3.5.5.atlas11)+Pythia8(v.312.atlas2)+EvtGen(v.2.2.1),"['chargino', 'gaugino', 'slepton', 'sneutrino', 'susy']","Supersymmetric electroweakino production with leptonic decays",https://gitlab.cern.ch/atlas-physics/pmg/mcjoboptions/-/blob/master/562xxx/562924/mc.MGPy8EG_C1C1_WW_1000_100_2L7_MadSpin.py
562926,MGPy8EG_C1C1_WW_1000_200_2L7_MadSpin,e8589,0.000621866,0.1155626,1.0,10000.0,5919.956698656082,3626.294287625231,C1C1 WW 2l,MadGraph(v.3.5.5.atlas11)+Pythia8(v.312.atlas2)+EvtGen(v.2.2.1),"['chargino', 'gaugino', 'slepton', 'sneutrino', 'susy']","Supersymmetric electroweakino production with leptonic decays",https://gitlab.cern.ch/atlas-physics/pmg/mcjoboptions/-/blob/master/562xxx/562926/mc.MGPy8EG_C1C1_WW_1000_200_2L7_MadSpin.py
562928,MGPy8EG_C1C1_WW_1000_300_2L7_MadSpin,e8589,0.000621866,0.1136332,1.0,10000.0,4262.308058798313,1877.1143692235958,C1C1 WW 2l,MadGraph(v.3.5.5.atlas11)+Pythia8(v.312.atlas2)+EvtGen(v.2.2.1),"['chargino', 'gaugino', 'slepton', 'sneutrino', 'susy']","Supersymmetric electroweakino production with leptonic decays",https://gitlab.cern.ch/atlas-physics/pmg/mcjoboptions/-/blob/master/562xxx/562928/mc.MGPy8EG_C1C1_WW_1000_300_2L7_MadSpin.py
562930,MGPy8EG_C1C1_WW_1000_400_2L7_MadSpin,e8589,0.000621866,0.1106668,1.0,10000.0,2591.309343367815,693.7399940007552,C1C1 WW 2l,MadGraph(v.3.5.5.atlas11)+Pythia8(v.312.atlas2)+EvtGen(v.2.2.1),"['chargino', 'gaugino', 'slepton', 'sneutrino', 'susy']","Supersymmetric electroweakino production with leptonic decays",https://gitlab.cern.ch/atlas-physics/pmg/mcjoboptions/-/blob/master/562xxx/562930/mc.MGPy8EG_C1C1_WW_1000_400_2L7_MadSpin.py
562932,MGPy8EG_C1C1_WW_1000_500_2L7_MadSpin,e8589,0.000621866,0.1081099,1.0,10000.0,1286.9707907885313,170.75693338539406,C1C1 WW 2l,MadGraph(v.3.5.5.atlas11)+Pythia8(v.312.atlas2)+EvtGen(v.2.2.1),"['chargino', 'gaugino', 'slepton', 'sneutrino', 'susy']","Supersymmetric electroweakino production with leptonic decays",https://gitlab.cern.ch/atlas-physics/pmg/mcjoboptions/-/blob/master/562xxx/562932/mc.MGPy8EG_C1C1_WW_1000_500_2L7_MadSpin.py
562933,MGPy8EG_C1C1_WW_1100_0_2L7_MadSpin,e8589,0.000342626,0.1185054,1.0,10000.0,7437.176529705524,5691.352065473438,C1C1 WW 2l,MadGraph(v.3.5.5.atlas11)+Pythia8(v.312.atlas2)+EvtGen(v.2.2.1),"['chargino', 'gaugino', 'slepton', 'sneutrino', 'susy']","Supersymmetric electroweakino production with leptonic decays",https://gitlab.cern.ch/atlas-physics/pmg/mcjoboptions/-/blob/master/562xxx/562933/mc.MGPy8EG_C1C1_WW_1100_0_2L7_MadSpin.py
562935,MGPy8EG_C1C1_WW_1100_100_2L7_MadSpin,e8589,0.000342626,0.1189205,1.0,10000.0,7021.605398118496,5112.954499078666,C1C1 WW 2l,MadGraph(v.3.5.5.atlas11)+Pythia8(v.312.atlas2)+EvtGen(v.2.2.1),"['chargino', 'gaugino', 'slepton', 'sneutrino', 'susy']","Supersymmetric electroweakino production with leptonic decays",https://gitlab.cern.ch/atlas-physics/pmg/mcjoboptions/-/blob/master/562xxx/562935/mc.MGPy8EG_C1C1_WW_1100_100_2L7_MadSpin.py
562937,MGPy8EG_C1C1_WW_1100_200_2L7_MadSpin,e8589,0.000342626,0.1183454,1.0,10000.0,5995.683368742466,3736.8078361032312,C1C1 WW 2l,MadGraph(v.3.5.5.atlas11)+Pythia8(v.312.atlas2)+EvtGen(v.2.2.1),"['chargino', 'gaugino', 'slepton', 'sneutrino', 'susy']","Supersymmetric electroweakino production with leptonic decays",https://gitlab.cern.ch/atlas-physics/pmg/mcjoboptions/-/blob/master/562xxx/562937/mc.MGPy8EG_C1C1_WW_1100_200_2L7_MadSpin.py
562939,MGPy8EG_C1C1_WW_1100_300_2L7_MadSpin,e8589,0.000342626,0.1162184,1.0,10000.0,4574.934875249863,2167.699726707549,C1C1 WW 2l,MadGraph(v.3.5.5.atlas11)+Pythia8(v.312.atlas2)+EvtGen(v.2.2.1),"['chargino', 'gaugino', 'slepton', 'sneutrino', 'susy']","Supersymmetric electroweakino production with leptonic decays",https://gitlab.cern.ch/atlas-physics/pmg/mcjoboptions/-/blob/master/562xxx/562939/mc.MGPy8EG_C1C1_WW_1100_300_2L7_MadSpin.py
562941,MGPy8EG_C1C1_WW_1100_400_2L7_MadSpin,e8589,0.000342626,0.1146039,1.0,10000.0,3081.010162770748,981.5080381992938,C1C1 WW 2l,MadGraph(v.3.5.5.atlas11)+Pythia8(v.312.atlas2)+EvtGen(v.2.2.1),"['chargino', 'gaugino', 'slepton', 'sneutrino', 'susy']","Supersymmetric electroweakino production with leptonic decays",https://gitlab.cern.ch/atlas-physics/pmg/mcjoboptions/-/blob/master/562xxx/562941/mc.MGPy8EG_C1C1_WW_1100_400_2L7_MadSpin.py
562943,MGPy8EG_C1C1_WW_1100_500_2L7_MadSpin,e8589,0.000342626,0.1128688,1.0,10000.0,1778.9491982460022,326.7774031675805,C1C1 WW 2l,MadGraph(v.3.5.5.atlas11)+Pythia8(v.312.atlas2)+EvtGen(v.2.2.1),"['chargino', 'gaugino', 'slepton', 'sneutrino', 'susy']","Supersymmetric electroweakino production with leptonic decays",https://gitlab.cern.ch/atlas-physics/pmg/mcjoboptions/-/blob/master/562xxx/562943/mc.MGPy8EG_C1C1_WW_1100_500_2L7_MadSpin.py
562944,MGPy8EG_C1C1_WW_1200_0_2L7_MadSpin,e8589,0.00019604399999999998,0.123025,1.0,10000.0,6963.565573513508,5089.265193451489,C1C1 WW 2l,MadGraph(v.3.5.5.atlas11)+Pythia8(v.312.atlas2)+EvtGen(v.2.2.1),"['chargino', 'gaugino', 'slepton', 'sneutrino', 'susy']","Supersymmetric electroweakino production with leptonic decays",https://gitlab.cern.ch/atlas-physics/pmg/mcjoboptions/-/blob/master/562xxx/562944/mc.MGPy8EG_C1C1_WW_1200_0_2L7_MadSpin.py
562946,MGPy8EG_C1C1_WW_1200_100_2L7_MadSpin,e8589,0.00019604399999999998,0.1218538,1.0,10000.0,6656.693748772144,4656.470315848128,C1C1 WW 2l,MadGraph(v.3.5.5.atlas11)+Pythia8(v.312.atlas2)+EvtGen(v.2.2.1),"['chargino', 'gaugino', 'slepton', 'sneutrino', 'susy']","Supersymmetric electroweakino production with leptonic decays",https://gitlab.cern.ch/atlas-physics/pmg/mcjoboptions/-/blob/master/562xxx/562946/mc.MGPy8EG_C1C1_WW_1200_100_2L7_MadSpin.py
562948,MGPy8EG_C1C1_WW_1200_200_2L7_MadSpin,e8589,0.00019604399999999998,0.1211799,1.0,10000.0,5832.786861479282,3565.661716466376,C1C1 WW 2l,MadGraph(v.3.5.5.atlas11)+Pythia8(v.312.atlas2)+EvtGen(v.2.2.1),"['chargino', 'gaugino', 'slepton', 'sneutrino', 'susy']","Supersymmetric electroweakino production with leptonic decays",https://gitlab.cern.ch/atlas-physics/pmg/mcjoboptions/-/blob/master/562xxx/562948/mc.MGPy8EG_C1C1_WW_1200_200_2L7_MadSpin.py
562950,MGPy8EG_C1C1_WW_1200_300_2L7_MadSpin,e8589,0.00019604399999999998,0.1209491,1.0,10000.0,4662.301134586334,2283.6988577476714,C1C1 WW 2l,MadGraph(v.3.5.5.atlas11)+Pythia8(v.312.atlas2)+EvtGen(v.2.2.1),"['chargino', 'gaugino', 'slepton', 'sneutrino', 'susy']","Supersymmetric electroweakino production with leptonic decays",https://gitlab.cern.ch/atlas-physics/pmg/mcjoboptions/-/blob/master/562xxx/562950/mc.MGPy8EG_C1C1_WW_1200_300_2L7_MadSpin.py
562952,MGPy8EG_C1C1_WW_1200_400_2L7_MadSpin,e8589,0.00019604399999999998,0.1189864,1.0,10000.0,3374.274795949459,1187.8060207563278,C1C1 WW 2l,MadGraph(v.3.5.5.atlas11)+Pythia8(v.312.atlas2)+EvtGen(v.2.2.1),"['chargino', 'gaugino', 'slepton', 'sneutrino', 'susy']","Supersymmetric electroweakino production with leptonic decays",https://gitlab.cern.ch/atlas-physics/pmg/mcjoboptions/-/blob/master/562xxx/562952/mc.MGPy8EG_C1C1_WW_1200_400_2L7_MadSpin.py
562954,MGPy8EG_C1C1_WW_1200_500_2L7_MadSpin,e8589,0.00019604399999999998,0.1162643,1.0,10000.0,2152.8637175559998,486.45729331514303,C1C1 WW 2l,MadGraph(v.3.5.5.atlas11)+Pythia8(v.312.atlas2)+EvtGen(v.2.2.1),"['chargino', 'gaugino', 'slepton', 'sneutrino', 'susy']","Supersymmetric electroweakino production with leptonic decays",https://gitlab.cern.ch/atlas-physics/pmg/mcjoboptions/-/blob/master/562xxx/562954/mc.MGPy8EG_C1C1_WW_1200_500_2L7_MadSpin.py
563239,MGPy8EG_C1pN2_WZ_200_0_2L7_MadSpin,e8589,1.17026,0.09145432,1.0,30000.0,131.7044793367386,0.6003110333622225,C1N2 WZ ll,MadGraph(v.3.5.5.atlas11)+Pythia8(v.312.atlas2)+EvtGen(v.2.2.1),"['chargino', 'gaugino', 'neutralino', 'susy']","Supersymmetric electroweakino production with leptonic decays",https://gitlab.cern.ch/atlas-physics/pmg/mcjoboptions/-/blob/master/563xxx/563239/mc.MGPy8EG_C1pN2_WZ_200_0_2L7_MadSpin.py
563241,MGPy8EG_C1pN2_WZ_250_0_2L7_MadSpin,e8589,0.5172589999999999,0.0971934,1.0,20000.0,158.45637708809227,1.291675094530849,C1N2 WZ ll,MadGraph(v.3.5.5.atlas11)+Pythia8(v.312.atlas2)+EvtGen(v.2.2.1),"['chargino', 'gaugino', 'neutralino', 'susy']","Supersymmetric electroweakino production with leptonic decays",https://gitlab.cern.ch/atlas-physics/pmg/mcjoboptions/-/blob/master/563xxx/563241/mc.MGPy8EG_C1pN2_WZ_250_0_2L7_MadSpin.py
563243,MGPy8EG_C1pN2_WZ_250_100_2L7_MadSpin,e8589,0.5172589999999999,0.09328994,1.0,20000.0,50.00744808872696,0.12883862266694146,C1N2 WZ ll,MadGraph(v.3.5.5.atlas11)+Pythia8(v.312.atlas2)+EvtGen(v.2.2.1),"['chargino', 'gaugino', 'neutralino', 'susy']","Supersymmetric electroweakino production with leptonic decays",https://gitlab.cern.ch/atlas-physics/pmg/mcjoboptions/-/blob/master/563xxx/563243/mc.MGPy8EG_C1pN2_WZ_250_100_2L7_MadSpin.py
563244,MGPy8EG_C1pN2_WZ_300_0_2L7_MadSpin,e8589,0.260319,0.1032976,1.0,10000.0,120.0282210027799,1.4796491427789886,C1N2 WZ ll,MadGraph(v.3.5.5.atlas11)+Pythia8(v.312.atlas2)+EvtGen(v.2.2.1),"['chargino', 'gaugino', 'neutralino', 'susy']","Supersymmetric electroweakino production with leptonic decays",https://gitlab.cern.ch/atlas-physics/pmg/mcjoboptions/-/blob/master/563xxx/563244/mc.MGPy8EG_C1pN2_WZ_300_0_2L7_MadSpin.py
563248,MGPy8EG_C1pN2_WZ_350_0_2L7_MadSpin,e8589,0.143126,0.1073581,1.0,10000.0,163.84672095719725,2.7569371975880195,C1N2 WZ ll,MadGraph(v.3.5.5.atlas11)+Pythia8(v.312.atlas2)+EvtGen(v.2.2.1),"['chargino', 'gaugino', 'neutralino', 'susy']","Supersymmetric electroweakino production with leptonic decays",https://gitlab.cern.ch/atlas-physics/pmg/mcjoboptions/-/blob/master/563xxx/563248/mc.MGPy8EG_C1pN2_WZ_350_0_2L7_MadSpin.py
563250,MGPy8EG_C1pN2_WZ_350_100_2L7_MadSpin,e8589,0.143126,0.1048996,1.0,10000.0,99.69266310147941,1.016768140038909,C1N2 WZ ll,MadGraph(v.3.5.5.atlas11)+Pythia8(v.312.atlas2)+EvtGen(v.2.2.1),"['chargino', 'gaugino', 'neutralino', 'susy']","Supersymmetric electroweakino production with leptonic decays",https://gitlab.cern.ch/atlas-physics/pmg/mcjoboptions/-/blob/master/563xxx/563250/mc.MGPy8EG_C1pN2_WZ_350_100_2L7_MadSpin.py
563252,MGPy8EG_C1pN2_WZ_350_200_2L7_MadSpin,e8589,0.143126,0.09754466,1.0,10000.0,13.334847616613843,0.01821000951207353,C1N2 WZ ll,MadGraph(v.3.5.5.atlas11)+Pythia8(v.312.atlas2)+EvtGen(v.2.2.1),"['chargino', 'gaugino', 'neutralino', 'susy']","Supersymmetric electroweakino production with leptonic decays",https://gitlab.cern.ch/atlas-physics/pmg/mcjoboptions/-/blob/master/563xxx/563252/mc.MGPy8EG_C1pN2_WZ_350_200_2L7_MadSpin.py
563253,MGPy8EG_C1pN2_WZ_400_0_2L7_MadSpin,e8589,0.08390689999999999,0.1114364,1.0,10000.0,210.5073766745627,4.526266305554498,C1N2 WZ ll,MadGraph(v.3.5.5.atlas11)+Pythia8(v.312.atlas2)+EvtGen(v.2.2.1),"['chargino', 'gaugino', 'neutralino', 'susy']","Supersymmetric electroweakino production with leptonic decays",https://gitlab.cern.ch/atlas-physics/pmg/mcjoboptions/-/blob/master/563xxx/563253/mc.MGPy8EG_C1pN2_WZ_400_0_2L7_MadSpin.py
563255,MGPy8EG_C1pN2_WZ_400_100_2L7_MadSpin,e8589,0.08390689999999999,0.1106356,1.0,10000.0,145.03386409860104,2.154583174659719,C1N2 WZ ll,MadGraph(v.3.5.5.atlas11)+Pythia8(v.312.atlas2)+EvtGen(v.2.2.1),"['chargino', 'gaugino', 'neutralino', 'susy']","Supersymmetric electroweakino production with leptonic decays",https://gitlab.cern.ch/atlas-physics/pmg/mcjoboptions/-/blob/master/563xxx/563255/mc.MGPy8EG_C1pN2_WZ_400_100_2L7_MadSpin.py
563257,MGPy8EG_C1pN2_WZ_400_200_2L7_MadSpin,e8589,0.08390689999999999,0.1046538,1.0,10000.0,37.133362737251446,0.14143187983805267,C1N2 WZ ll,MadGraph(v.3.5.5.atlas11)+Pythia8(v.312.atlas2)+EvtGen(v.2.2.1),"['chargino', 'gaugino', 'neutralino', 'susy']","Supersymmetric electroweakino production with leptonic decays",https://gitlab.cern.ch/atlas-physics/pmg/mcjoboptions/-/blob/master/563xxx/563257/mc.MGPy8EG_C1pN2_WZ_400_200_2L7_MadSpin.py
563259,MGPy8EG_C1pN2_WZ_450_0_2L7_MadSpin,e8589,0.0515901,0.1162604,1.0,10000.0,258.37982872501016,6.849969099388994,C1N2 WZ ll,MadGraph(v.3.5.5.atlas11)+Pythia8(v.312.atlas2)+EvtGen(v.2.2.1),"['chargino', 'gaugino', 'neutralino', 'susy']","Supersymmetric electroweakino production with leptonic decays",https://gitlab.cern.ch/atlas-physics/pmg/mcjoboptions/-/blob/master/563xxx/563259/mc.MGPy8EG_C1pN2_WZ_450_0_2L7_MadSpin.py
563261,MGPy8EG_C1pN2_WZ_450_100_2L7_MadSpin,e8589,0.0515901,0.1142026,1.0,10000.0,192.36569976992905,3.785609962029304,C1N2 WZ ll,MadGraph(v.3.5.5.atlas11)+Pythia8(v.312.atlas2)+EvtGen(v.2.2.1),"['chargino', 'gaugino', 'neutralino', 'susy']","Supersymmetric electroweakino production with leptonic decays",https://gitlab.cern.ch/atlas-physics/pmg/mcjoboptions/-/blob/master/563xxx/563261/mc.MGPy8EG_C1pN2_WZ_450_100_2L7_MadSpin.py
563263,MGPy8EG_C1pN2_WZ_450_200_2L7_MadSpin,e8589,0.0515901,0.1095738,1.0,10000.0,69.69521347247064,0.4987094042871835,C1N2 WZ ll,MadGraph(v.3.5.5.atlas11)+Pythia8(v.312.atlas2)+EvtGen(v.2.2.1),"['chargino', 'gaugino', 'neutralino', 'susy']","Supersymmetric electroweakino production with leptonic decays",https://gitlab.cern.ch/atlas-physics/pmg/mcjoboptions/-/blob/master/563xxx/563263/mc.MGPy8EG_C1pN2_WZ_450_200_2L7_MadSpin.py
563265,MGPy8EG_C1pN2_WZ_450_300_2L7_MadSpin,e8589,0.0515901,0.0997844,1.0,10000.0,6.562045780126937,0.004415311075124365,C1N2 WZ ll,MadGraph(v.3.5.5.atlas11)+Pythia8(v.312.atlas2)+EvtGen(v.2.2.1),"['chargino', 'gaugino', 'neutralino', 'susy']","Supersymmetric electroweakino production with leptonic decays",https://gitlab.cern.ch/atlas-physics/pmg/mcjoboptions/-/blob/master/563xxx/563265/mc.MGPy8EG_C1pN2_WZ_450_300_2L7_MadSpin.py
563268,MGPy8EG_C1pN2_WZ_500_100_2L7_MadSpin,e8589,0.0329135,0.1172279,1.0,10000.0,240.05793137289584,5.913529792372571,C1N2 WZ ll,MadGraph(v.3.5.5.atlas11)+Pythia8(v.312.atlas2)+EvtGen(v.2.2.1),"['chargino', 'gaugino', 'neutralino', 'susy']","Supersymmetric electroweakino production with leptonic decays",https://gitlab.cern.ch/atlas-physics/pmg/mcjoboptions/-/blob/master/563xxx/563268/mc.MGPy8EG_C1pN2_WZ_500_100_2L7_MadSpin.py
563270,MGPy8EG_C1pN2_WZ_500_200_2L7_MadSpin,e8589,0.0329135,0.1136045,1.0,10000.0,108.32608211506158,1.2004804971568357,C1N2 WZ ll,MadGraph(v.3.5.5.atlas11)+Pythia8(v.312.atlas2)+EvtGen(v.2.2.1),"['chargino', 'gaugino', 'neutralino', 'susy']","Supersymmetric electroweakino production with leptonic decays",https://gitlab.cern.ch/atlas-physics/pmg/mcjoboptions/-/blob/master/563xxx/563270/mc.MGPy8EG_C1pN2_WZ_500_200_2L7_MadSpin.py
563274,MGPy8EG_C1pN2_WZ_550_0_2L7_MadSpin,e8589,0.021643999999999997,0.1220837,1.0,10000.0,347.2691272608936,12.38308995045845,C1N2 WZ ll,MadGraph(v.3.5.5.atlas11)+Pythia8(v.312.atlas2)+EvtGen(v.2.2.1),"['chargino', 'gaugino', 'neutralino', 'susy']","Supersymmetric electroweakino production with leptonic decays",https://gitlab.cern.ch/atlas-physics/pmg/mcjoboptions/-/blob/master/563xxx/563274/mc.MGPy8EG_C1pN2_WZ_550_0_2L7_MadSpin.py
563276,MGPy8EG_C1pN2_WZ_550_100_2L7_MadSpin,e8589,0.021643999999999997,0.121587,1.0,10000.0,286.53638891130686,8.39419414454223,C1N2 WZ ll,MadGraph(v.3.5.5.atlas11)+Pythia8(v.312.atlas2)+EvtGen(v.2.2.1),"['chargino', 'gaugino', 'neutralino', 'susy']","Supersymmetric electroweakino production with leptonic decays",https://gitlab.cern.ch/atlas-physics/pmg/mcjoboptions/-/blob/master/563xxx/563276/mc.MGPy8EG_C1pN2_WZ_550_100_2L7_MadSpin.py
563278,MGPy8EG_C1pN2_WZ_550_200_2L7_MadSpin,e8589,0.021643999999999997,0.1176155,1.0,10000.0,150.36814653966576,2.322931691203893,C1N2 WZ ll,MadGraph(v.3.5.5.atlas11)+Pythia8(v.312.atlas2)+EvtGen(v.2.2.1),"['chargino', 'gaugino', 'neutralino', 'susy']","Supersymmetric electroweakino production with leptonic decays",https://gitlab.cern.ch/atlas-physics/pmg/mcjoboptions/-/blob/master/563xxx/563278/mc.MGPy8EG_C1pN2_WZ_550_200_2L7_MadSpin.py
563280,MGPy8EG_C1pN2_WZ_550_300_2L7_MadSpin,e8589,0.021643999999999997,0.1115267,1.0,10000.0,42.27340363501571,0.18264594398104753,C1N2 WZ ll,MadGraph(v.3.5.5.atlas11)+Pythia8(v.312.atlas2)+EvtGen(v.2.2.1),"['chargino', 'gaugino', 'neutralino', 'susy']","Supersymmetric electroweakino production with leptonic decays",https://gitlab.cern.ch/atlas-physics/pmg/mcjoboptions/-/blob/master/563xxx/563280/mc.MGPy8EG_C1pN2_WZ_550_300_2L7_MadSpin.py
563282,MGPy8EG_C1pN2_WZ_550_400_2L7_MadSpin,e8589,0.021643999999999997,0.1004915,1.0,10000.0,3.2862697570380988,0.0011026640280229513,C1N2 WZ ll,MadGraph(v.3.5.5.atlas11)+Pythia8(v.312.atlas2)+EvtGen(v.2.2.1),"['chargino', 'gaugino', 'neutralino', 'susy']","Supersymmetric electroweakino production with leptonic decays",https://gitlab.cern.ch/atlas-physics/pmg/mcjoboptions/-/blob/master/563xxx/563282/mc.MGPy8EG_C1pN2_WZ_550_400_2L7_MadSpin.py
563283,MGPy8EG_C1pN2_WZ_600_0_2L7_MadSpin,e8589,0.0145767,0.1249336,1.0,10000.0,386.06380946561694,15.301253960103349,C1N2 WZ ll,MadGraph(v.3.5.5.atlas11)+Pythia8(v.312.atlas2)+EvtGen(v.2.2.1),"['chargino', 'gaugino', 'neutralino', 'susy']","Supersymmetric electroweakino production with leptonic decays",https://gitlab.cern.ch/atlas-physics/pmg/mcjoboptions/-/blob/master/563xxx/563283/mc.MGPy8EG_C1pN2_WZ_600_0_2L7_MadSpin.py
563285,MGPy8EG_C1pN2_WZ_600_100_2L7_MadSpin,e8589,0.0145767,0.1234286,1.0,10000.0,327.5882497429848,11.061314915822658,C1N2 WZ ll,MadGraph(v.3.5.5.atlas11)+Pythia8(v.312.atlas2)+EvtGen(v.2.2.1),"['chargino', 'gaugino', 'neutralino', 'susy']","Supersymmetric electroweakino production with leptonic decays",https://gitlab.cern.ch/atlas-physics/pmg/mcjoboptions/-/blob/master/563xxx/563285/mc.MGPy8EG_C1pN2_WZ_600_100_2L7_MadSpin.py
563287,MGPy8EG_C1pN2_WZ_600_200_2L7_MadSpin,e8589,0.0145767,0.1219074,1.0,10000.0,193.09930163994431,3.8348301302622736,C1N2 WZ ll,MadGraph(v.3.5.5.atlas11)+Pythia8(v.312.atlas2)+EvtGen(v.2.2.1),"['chargino', 'gaugino', 'neutralino', 'susy']","Supersymmetric electroweakino production with leptonic decays",https://gitlab.cern.ch/atlas-physics/pmg/mcjoboptions/-/blob/master/563xxx/563287/mc.MGPy8EG_C1pN2_WZ_600_200_2L7_MadSpin.py
563289,MGPy8EG_C1pN2_WZ_600_300_2L7_MadSpin,e8589,0.0145767,0.116867,1.0,10000.0,69.88478266075253,0.5031705641607476,C1N2 WZ ll,MadGraph(v.3.5.5.atlas11)+Pythia8(v.312.atlas2)+EvtGen(v.2.2.1),"['chargino', 'gaugino', 'neutralino', 'susy']","Supersymmetric electroweakino production with leptonic decays",https://gitlab.cern.ch/atlas-physics/pmg/mcjoboptions/-/blob/master/563xxx/563289/mc.MGPy8EG_C1pN2_WZ_600_300_2L7_MadSpin.py
563291,MGPy8EG_C1pN2_WZ_600_400_2L7_MadSpin,e8589,0.0145767,0.1070135,1.0,10000.0,11.1825103785377,0.012879052849668495,C1N2 WZ ll,MadGraph(v.3.5.5.atlas11)+Pythia8(v.312.atlas2)+EvtGen(v.2.2.1),"['chargino', 'gaugino', 'neutralino', 'susy']","Supersymmetric electroweakino production with leptonic decays",https://gitlab.cern.ch/atlas-physics/pmg/mcjoboptions/-/blob/master/563xxx/563291/mc.MGPy8EG_C1pN2_WZ_600_400_2L7_MadSpin.py
563293,MGPy8EG_C1pN2_WZ_650_0_2L7_MadSpin,e8589,0.0100188,0.1281374,1.0,10000.0,421.0565058104694,18.242071446360175,C1N2 WZ ll,MadGraph(v.3.5.5.atlas11)+Pythia8(v.312.atlas2)+EvtGen(v.2.2.1),"['chargino', 'gaugino', 'neutralino', 'susy']","Supersymmetric electroweakino production with leptonic decays",https://gitlab.cern.ch/atlas-physics/pmg/mcjoboptions/-/blob/master/563xxx/563293/mc.MGPy8EG_C1pN2_WZ_650_0_2L7_MadSpin.py
563295,MGPy8EG_C1pN2_WZ_650_100_2L7_MadSpin,e8589,0.0100188,0.1266688,1.0,10000.0,367.4322780072689,13.918422439416593,C1N2 WZ ll,MadGraph(v.3.5.5.atlas11)+Pythia8(v.312.atlas2)+EvtGen(v.2.2.1),"['chargino', 'gaugino', 'neutralino', 'susy']","Supersymmetric electroweakino production with leptonic decays",https://gitlab.cern.ch/atlas-physics/pmg/mcjoboptions/-/blob/master/563xxx/563295/mc.MGPy8EG_C1pN2_WZ_650_100_2L7_MadSpin.py
563297,MGPy8EG_C1pN2_WZ_650_200_2L7_MadSpin,e8589,0.0100188,0.1253086,1.0,10000.0,234.3139417488128,5.666566360827896,C1N2 WZ ll,MadGraph(v.3.5.5.atlas11)+Pythia8(v.312.atlas2)+EvtGen(v.2.2.1),"['chargino', 'gaugino', 'neutralino', 'susy']","Supersymmetric electroweakino production with leptonic decays",https://gitlab.cern.ch/atlas-physics/pmg/mcjoboptions/-/blob/master/563xxx/563297/mc.MGPy8EG_C1pN2_WZ_650_200_2L7_MadSpin.py
563299,MGPy8EG_C1pN2_WZ_650_300_2L7_MadSpin,e8589,0.0100188,0.1197055,1.0,10000.0,102.00072088930756,1.0698429644102112,C1N2 WZ ll,MadGraph(v.3.5.5.atlas11)+Pythia8(v.312.atlas2)+EvtGen(v.2.2.1),"['chargino', 'gaugino', 'neutralino', 'susy']","Supersymmetric electroweakino production with leptonic decays",https://gitlab.cern.ch/atlas-physics/pmg/mcjoboptions/-/blob/master/563xxx/563299/mc.MGPy8EG_C1pN2_WZ_650_300_2L7_MadSpin.py
563301,MGPy8EG_C1pN2_WZ_650_400_2L7_MadSpin,e8589,0.0100188,0.1132959,1.0,10000.0,24.514660435263067,0.062079130300652784,C1N2 WZ ll,MadGraph(v.3.5.5.atlas11)+Pythia8(v.312.atlas2)+EvtGen(v.2.2.1),"['chargino', 'gaugino', 'neutralino', 'susy']","Supersymmetric electroweakino production with leptonic decays",https://gitlab.cern.ch/atlas-physics/pmg/mcjoboptions/-/blob/master/563xxx/563301/mc.MGPy8EG_C1pN2_WZ_650_400_2L7_MadSpin.py
563303,MGPy8EG_C1pN2_WZ_650_500_2L7_MadSpin,e8589,0.0100188,0.1017809,1.0,10000.0,1.6865228119422682,0.000293553264329663,C1N2 WZ ll,MadGraph(v.3.5.5.atlas11)+Pythia8(v.312.atlas2)+EvtGen(v.2.2.1),"['chargino', 'gaugino', 'neutralino', 'susy']","Supersymmetric electroweakino production with leptonic decays",https://gitlab.cern.ch/atlas-physics/pmg/mcjoboptions/-/blob/master/563xxx/563303/mc.MGPy8EG_C1pN2_WZ_650_500_2L7_MadSpin.py
563304,MGPy8EG_C1pN2_WZ_700_0_2L7_MadSpin,e8589,0.00699008,0.1300028,1.0,10000.0,452.3224160373211,21.06470097995103,C1N2 WZ ll,MadGraph(v.3.5.5.atlas11)+Pythia8(v.312.atlas2)+EvtGen(v.2.2.1),"['chargino', 'gaugino', 'neutralino', 'susy']","Supersymmetric electroweakino production with leptonic decays",https://gitlab.cern.ch/atlas-physics/pmg/mcjoboptions/-/blob/master/563xxx/563304/mc.MGPy8EG_C1pN2_WZ_700_0_2L7_MadSpin.py
563306,MGPy8EG_C1pN2_WZ_700_100_2L7_MadSpin,e8589,0.00699008,0.1291574,1.0,10000.0,401.21773724257946,16.614870932699155,C1N2 WZ ll,MadGraph(v.3.5.5.atlas11)+Pythia8(v.312.atlas2)+EvtGen(v.2.2.1),"['chargino', 'gaugino', 'neutralino', 'susy']","Supersymmetric electroweakino production with leptonic decays",https://gitlab.cern.ch/atlas-physics/pmg/mcjoboptions/-/blob/master/563xxx/563306/mc.MGPy8EG_C1pN2_WZ_700_100_2L7_MadSpin.py
563308,MGPy8EG_C1pN2_WZ_700_200_2L7_MadSpin,e8589,0.00699008,0.1274417,1.0,10000.0,273.2383347712457,7.7046580273675085,C1N2 WZ ll,MadGraph(v.3.5.5.atlas11)+Pythia8(v.312.atlas2)+EvtGen(v.2.2.1),"['chargino', 'gaugino', 'neutralino', 'susy']","Supersymmetric electroweakino production with leptonic decays",https://gitlab.cern.ch/atlas-physics/pmg/mcjoboptions/-/blob/master/563xxx/563308/mc.MGPy8EG_C1pN2_WZ_700_200_2L7_MadSpin.py
563310,MGPy8EG_C1pN2_WZ_700_300_2L7_MadSpin,e8589,0.00699008,0.1242593,1.0,10000.0,135.19774676766247,1.8895399351609776,C1N2 WZ ll,MadGraph(v.3.5.5.atlas11)+Pythia8(v.312.atlas2)+EvtGen(v.2.2.1),"['chargino', 'gaugino', 'neutralino', 'susy']","Supersymmetric electroweakino production with leptonic decays",https://gitlab.cern.ch/atlas-physics/pmg/mcjoboptions/-/blob/master/563xxx/563310/mc.MGPy8EG_C1pN2_WZ_700_300_2L7_MadSpin.py
563312,MGPy8EG_C1pN2_WZ_700_400_2L7_MadSpin,e8589,0.00699008,0.1177322,1.0,10000.0,42.94004329806194,0.18943263987062356,C1N2 WZ ll,MadGraph(v.3.5.5.atlas11)+Pythia8(v.312.atlas2)+EvtGen(v.2.2.1),"['chargino', 'gaugino', 'neutralino', 'susy']","Supersymmetric electroweakino production with leptonic decays",https://gitlab.cern.ch/atlas-physics/pmg/mcjoboptions/-/blob/master/563xxx/563312/mc.MGPy8EG_C1pN2_WZ_700_400_2L7_MadSpin.py
563314,MGPy8EG_C1pN2_WZ_700_500_2L7_MadSpin,e8589,0.00699008,0.1082351,1.0,10000.0,6.145525491214357,0.003918183479253353,C1N2 WZ ll,MadGraph(v.3.5.5.atlas11)+Pythia8(v.312.atlas2)+EvtGen(v.2.2.1),"['chargino', 'gaugino', 'neutralino', 'susy']","Supersymmetric electroweakino production with leptonic decays",https://gitlab.cern.ch/atlas-physics/pmg/mcjoboptions/-/blob/master/563xxx/563314/mc.MGPy8EG_C1pN2_WZ_700_500_2L7_MadSpin.py
563315,MGPy8EG_C1pN2_WZ_750_0_2L7_MadSpin,e8589,0.004954379999999999,0.1317172,1.0,10000.0,476.3659822382033,23.491989686819828,C1N2 WZ ll,MadGraph(v.3.5.5.atlas11)+Pythia8(v.312.atlas2)+EvtGen(v.2.2.1),"['chargino', 'gaugino', 'neutralino', 'susy']","Supersymmetric electroweakino production with leptonic decays",https://gitlab.cern.ch/atlas-physics/pmg/mcjoboptions/-/blob/master/563xxx/563315/mc.MGPy8EG_C1pN2_WZ_750_0_2L7_MadSpin.py
563317,MGPy8EG_C1pN2_WZ_750_100_2L7_MadSpin,e8589,0.004954379999999999,0.1312778,1.0,10000.0,428.9735561646521,19.04571849728653,C1N2 WZ ll,MadGraph(v.3.5.5.atlas11)+Pythia8(v.312.atlas2)+EvtGen(v.2.2.1),"['chargino', 'gaugino', 'neutralino', 'susy']","Supersymmetric electroweakino production with leptonic decays",https://gitlab.cern.ch/atlas-physics/pmg/mcjoboptions/-/blob/master/563xxx/563317/mc.MGPy8EG_C1pN2_WZ_750_100_2L7_MadSpin.py
563319,MGPy8EG_C1pN2_WZ_750_200_2L7_MadSpin,e8589,0.004954379999999999,0.1305865,1.0,10000.0,307.67107551917434,9.792938492760813,C1N2 WZ ll,MadGraph(v.3.5.5.atlas11)+Pythia8(v.312.atlas2)+EvtGen(v.2.2.1),"['chargino', 'gaugino', 'neutralino', 'susy']","Supersymmetric electroweakino production with leptonic decays",https://gitlab.cern.ch/atlas-physics/pmg/mcjoboptions/-/blob/master/563xxx/563319/mc.MGPy8EG_C1pN2_WZ_750_200_2L7_MadSpin.py
563321,MGPy8EG_C1pN2_WZ_750_300_2L7_MadSpin,e8589,0.004954379999999999,0.1265439,1.0,10000.0,169.19154212623835,2.965384071344047,C1N2 WZ ll,MadGraph(v.3.5.5.atlas11)+Pythia8(v.312.atlas2)+EvtGen(v.2.2.1),"['chargino', 'gaugino', 'neutralino', 'susy']","Supersymmetric electroweakino production with leptonic decays",https://gitlab.cern.ch/atlas-physics/pmg/mcjoboptions/-/blob/master/563xxx/563321/mc.MGPy8EG_C1pN2_WZ_750_300_2L7_MadSpin.py
563323,MGPy8EG_C1pN2_WZ_750_400_2L7_MadSpin,e8589,0.004954379999999999,0.1224182,1.0,10000.0,65.29586018482223,0.43857350331083017,C1N2 WZ ll,MadGraph(v.3.5.5.atlas11)+Pythia8(v.312.atlas2)+EvtGen(v.2.2.1),"['chargino', 'gaugino', 'neutralino', 'susy']","Supersymmetric electroweakino production with leptonic decays",https://gitlab.cern.ch/atlas-physics/pmg/mcjoboptions/-/blob/master/563xxx/563323/mc.MGPy8EG_C1pN2_WZ_750_400_2L7_MadSpin.py
563325,MGPy8EG_C1pN2_WZ_750_500_2L7_MadSpin,e8589,0.004954379999999999,0.1141573,1.0,10000.0,14.153743706061505,0.020776345734602013,C1N2 WZ ll,MadGraph(v.3.5.5.atlas11)+Pythia8(v.312.atlas2)+EvtGen(v.2.2.1),"['chargino', 'gaugino', 'neutralino', 'susy']","Supersymmetric electroweakino production with leptonic decays",https://gitlab.cern.ch/atlas-physics/pmg/mcjoboptions/-/blob/master/563xxx/563325/mc.MGPy8EG_C1pN2_WZ_750_500_2L7_MadSpin.py
563326,MGPy8EG_C1pN2_WZ_800_0_2L7_MadSpin,e8589,0.00354111,0.1342706,1.0,10000.0,495.25249549373984,25.31792588971974,C1N2 WZ ll,MadGraph(v.3.5.5.atlas11)+Pythia8(v.312.atlas2)+EvtGen(v.2.2.1),"['chargino', 'gaugino', 'neutralino', 'susy']","Supersymmetric electroweakino production with leptonic decays",https://gitlab.cern.ch/atlas-physics/pmg/mcjoboptions/-/blob/master/563xxx/563326/mc.MGPy8EG_C1pN2_WZ_800_0_2L7_MadSpin.py
563328,MGPy8EG_C1pN2_WZ_800_100_2L7_MadSpin,e8589,0.00354111,0.1331425,1.0,10000.0,451.3021012917161,21.16950712330005,C1N2 WZ ll,MadGraph(v.3.5.5.atlas11)+Pythia8(v.312.atlas2)+EvtGen(v.2.2.1),"['chargino', 'gaugino', 'neutralino', 'susy']","Supersymmetric electroweakino production with leptonic decays",https://gitlab.cern.ch/atlas-physics/pmg/mcjoboptions/-/blob/master/563xxx/563328/mc.MGPy8EG_C1pN2_WZ_800_100_2L7_MadSpin.py
563330,MGPy8EG_C1pN2_WZ_800_200_2L7_MadSpin,e8589,0.00354111,0.1319195,1.0,10000.0,338.57633688114583,11.847029359907088,C1N2 WZ ll,MadGraph(v.3.5.5.atlas11)+Pythia8(v.312.atlas2)+EvtGen(v.2.2.1),"['chargino', 'gaugino', 'neutralino', 'susy']","Supersymmetric electroweakino production with leptonic decays",https://gitlab.cern.ch/atlas-physics/pmg/mcjoboptions/-/blob/master/563xxx/563330/mc.MGPy8EG_C1pN2_WZ_800_200_2L7_MadSpin.py
563332,MGPy8EG_C1pN2_WZ_800_300_2L7_MadSpin,e8589,0.00354111,0.1293521,1.0,10000.0,200.5285741724074,4.18421190194488,C1N2 WZ ll,MadGraph(v.3.5.5.atlas11)+Pythia8(v.312.atlas2)+EvtGen(v.2.2.1),"['chargino', 'gaugino', 'neutralino', 'susy']","Supersymmetric electroweakino production with leptonic decays",https://gitlab.cern.ch/atlas-physics/pmg/mcjoboptions/-/blob/master/563xxx/563332/mc.MGPy8EG_C1pN2_WZ_800_300_2L7_MadSpin.py
563334,MGPy8EG_C1pN2_WZ_800_400_2L7_MadSpin,e8589,0.00354111,0.1245176,1.0,10000.0,88.86576538858935,0.8270884220203516,C1N2 WZ ll,MadGraph(v.3.5.5.atlas11)+Pythia8(v.312.atlas2)+EvtGen(v.2.2.1),"['chargino', 'gaugino', 'neutralino', 'susy']","Supersymmetric electroweakino production with leptonic decays",https://gitlab.cern.ch/atlas-physics/pmg/mcjoboptions/-/blob/master/563xxx/563334/mc.MGPy8EG_C1pN2_WZ_800_400_2L7_MadSpin.py
563336,MGPy8EG_C1pN2_WZ_800_500_2L7_MadSpin,e8589,0.00354111,0.1180032,1.0,10000.0,25.771561259636655,0.0688546446214213,C1N2 WZ ll,MadGraph(v.3.5.5.atlas11)+Pythia8(v.312.atlas2)+EvtGen(v.2.2.1),"['chargino', 'gaugino', 'neutralino', 'susy']","Supersymmetric electroweakino production with leptonic decays",https://gitlab.cern.ch/atlas-physics/pmg/mcjoboptions/-/blob/master/563xxx/563336/mc.MGPy8EG_C1pN2_WZ_800_500_2L7_MadSpin.py
563337,MGPy8EG_C1pN2_WZ_900_0_2L7_MadSpin,e8589,0.00187338,0.1386051,1.0,10000.0,510.92972276359797,27.58755756024457,C1N2 WZ ll,MadGraph(v.3.5.5.atlas11)+Pythia8(v.312.atlas2)+EvtGen(v.2.2.1),"['chargino', 'gaugino', 'neutralino', 'susy']","Supersymmetric electroweakino production with leptonic decays",https://gitlab.cern.ch/atlas-physics/pmg/mcjoboptions/-/blob/master/563xxx/563337/mc.MGPy8EG_C1pN2_WZ_900_0_2L7_MadSpin.py
563339,MGPy8EG_C1pN2_WZ_900_100_2L7_MadSpin,e8589,0.00187338,0.1371168,1.0,10000.0,476.5543422140181,23.777475256411158,C1N2 WZ ll,MadGraph(v.3.5.5.atlas11)+Pythia8(v.312.atlas2)+EvtGen(v.2.2.1),"['chargino', 'gaugino', 'neutralino', 'susy']","Supersymmetric electroweakino production with leptonic decays",https://gitlab.cern.ch/atlas-physics/pmg/mcjoboptions/-/blob/master/563xxx/563339/mc.MGPy8EG_C1pN2_WZ_900_100_2L7_MadSpin.py
563341,MGPy8EG_C1pN2_WZ_900_200_2L7_MadSpin,e8589,0.00187338,0.1365059,1.0,10000.0,378.56285237148404,15.10470876207605,C1N2 WZ ll,MadGraph(v.3.5.5.atlas11)+Pythia8(v.312.atlas2)+EvtGen(v.2.2.1),"['chargino', 'gaugino', 'neutralino', 'susy']","Supersymmetric electroweakino production with leptonic decays",https://gitlab.cern.ch/atlas-physics/pmg/mcjoboptions/-/blob/master/563xxx/563341/mc.MGPy8EG_C1pN2_WZ_900_200_2L7_MadSpin.py
563343,MGPy8EG_C1pN2_WZ_900_300_2L7_MadSpin,e8589,0.00187338,0.1347219,1.0,10000.0,253.75036467798054,6.786875512053028,C1N2 WZ ll,MadGraph(v.3.5.5.atlas11)+Pythia8(v.312.atlas2)+EvtGen(v.2.2.1),"['chargino', 'gaugino', 'neutralino', 'susy']","Supersymmetric electroweakino production with leptonic decays",https://gitlab.cern.ch/atlas-physics/pmg/mcjoboptions/-/blob/master/563xxx/563343/mc.MGPy8EG_C1pN2_WZ_900_300_2L7_MadSpin.py
563345,MGPy8EG_C1pN2_WZ_900_400_2L7_MadSpin,e8589,0.00187338,0.1320415,1.0,10000.0,138.02602666523308,2.004519100343375,C1N2 WZ ll,MadGraph(v.3.5.5.atlas11)+Pythia8(v.312.atlas2)+EvtGen(v.2.2.1),"['chargino', 'gaugino', 'neutralino', 'susy']","Supersymmetric electroweakino production with leptonic decays",https://gitlab.cern.ch/atlas-physics/pmg/mcjoboptions/-/blob/master/563xxx/563345/mc.MGPy8EG_C1pN2_WZ_900_400_2L7_MadSpin.py
563347,MGPy8EG_C1pN2_WZ_900_500_2L7_MadSpin,e8589,0.00187338,0.1260842,1.0,10000.0,56.57631195476279,0.3366723635170226,C1N2 WZ ll,MadGraph(v.3.5.5.atlas11)+Pythia8(v.312.atlas2)+EvtGen(v.2.2.1),"['chargino', 'gaugino', 'neutralino', 'susy']","Supersymmetric electroweakino production with leptonic decays",https://gitlab.cern.ch/atlas-physics/pmg/mcjoboptions/-/blob/master/563xxx/563347/mc.MGPy8EG_C1pN2_WZ_900_500_2L7_MadSpin.py
563348,MGPy8EG_C1pN2_WZ_1000_0_2L7_MadSpin,e8589,0.0010145100000000002,0.1430044,1.0,10000.0,508.55447613075376,27.474449995508795,C1N2 WZ ll,MadGraph(v.3.5.5.atlas11)+Pythia8(v.312.atlas2)+EvtGen(v.2.2.1),"['chargino', 'gaugino', 'neutralino', 'susy']","Supersymmetric electroweakino production with leptonic decays",https://gitlab.cern.ch/atlas-physics/pmg/mcjoboptions/-/blob/master/563xxx/563348/mc.MGPy8EG_C1pN2_WZ_1000_0_2L7_MadSpin.py
563350,MGPy8EG_C1pN2_WZ_1000_100_2L7_MadSpin,e8589,0.0010145100000000002,0.1431351,1.0,10000.0,481.1856059320271,24.46231346316211,C1N2 WZ ll,MadGraph(v.3.5.5.atlas11)+Pythia8(v.312.atlas2)+EvtGen(v.2.2.1),"['chargino', 'gaugino', 'neutralino', 'susy']","Supersymmetric electroweakino production with leptonic decays",https://gitlab.cern.ch/atlas-physics/pmg/mcjoboptions/-/blob/master/563xxx/563350/mc.MGPy8EG_C1pN2_WZ_1000_100_2L7_MadSpin.py
563352,MGPy8EG_C1pN2_WZ_1000_200_2L7_MadSpin,e8589,0.0010145100000000002,0.1417055,1.0,10000.0,398.76254173740745,16.982667213253578,C1N2 WZ ll,MadGraph(v.3.5.5.atlas11)+Pythia8(v.312.atlas2)+EvtGen(v.2.2.1),"['chargino', 'gaugino', 'neutralino', 'susy']","Supersymmetric electroweakino production with leptonic decays",https://gitlab.cern.ch/atlas-physics/pmg/mcjoboptions/-/blob/master/563xxx/563352/mc.MGPy8EG_C1pN2_WZ_1000_200_2L7_MadSpin.py
563354,MGPy8EG_C1pN2_WZ_1000_300_2L7_MadSpin,e8589,0.0010145100000000002,0.1386697,1.0,10000.0,289.8076303228736,8.951804299106449,C1N2 WZ ll,MadGraph(v.3.5.5.atlas11)+Pythia8(v.312.atlas2)+EvtGen(v.2.2.1),"['chargino', 'gaugino', 'neutralino', 'susy']","Supersymmetric electroweakino production with leptonic decays",https://gitlab.cern.ch/atlas-physics/pmg/mcjoboptions/-/blob/master/563xxx/563354/mc.MGPy8EG_C1pN2_WZ_1000_300_2L7_MadSpin.py
563356,MGPy8EG_C1pN2_WZ_1000_400_2L7_MadSpin,e8589,0.0010145100000000002,0.1376896,1.0,10000.0,180.36292158067226,3.451527934628183,C1N2 WZ ll,MadGraph(v.3.5.5.atlas11)+Pythia8(v.312.atlas2)+EvtGen(v.2.2.1),"['chargino', 'gaugino', 'neutralino', 'susy']","Supersymmetric electroweakino production with leptonic decays",https://gitlab.cern.ch/atlas-physics/pmg/mcjoboptions/-/blob/master/563xxx/563356/mc.MGPy8EG_C1pN2_WZ_1000_400_2L7_MadSpin.py
563358,MGPy8EG_C1pN2_WZ_1000_500_2L7_MadSpin,e8589,0.0010145100000000002,0.1335719,1.0,10000.0,91.9816543860361,0.890888055760903,C1N2 WZ ll,MadGraph(v.3.5.5.atlas11)+Pythia8(v.312.atlas2)+EvtGen(v.2.2.1),"['chargino', 'gaugino', 'neutralino', 'susy']","Supersymmetric electroweakino production with leptonic decays",https://gitlab.cern.ch/atlas-physics/pmg/mcjoboptions/-/blob/master/563xxx/563358/mc.MGPy8EG_C1pN2_WZ_1000_500_2L7_MadSpin.py
563359,MGPy8EG_C1pN2_WZ_1100_0_2L7_MadSpin,e8589,0.00055945,0.1456552,1.0,10000.0,484.91150583699346,25.484588039786736,C1N2 WZ ll,MadGraph(v.3.5.5.atlas11)+Pythia8(v.312.atlas2)+EvtGen(v.2.2.1),"['chargino', 'gaugino', 'neutralino', 'susy']","Supersymmetric electroweakino production with leptonic decays",https://gitlab.cern.ch/atlas-physics/pmg/mcjoboptions/-/blob/master/563xxx/563359/mc.MGPy8EG_C1pN2_WZ_1100_0_2L7_MadSpin.py
563361,MGPy8EG_C1pN2_WZ_1100_100_2L7_MadSpin,e8589,0.00055945,0.1450205,1.0,10000.0,459.08741119503975,23.070113811805463,C1N2 WZ ll,MadGraph(v.3.5.5.atlas11)+Pythia8(v.312.atlas2)+EvtGen(v.2.2.1),"['chargino', 'gaugino', 'neutralino', 'susy']","Supersymmetric electroweakino production with leptonic decays",https://gitlab.cern.ch/atlas-physics/pmg/mcjoboptions/-/blob/master/563xxx/563361/mc.MGPy8EG_C1pN2_WZ_1100_100_2L7_MadSpin.py
563363,MGPy8EG_C1pN2_WZ_1100_200_2L7_MadSpin,e8589,0.00055945,0.1453495,1.0,10000.0,399.23428697511554,17.08442901725163,C1N2 WZ ll,MadGraph(v.3.5.5.atlas11)+Pythia8(v.312.atlas2)+EvtGen(v.2.2.1),"['chargino', 'gaugino', 'neutralino', 'susy']","Supersymmetric electroweakino production with leptonic decays",https://gitlab.cern.ch/atlas-physics/pmg/mcjoboptions/-/blob/master/563xxx/563363/mc.MGPy8EG_C1pN2_WZ_1100_200_2L7_MadSpin.py
563365,MGPy8EG_C1pN2_WZ_1100_300_2L7_MadSpin,e8589,0.00055945,0.1433984,1.0,10000.0,307.97547211125493,10.157872959878283,C1N2 WZ ll,MadGraph(v.3.5.5.atlas11)+Pythia8(v.312.atlas2)+EvtGen(v.2.2.1),"['chargino', 'gaugino', 'neutralino', 'susy']","Supersymmetric electroweakino production with leptonic decays",https://gitlab.cern.ch/atlas-physics/pmg/mcjoboptions/-/blob/master/563xxx/563365/mc.MGPy8EG_C1pN2_WZ_1100_300_2L7_MadSpin.py
563367,MGPy8EG_C1pN2_WZ_1100_400_2L7_MadSpin,e8589,0.00055945,0.140161,1.0,10000.0,207.59700696915388,4.684538596756242,C1N2 WZ ll,MadGraph(v.3.5.5.atlas11)+Pythia8(v.312.atlas2)+EvtGen(v.2.2.1),"['chargino', 'gaugino', 'neutralino', 'susy']","Supersymmetric electroweakino production with leptonic decays",https://gitlab.cern.ch/atlas-physics/pmg/mcjoboptions/-/blob/master/563xxx/563367/mc.MGPy8EG_C1pN2_WZ_1100_400_2L7_MadSpin.py
563369,MGPy8EG_C1pN2_WZ_1100_500_2L7_MadSpin,e8589,0.00055945,0.1371907,1.0,10000.0,122.10248205251992,1.603597264244965,C1N2 WZ ll,MadGraph(v.3.5.5.atlas11)+Pythia8(v.312.atlas2)+EvtGen(v.2.2.1),"['chargino', 'gaugino', 'neutralino', 'susy']","Supersymmetric electroweakino production with leptonic decays",https://gitlab.cern.ch/atlas-physics/pmg/mcjoboptions/-/blob/master/563xxx/563369/mc.MGPy8EG_C1pN2_WZ_1100_500_2L7_MadSpin.py
563370,MGPy8EG_C1pN2_WZ_1200_0_2L7_MadSpin,e8589,0.00031567,0.1475586,1.0,10000.0,445.77255217731,22.05741566179674,C1N2 WZ ll,MadGraph(v.3.5.5.atlas11)+Pythia8(v.312.atlas2)+EvtGen(v.2.2.1),"['chargino', 'gaugino', 'neutralino', 'susy']","Supersymmetric electroweakino production with leptonic decays",https://gitlab.cern.ch/atlas-physics/pmg/mcjoboptions/-/blob/master/563xxx/563370/mc.MGPy8EG_C1pN2_WZ_1200_0_2L7_MadSpin.py
563372,MGPy8EG_C1pN2_WZ_1200_100_2L7_MadSpin,e8589,0.00031567,0.1477802,1.0,10000.0,426.5434903129935,20.357070599151992,C1N2 WZ ll,MadGraph(v.3.5.5.atlas11)+Pythia8(v.312.atlas2)+EvtGen(v.2.2.1),"['chargino', 'gaugino', 'neutralino', 'susy']","Supersymmetric electroweakino production with leptonic decays",https://gitlab.cern.ch/atlas-physics/pmg/mcjoboptions/-/blob/master/563xxx/563372/mc.MGPy8EG_C1pN2_WZ_1200_100_2L7_MadSpin.py
563374,MGPy8EG_C1pN2_WZ_1200_200_2L7_MadSpin,e8589,0.00031567,0.1476099,1.0,10000.0,376.78585601598024,15.737470140799896,C1N2 WZ ll,MadGraph(v.3.5.5.atlas11)+Pythia8(v.312.atlas2)+EvtGen(v.2.2.1),"['chargino', 'gaugino', 'neutralino', 'susy']","Supersymmetric electroweakino production with leptonic decays",https://gitlab.cern.ch/atlas-physics/pmg/mcjoboptions/-/blob/master/563xxx/563374/mc.MGPy8EG_C1pN2_WZ_1200_200_2L7_MadSpin.py
563376,MGPy8EG_C1pN2_WZ_1200_300_2L7_MadSpin,e8589,0.00031567,0.1467955,1.0,10000.0,303.29624782316387,10.229351159222375,C1N2 WZ ll,MadGraph(v.3.5.5.atlas11)+Pythia8(v.312.atlas2)+EvtGen(v.2.2.1),"['chargino', 'gaugino', 'neutralino', 'susy']","Supersymmetric electroweakino production with leptonic decays",https://gitlab.cern.ch/atlas-physics/pmg/mcjoboptions/-/blob/master/563xxx/563376/mc.MGPy8EG_C1pN2_WZ_1200_300_2L7_MadSpin.py
563378,MGPy8EG_C1pN2_WZ_1200_400_2L7_MadSpin,e8589,0.00031567,0.1434542,1.0,10000.0,219.97416040301323,5.404454440680066,C1N2 WZ ll,MadGraph(v.3.5.5.atlas11)+Pythia8(v.312.atlas2)+EvtGen(v.2.2.1),"['chargino', 'gaugino', 'neutralino', 'susy']","Supersymmetric electroweakino production with leptonic decays",https://gitlab.cern.ch/atlas-physics/pmg/mcjoboptions/-/blob/master/563xxx/563378/mc.MGPy8EG_C1pN2_WZ_1200_400_2L7_MadSpin.py
563380,MGPy8EG_C1pN2_WZ_1200_500_2L7_MadSpin,e8589,0.0100188,0.3164547,1.0,10000.0,142.48699290305376,2.2608744751932655,C1N2 WZ ll,MadGraph(v.3.5.5.atlas11)+Pythia8(v.312.atlas2)+EvtGen(v.2.2.1),"['chargino', 'gaugino', 'neutralino', 'susy']","Supersymmetric electroweakino production with leptonic decays",https://gitlab.cern.ch/atlas-physics/pmg/mcjoboptions/-/blob/master/563xxx/563380/mc.MGPy8EG_C1pN2_WZ_1200_500_2L7_MadSpin.py
563381,MGPy8EG_C1mN2_WZ_200_0_2L7_MadSpin,e8589,0.6371399999999999,0.09328153,1.0,20000.0,47.928848719224334,0.11887863954110826,C1N2 WZ ll,MadGraph(v.3.5.5.atlas11)+Pythia8(v.312.atlas2)+EvtGen(v.2.2.1),"['chargino', 'gaugino', 'neutralino', 'susy']","Supersymmetric electroweakino production with leptonic decays",https://gitlab.cern.ch/atlas-physics/pmg/mcjoboptions/-/blob/master/563xxx/563381/mc.MGPy8EG_C1mN2_WZ_200_0_2L7_MadSpin.py
563383,MGPy8EG_C1mN2_WZ_250_0_2L7_MadSpin,e8589,0.265255,0.09912405,1.0,10000.0,41.02521805022843,0.17343914365988675,C1N2 WZ ll,MadGraph(v.3.5.5.atlas11)+Pythia8(v.312.atlas2)+EvtGen(v.2.2.1),"['chargino', 'gaugino', 'neutralino', 'susy']","Supersymmetric electroweakino production with leptonic decays",https://gitlab.cern.ch/atlas-physics/pmg/mcjoboptions/-/blob/master/563xxx/563383/mc.MGPy8EG_C1mN2_WZ_250_0_2L7_MadSpin.py
563385,MGPy8EG_C1mN2_WZ_250_100_2L7_MadSpin,e8589,0.265255,0.09407483,1.0,10000.0,12.884038976568263,0.017078408570624426,C1N2 WZ ll,MadGraph(v.3.5.5.atlas11)+Pythia8(v.312.atlas2)+EvtGen(v.2.2.1),"['chargino', 'gaugino', 'neutralino', 'susy']","Supersymmetric electroweakino production with leptonic decays",https://gitlab.cern.ch/atlas-physics/pmg/mcjoboptions/-/blob/master/563xxx/563385/mc.MGPy8EG_C1mN2_WZ_250_100_2L7_MadSpin.py
563386,MGPy8EG_C1mN2_WZ_300_0_2L7_MadSpin,e8589,0.126627,0.1039102,1.0,10000.0,58.92042273841798,0.35582202559664905,C1N2 WZ ll,MadGraph(v.3.5.5.atlas11)+Pythia8(v.312.atlas2)+EvtGen(v.2.2.1),"['chargino', 'gaugino', 'neutralino', 'susy']","Supersymmetric electroweakino production with leptonic decays",https://gitlab.cern.ch/atlas-physics/pmg/mcjoboptions/-/blob/master/563xxx/563386/mc.MGPy8EG_C1mN2_WZ_300_0_2L7_MadSpin.py
563388,MGPy8EG_C1mN2_WZ_300_100_2L7_MadSpin,e8589,0.126627,0.1009025,1.0,10000.0,28.913796037668362,0.08567529513540886,C1N2 WZ ll,MadGraph(v.3.5.5.atlas11)+Pythia8(v.312.atlas2)+EvtGen(v.2.2.1),"['chargino', 'gaugino', 'neutralino', 'susy']","Supersymmetric electroweakino production with leptonic decays",https://gitlab.cern.ch/atlas-physics/pmg/mcjoboptions/-/blob/master/563xxx/563388/mc.MGPy8EG_C1mN2_WZ_300_100_2L7_MadSpin.py
563390,MGPy8EG_C1mN2_WZ_350_0_2L7_MadSpin,e8589,0.06633190000000001,0.1088189,1.0,10000.0,76.89717596396804,0.602362800949963,C1N2 WZ ll,MadGraph(v.3.5.5.atlas11)+Pythia8(v.312.atlas2)+EvtGen(v.2.2.1),"['chargino', 'gaugino', 'neutralino', 'susy']","Supersymmetric electroweakino production with leptonic decays",https://gitlab.cern.ch/atlas-physics/pmg/mcjoboptions/-/blob/master/563xxx/563390/mc.MGPy8EG_C1mN2_WZ_350_0_2L7_MadSpin.py
563392,MGPy8EG_C1mN2_WZ_350_100_2L7_MadSpin,e8589,0.06633190000000001,0.1062581,1.0,10000.0,46.71633109357208,0.22228795868672432,C1N2 WZ ll,MadGraph(v.3.5.5.atlas11)+Pythia8(v.312.atlas2)+EvtGen(v.2.2.1),"['chargino', 'gaugino', 'neutralino', 'susy']","Supersymmetric electroweakino production with leptonic decays",https://gitlab.cern.ch/atlas-physics/pmg/mcjoboptions/-/blob/master/563xxx/563392/mc.MGPy8EG_C1mN2_WZ_350_100_2L7_MadSpin.py
563394,MGPy8EG_C1mN2_WZ_350_200_2L7_MadSpin,e8589,0.06633190000000001,0.09775359,1.0,10000.0,6.259697626694106,0.003995738088601372,C1N2 WZ ll,MadGraph(v.3.5.5.atlas11)+Pythia8(v.312.atlas2)+EvtGen(v.2.2.1),"['chargino', 'gaugino', 'neutralino', 'susy']","Supersymmetric electroweakino production with leptonic decays",https://gitlab.cern.ch/atlas-physics/pmg/mcjoboptions/-/blob/master/563xxx/563394/mc.MGPy8EG_C1mN2_WZ_350_200_2L7_MadSpin.py
563395,MGPy8EG_C1mN2_WZ_400_0_2L7_MadSpin,e8589,0.03712,0.1128057,1.0,10000.0,95.07338254293427,0.919981020620978,C1N2 WZ ll,MadGraph(v.3.5.5.atlas11)+Pythia8(v.312.atlas2)+EvtGen(v.2.2.1),"['chargino', 'gaugino', 'neutralino', 'susy']","Supersymmetric electroweakino production with leptonic decays",https://gitlab.cern.ch/atlas-physics/pmg/mcjoboptions/-/blob/master/563xxx/563395/mc.MGPy8EG_C1mN2_WZ_400_0_2L7_MadSpin.py
563397,MGPy8EG_C1mN2_WZ_400_100_2L7_MadSpin,e8589,0.03712,0.1111001,1.0,10000.0,65.33645692886785,0.4345299547893355,C1N2 WZ ll,MadGraph(v.3.5.5.atlas11)+Pythia8(v.312.atlas2)+EvtGen(v.2.2.1),"['chargino', 'gaugino', 'neutralino', 'susy']","Supersymmetric electroweakino production with leptonic decays",https://gitlab.cern.ch/atlas-physics/pmg/mcjoboptions/-/blob/master/563xxx/563397/mc.MGPy8EG_C1mN2_WZ_400_100_2L7_MadSpin.py
563399,MGPy8EG_C1mN2_WZ_400_200_2L7_MadSpin,e8589,0.03712,0.1038205,1.0,10000.0,16.687361348071136,0.028335833784570576,C1N2 WZ ll,MadGraph(v.3.5.5.atlas11)+Pythia8(v.312.atlas2)+EvtGen(v.2.2.1),"['chargino', 'gaugino', 'neutralino', 'susy']","Supersymmetric electroweakino production with leptonic decays",https://gitlab.cern.ch/atlas-physics/pmg/mcjoboptions/-/blob/master/563xxx/563399/mc.MGPy8EG_C1mN2_WZ_400_200_2L7_MadSpin.py
563401,MGPy8EG_C1mN2_WZ_450_0_2L7_MadSpin,e8589,0.0218561,0.1163443,1.0,10000.0,111.72146308980882,1.267443147871582,C1N2 WZ ll,MadGraph(v.3.5.5.atlas11)+Pythia8(v.312.atlas2)+EvtGen(v.2.2.1),"['chargino', 'gaugino', 'neutralino', 'susy']","Supersymmetric electroweakino production with leptonic decays",https://gitlab.cern.ch/atlas-physics/pmg/mcjoboptions/-/blob/master/563xxx/563401/mc.MGPy8EG_C1mN2_WZ_450_0_2L7_MadSpin.py
563403,MGPy8EG_C1mN2_WZ_450_100_2L7_MadSpin,e8589,0.0218561,0.1145428,1.0,10000.0,83.6554707530886,0.7118983768175028,C1N2 WZ ll,MadGraph(v.3.5.5.atlas11)+Pythia8(v.312.atlas2)+EvtGen(v.2.2.1),"['chargino', 'gaugino', 'neutralino', 'susy']","Supersymmetric electroweakino production with leptonic decays",https://gitlab.cern.ch/atlas-physics/pmg/mcjoboptions/-/blob/master/563xxx/563403/mc.MGPy8EG_C1mN2_WZ_450_100_2L7_MadSpin.py
563405,MGPy8EG_C1mN2_WZ_450_200_2L7_MadSpin,e8589,0.0218561,0.109033,1.0,10000.0,30.21695775981061,0.09271949664161228,C1N2 WZ ll,MadGraph(v.3.5.5.atlas11)+Pythia8(v.312.atlas2)+EvtGen(v.2.2.1),"['chargino', 'gaugino', 'neutralino', 'susy']","Supersymmetric electroweakino production with leptonic decays",https://gitlab.cern.ch/atlas-physics/pmg/mcjoboptions/-/blob/master/563xxx/563405/mc.MGPy8EG_C1mN2_WZ_450_200_2L7_MadSpin.py
563407,MGPy8EG_C1mN2_WZ_450_300_2L7_MadSpin,e8589,0.0218561,0.1002289,1.0,10000.0,2.847153920767596,0.0008228382422024949,C1N2 WZ ll,MadGraph(v.3.5.5.atlas11)+Pythia8(v.312.atlas2)+EvtGen(v.2.2.1),"['chargino', 'gaugino', 'neutralino', 'susy']","Supersymmetric electroweakino production with leptonic decays",https://gitlab.cern.ch/atlas-physics/pmg/mcjoboptions/-/blob/master/563xxx/563407/mc.MGPy8EG_C1mN2_WZ_450_300_2L7_MadSpin.py
563408,MGPy8EG_C1mN2_WZ_500_0_2L7_MadSpin,e8589,0.0134441,0.1196932,1.0,10000.0,127.81710402481258,1.656168017442302,C1N2 WZ ll,MadGraph(v.3.5.5.atlas11)+Pythia8(v.312.atlas2)+EvtGen(v.2.2.1),"['chargino', 'gaugino', 'neutralino', 'susy']","Supersymmetric electroweakino production with leptonic decays",https://gitlab.cern.ch/atlas-physics/pmg/mcjoboptions/-/blob/master/563xxx/563408/mc.MGPy8EG_C1mN2_WZ_500_0_2L7_MadSpin.py
563410,MGPy8EG_C1mN2_WZ_500_100_2L7_MadSpin,e8589,0.0134441,0.1176353,1.0,10000.0,100.88151647243649,1.0337201794514168,C1N2 WZ ll,MadGraph(v.3.5.5.atlas11)+Pythia8(v.312.atlas2)+EvtGen(v.2.2.1),"['chargino', 'gaugino', 'neutralino', 'susy']","Supersymmetric electroweakino production with leptonic decays",https://gitlab.cern.ch/atlas-physics/pmg/mcjoboptions/-/blob/master/563xxx/563410/mc.MGPy8EG_C1mN2_WZ_500_100_2L7_MadSpin.py
563412,MGPy8EG_C1mN2_WZ_500_200_2L7_MadSpin,e8589,0.0134441,0.1143155,1.0,10000.0,45.58678543381393,0.21083724961386172,C1N2 WZ ll,MadGraph(v.3.5.5.atlas11)+Pythia8(v.312.atlas2)+EvtGen(v.2.2.1),"['chargino', 'gaugino', 'neutralino', 'susy']","Supersymmetric electroweakino production with leptonic decays",https://gitlab.cern.ch/atlas-physics/pmg/mcjoboptions/-/blob/master/563xxx/563412/mc.MGPy8EG_C1mN2_WZ_500_200_2L7_MadSpin.py
563414,MGPy8EG_C1mN2_WZ_500_300_2L7_MadSpin,e8589,0.0134441,0.1060397,1.0,10000.0,8.67116719466867,0.007642812073248182,C1N2 WZ ll,MadGraph(v.3.5.5.atlas11)+Pythia8(v.312.atlas2)+EvtGen(v.2.2.1),"['chargino', 'gaugino', 'neutralino', 'susy']","Supersymmetric electroweakino production with leptonic decays",https://gitlab.cern.ch/atlas-physics/pmg/mcjoboptions/-/blob/master/563xxx/563414/mc.MGPy8EG_C1mN2_WZ_500_300_2L7_MadSpin.py
563416,MGPy8EG_C1mN2_WZ_550_0_2L7_MadSpin,e8589,0.00852674,0.1237177,1.0,10000.0,141.51220208592713,2.0278156301168986,C1N2 WZ ll,MadGraph(v.3.5.5.atlas11)+Pythia8(v.312.atlas2)+EvtGen(v.2.2.1),"['chargino', 'gaugino', 'neutralino', 'susy']","Supersymmetric electroweakino production with leptonic decays",https://gitlab.cern.ch/atlas-physics/pmg/mcjoboptions/-/blob/master/563xxx/563416/mc.MGPy8EG_C1mN2_WZ_550_0_2L7_MadSpin.py
563418,MGPy8EG_C1mN2_WZ_550_100_2L7_MadSpin,e8589,0.00852674,0.1217459,1.0,10000.0,116.57847383525223,1.3766312478882408,C1N2 WZ ll,MadGraph(v.3.5.5.atlas11)+Pythia8(v.312.atlas2)+EvtGen(v.2.2.1),"['chargino', 'gaugino', 'neutralino', 'susy']","Supersymmetric electroweakino production with leptonic decays",https://gitlab.cern.ch/atlas-physics/pmg/mcjoboptions/-/blob/master/563xxx/563418/mc.MGPy8EG_C1mN2_WZ_550_100_2L7_MadSpin.py
563420,MGPy8EG_C1mN2_WZ_550_200_2L7_MadSpin,e8589,0.00852674,0.1182005,1.0,10000.0,61.37363221403211,0.3818099292912542,C1N2 WZ ll,MadGraph(v.3.5.5.atlas11)+Pythia8(v.312.atlas2)+EvtGen(v.2.2.1),"['chargino', 'gaugino', 'neutralino', 'susy']","Supersymmetric electroweakino production with leptonic decays",https://gitlab.cern.ch/atlas-physics/pmg/mcjoboptions/-/blob/master/563xxx/563420/mc.MGPy8EG_C1mN2_WZ_550_200_2L7_MadSpin.py
563422,MGPy8EG_C1mN2_WZ_550_300_2L7_MadSpin,e8589,0.00852674,0.1115188,1.0,10000.0,17.210030556772836,0.029986885468962964,C1N2 WZ ll,MadGraph(v.3.5.5.atlas11)+Pythia8(v.312.atlas2)+EvtGen(v.2.2.1),"['chargino', 'gaugino', 'neutralino', 'susy']","Supersymmetric electroweakino production with leptonic decays",https://gitlab.cern.ch/atlas-physics/pmg/mcjoboptions/-/blob/master/563xxx/563422/mc.MGPy8EG_C1mN2_WZ_550_300_2L7_MadSpin.py
563424,MGPy8EG_C1mN2_WZ_550_400_2L7_MadSpin,e8589,0.00852674,0.1006212,1.0,10000.0,1.337827867748274,0.00018130112344194978,C1N2 WZ ll,MadGraph(v.3.5.5.atlas11)+Pythia8(v.312.atlas2)+EvtGen(v.2.2.1),"['chargino', 'gaugino', 'neutralino', 'susy']","Supersymmetric electroweakino production with leptonic decays",https://gitlab.cern.ch/atlas-physics/pmg/mcjoboptions/-/blob/master/563xxx/563424/mc.MGPy8EG_C1mN2_WZ_550_400_2L7_MadSpin.py
563425,MGPy8EG_C1mN2_WZ_600_0_2L7_MadSpin,e8589,0.00556289,0.1255345,1.0,10000.0,153.72223141044378,2.3928915618299307,C1N2 WZ ll,MadGraph(v.3.5.5.atlas11)+Pythia8(v.312.atlas2)+EvtGen(v.2.2.1),"['chargino', 'gaugino', 'neutralino', 'susy']","Supersymmetric electroweakino production with leptonic decays",https://gitlab.cern.ch/atlas-physics/pmg/mcjoboptions/-/blob/master/563xxx/563425/mc.MGPy8EG_C1mN2_WZ_600_0_2L7_MadSpin.py
563427,MGPy8EG_C1mN2_WZ_600_100_2L7_MadSpin,e8589,0.00556289,0.1259852,1.0,10000.0,130.27918107435107,1.715378031555702,C1N2 WZ ll,MadGraph(v.3.5.5.atlas11)+Pythia8(v.312.atlas2)+EvtGen(v.2.2.1),"['chargino', 'gaugino', 'neutralino', 'susy']","Supersymmetric electroweakino production with leptonic decays",https://gitlab.cern.ch/atlas-physics/pmg/mcjoboptions/-/blob/master/563xxx/563427/mc.MGPy8EG_C1mN2_WZ_600_100_2L7_MadSpin.py
563429,MGPy8EG_C1mN2_WZ_600_200_2L7_MadSpin,e8589,0.00556289,0.1228597,1.0,10000.0,76.69110205117613,0.5946763557187594,C1N2 WZ ll,MadGraph(v.3.5.5.atlas11)+Pythia8(v.312.atlas2)+EvtGen(v.2.2.1),"['chargino', 'gaugino', 'neutralino', 'susy']","Supersymmetric electroweakino production with leptonic decays",https://gitlab.cern.ch/atlas-physics/pmg/mcjoboptions/-/blob/master/563xxx/563429/mc.MGPy8EG_C1mN2_WZ_600_200_2L7_MadSpin.py
563431,MGPy8EG_C1mN2_WZ_600_300_2L7_MadSpin,e8589,0.00556289,0.116011,1.0,10000.0,27.851017655339092,0.07855799191425716,C1N2 WZ ll,MadGraph(v.3.5.5.atlas11)+Pythia8(v.312.atlas2)+EvtGen(v.2.2.1),"['chargino', 'gaugino', 'neutralino', 'susy']","Supersymmetric electroweakino production with leptonic decays",https://gitlab.cern.ch/atlas-physics/pmg/mcjoboptions/-/blob/master/563xxx/563431/mc.MGPy8EG_C1mN2_WZ_600_300_2L7_MadSpin.py
563433,MGPy8EG_C1mN2_WZ_600_400_2L7_MadSpin,e8589,0.00556289,0.1066229,1.0,10000.0,4.459048137592617,0.002011782144656052,C1N2 WZ ll,MadGraph(v.3.5.5.atlas11)+Pythia8(v.312.atlas2)+EvtGen(v.2.2.1),"['chargino', 'gaugino', 'neutralino', 'susy']","Supersymmetric electroweakino production with leptonic decays",https://gitlab.cern.ch/atlas-physics/pmg/mcjoboptions/-/blob/master/563xxx/563433/mc.MGPy8EG_C1mN2_WZ_600_400_2L7_MadSpin.py
563435,MGPy8EG_C1mN2_WZ_650_0_2L7_MadSpin,e8589,0.00371232,0.1275638,1.0,10000.0,163.7004746729508,2.709033847341915,C1N2 WZ ll,MadGraph(v.3.5.5.atlas11)+Pythia8(v.312.atlas2)+EvtGen(v.2.2.1),"['chargino', 'gaugino', 'neutralino', 'susy']","Supersymmetric electroweakino production with leptonic decays",https://gitlab.cern.ch/atlas-physics/pmg/mcjoboptions/-/blob/master/563xxx/563435/mc.MGPy8EG_C1mN2_WZ_650_0_2L7_MadSpin.py
563437,MGPy8EG_C1mN2_WZ_650_100_2L7_MadSpin,e8589,0.00371232,0.1283368,1.0,10000.0,142.3145650997758,2.0459090888378064,C1N2 WZ ll,MadGraph(v.3.5.5.atlas11)+Pythia8(v.312.atlas2)+EvtGen(v.2.2.1),"['chargino', 'gaugino', 'neutralino', 'susy']","Supersymmetric electroweakino production with leptonic decays",https://gitlab.cern.ch/atlas-physics/pmg/mcjoboptions/-/blob/master/563xxx/563437/mc.MGPy8EG_C1mN2_WZ_650_100_2L7_MadSpin.py
563439,MGPy8EG_C1mN2_WZ_650_200_2L7_MadSpin,e8589,0.00371232,0.1260102,1.0,10000.0,91.07337215635926,0.8382561028846823,C1N2 WZ ll,MadGraph(v.3.5.5.atlas11)+Pythia8(v.312.atlas2)+EvtGen(v.2.2.1),"['chargino', 'gaugino', 'neutralino', 'susy']","Supersymmetric electroweakino production with leptonic decays",https://gitlab.cern.ch/atlas-physics/pmg/mcjoboptions/-/blob/master/563xxx/563439/mc.MGPy8EG_C1mN2_WZ_650_200_2L7_MadSpin.py
563441,MGPy8EG_C1mN2_WZ_650_300_2L7_MadSpin,e8589,0.00371232,0.1203135,1.0,10000.0,39.48504322813824,0.15776073938429203,C1N2 WZ ll,MadGraph(v.3.5.5.atlas11)+Pythia8(v.312.atlas2)+EvtGen(v.2.2.1),"['chargino', 'gaugino', 'neutralino', 'susy']","Supersymmetric electroweakino production with leptonic decays",https://gitlab.cern.ch/atlas-physics/pmg/mcjoboptions/-/blob/master/563xxx/563441/mc.MGPy8EG_C1mN2_WZ_650_300_2L7_MadSpin.py
563443,MGPy8EG_C1mN2_WZ_650_400_2L7_MadSpin,e8589,0.00371232,0.1138517,1.0,10000.0,9.540777652116958,0.009215292903543905,C1N2 WZ ll,MadGraph(v.3.5.5.atlas11)+Pythia8(v.312.atlas2)+EvtGen(v.2.2.1),"['chargino', 'gaugino', 'neutralino', 'susy']","Supersymmetric electroweakino production with leptonic decays",https://gitlab.cern.ch/atlas-physics/pmg/mcjoboptions/-/blob/master/563xxx/563443/mc.MGPy8EG_C1mN2_WZ_650_400_2L7_MadSpin.py
563445,MGPy8EG_C1mN2_WZ_650_500_2L7_MadSpin,e8589,0.00371232,0.1016129,1.0,10000.0,0.65516538564043,4.3384140848112074e-05,C1N2 WZ ll,MadGraph(v.3.5.5.atlas11)+Pythia8(v.312.atlas2)+EvtGen(v.2.2.1),"['chargino', 'gaugino', 'neutralino', 'susy']","Supersymmetric electroweakino production with leptonic decays",https://gitlab.cern.ch/atlas-physics/pmg/mcjoboptions/-/blob/master/563xxx/563445/mc.MGPy8EG_C1mN2_WZ_650_500_2L7_MadSpin.py
563446,MGPy8EG_C1mN2_WZ_700_0_2L7_MadSpin,e8589,0.0025207999999999997,0.1310882,1.0,10000.0,171.72607693169266,2.9772595238313557,C1N2 WZ ll,MadGraph(v.3.5.5.atlas11)+Pythia8(v.312.atlas2)+EvtGen(v.2.2.1),"['chargino', 'gaugino', 'neutralino', 'susy']","Supersymmetric electroweakino production with leptonic decays",https://gitlab.cern.ch/atlas-physics/pmg/mcjoboptions/-/blob/master/563xxx/563446/mc.MGPy8EG_C1mN2_WZ_700_0_2L7_MadSpin.py
563448,MGPy8EG_C1mN2_WZ_700_100_2L7_MadSpin,e8589,0.0025207999999999997,0.130166,1.0,10000.0,152.1072963727638,2.335389375313759,C1N2 WZ ll,MadGraph(v.3.5.5.atlas11)+Pythia8(v.312.atlas2)+EvtGen(v.2.2.1),"['chargino', 'gaugino', 'neutralino', 'susy']","Supersymmetric electroweakino production with leptonic decays",https://gitlab.cern.ch/atlas-physics/pmg/mcjoboptions/-/blob/master/563xxx/563448/mc.MGPy8EG_C1mN2_WZ_700_100_2L7_MadSpin.py
563450,MGPy8EG_C1mN2_WZ_700_200_2L7_MadSpin,e8589,0.0025207999999999997,0.1289647,1.0,10000.0,103.92314441222697,1.0903282386390338,C1N2 WZ ll,MadGraph(v.3.5.5.atlas11)+Pythia8(v.312.atlas2)+EvtGen(v.2.2.1),"['chargino', 'gaugino', 'neutralino', 'susy']","Supersymmetric electroweakino production with leptonic decays",https://gitlab.cern.ch/atlas-physics/pmg/mcjoboptions/-/blob/master/563xxx/563450/mc.MGPy8EG_C1mN2_WZ_700_200_2L7_MadSpin.py
563452,MGPy8EG_C1mN2_WZ_700_300_2L7_MadSpin,e8589,0.0025207999999999997,0.1247366,1.0,10000.0,51.374448298476636,0.26647831096927344,C1N2 WZ ll,MadGraph(v.3.5.5.atlas11)+Pythia8(v.312.atlas2)+EvtGen(v.2.2.1),"['chargino', 'gaugino', 'neutralino', 'susy']","Supersymmetric electroweakino production with leptonic decays",https://gitlab.cern.ch/atlas-physics/pmg/mcjoboptions/-/blob/master/563xxx/563452/mc.MGPy8EG_C1mN2_WZ_700_300_2L7_MadSpin.py
563454,MGPy8EG_C1mN2_WZ_700_400_2L7_MadSpin,e8589,0.0025207999999999997,0.1184654,1.0,10000.0,16.30716456193477,0.026865069178439036,C1N2 WZ ll,MadGraph(v.3.5.5.atlas11)+Pythia8(v.312.atlas2)+EvtGen(v.2.2.1),"['chargino', 'gaugino', 'neutralino', 'susy']","Supersymmetric electroweakino production with leptonic decays",https://gitlab.cern.ch/atlas-physics/pmg/mcjoboptions/-/blob/master/563xxx/563454/mc.MGPy8EG_C1mN2_WZ_700_400_2L7_MadSpin.py
563456,MGPy8EG_C1mN2_WZ_700_500_2L7_MadSpin,e8589,0.0025207999999999997,0.109124,1.0,10000.0,2.340602584168664,0.0005534631116477864,C1N2 WZ ll,MadGraph(v.3.5.5.atlas11)+Pythia8(v.312.atlas2)+EvtGen(v.2.2.1),"['chargino', 'gaugino', 'neutralino', 'susy']","Supersymmetric electroweakino production with leptonic decays",https://gitlab.cern.ch/atlas-physics/pmg/mcjoboptions/-/blob/master/563xxx/563456/mc.MGPy8EG_C1mN2_WZ_700_500_2L7_MadSpin.py
563457,MGPy8EG_C1mN2_WZ_750_0_2L7_MadSpin,e8589,0.0017398399999999999,0.1330843,1.0,10000.0,177.66679678112268,3.189328570909046,C1N2 WZ ll,MadGraph(v.3.5.5.atlas11)+Pythia8(v.312.atlas2)+EvtGen(v.2.2.1),"['chargino', 'gaugino', 'neutralino', 'susy']","Supersymmetric electroweakino production with leptonic decays",https://gitlab.cern.ch/atlas-physics/pmg/mcjoboptions/-/blob/master/563xxx/563457/mc.MGPy8EG_C1mN2_WZ_750_0_2L7_MadSpin.py
563459,MGPy8EG_C1mN2_WZ_750_100_2L7_MadSpin,e8589,0.0017398399999999999,0.1331285,1.0,10000.0,160.08801784273237,2.587455656323541,C1N2 WZ ll,MadGraph(v.3.5.5.atlas11)+Pythia8(v.312.atlas2)+EvtGen(v.2.2.1),"['chargino', 'gaugino', 'neutralino', 'susy']","Supersymmetric electroweakino production with leptonic decays",https://gitlab.cern.ch/atlas-physics/pmg/mcjoboptions/-/blob/master/563xxx/563459/mc.MGPy8EG_C1mN2_WZ_750_100_2L7_MadSpin.py
563461,MGPy8EG_C1mN2_WZ_750_200_2L7_MadSpin,e8589,0.0017398399999999999,0.1309148,1.0,10000.0,114.79172642249614,1.3298660739796337,C1N2 WZ ll,MadGraph(v.3.5.5.atlas11)+Pythia8(v.312.atlas2)+EvtGen(v.2.2.1),"['chargino', 'gaugino', 'neutralino', 'susy']","Supersymmetric electroweakino production with leptonic decays",https://gitlab.cern.ch/atlas-physics/pmg/mcjoboptions/-/blob/master/563xxx/563461/mc.MGPy8EG_C1mN2_WZ_750_200_2L7_MadSpin.py
563463,MGPy8EG_C1mN2_WZ_750_300_2L7_MadSpin,e8589,0.0017398399999999999,0.1278968,1.0,10000.0,63.130054159555584,0.40256670109808146,C1N2 WZ ll,MadGraph(v.3.5.5.atlas11)+Pythia8(v.312.atlas2)+EvtGen(v.2.2.1),"['chargino', 'gaugino', 'neutralino', 'susy']","Supersymmetric electroweakino production with leptonic decays",https://gitlab.cern.ch/atlas-physics/pmg/mcjoboptions/-/blob/master/563xxx/563463/mc.MGPy8EG_C1mN2_WZ_750_300_2L7_MadSpin.py
563465,MGPy8EG_C1mN2_WZ_750_400_2L7_MadSpin,e8589,0.0017398399999999999,0.1223849,1.0,10000.0,24.183254506904632,0.05901389209662398,C1N2 WZ ll,MadGraph(v.3.5.5.atlas11)+Pythia8(v.312.atlas2)+EvtGen(v.2.2.1),"['chargino', 'gaugino', 'neutralino', 'susy']","Supersymmetric electroweakino production with leptonic decays",https://gitlab.cern.ch/atlas-physics/pmg/mcjoboptions/-/blob/master/563xxx/563465/mc.MGPy8EG_C1mN2_WZ_750_400_2L7_MadSpin.py
563467,MGPy8EG_C1mN2_WZ_750_500_2L7_MadSpin,e8589,0.0017398399999999999,0.1140709,1.0,10000.0,5.283600917260628,0.002817912309338273,C1N2 WZ ll,MadGraph(v.3.5.5.atlas11)+Pythia8(v.312.atlas2)+EvtGen(v.2.2.1),"['chargino', 'gaugino', 'neutralino', 'susy']","Supersymmetric electroweakino production with leptonic decays",https://gitlab.cern.ch/atlas-physics/pmg/mcjoboptions/-/blob/master/563xxx/563467/mc.MGPy8EG_C1mN2_WZ_750_500_2L7_MadSpin.py
563468,MGPy8EG_C1mN2_WZ_800_0_2L7_MadSpin,e8589,0.0012175,0.1350734,1.0,10000.0,181.49372395686805,3.323992360680026,C1N2 WZ ll,MadGraph(v.3.5.5.atlas11)+Pythia8(v.312.atlas2)+EvtGen(v.2.2.1),"['chargino', 'gaugino', 'neutralino', 'susy']","Supersymmetric electroweakino production with leptonic decays",https://gitlab.cern.ch/atlas-physics/pmg/mcjoboptions/-/blob/master/563xxx/563468/mc.MGPy8EG_C1mN2_WZ_800_0_2L7_MadSpin.py
563470,MGPy8EG_C1mN2_WZ_800_100_2L7_MadSpin,e8589,0.0012175,0.134767,1.0,10000.0,165.60966068971902,2.76632477674541,C1N2 WZ ll,MadGraph(v.3.5.5.atlas11)+Pythia8(v.312.atlas2)+EvtGen(v.2.2.1),"['chargino', 'gaugino', 'neutralino', 'susy']","Supersymmetric electroweakino production with leptonic decays",https://gitlab.cern.ch/atlas-physics/pmg/mcjoboptions/-/blob/master/563xxx/563470/mc.MGPy8EG_C1mN2_WZ_800_100_2L7_MadSpin.py
563472,MGPy8EG_C1mN2_WZ_800_200_2L7_MadSpin,e8589,0.0012175,0.1344115,1.0,10000.0,123.9286541454494,1.552661221615718,C1N2 WZ ll,MadGraph(v.3.5.5.atlas11)+Pythia8(v.312.atlas2)+EvtGen(v.2.2.1),"['chargino', 'gaugino', 'neutralino', 'susy']","Supersymmetric electroweakino production with leptonic decays",https://gitlab.cern.ch/atlas-physics/pmg/mcjoboptions/-/blob/master/563xxx/563472/mc.MGPy8EG_C1mN2_WZ_800_200_2L7_MadSpin.py
563474,MGPy8EG_C1mN2_WZ_800_300_2L7_MadSpin,e8589,0.0012175,0.1300703,1.0,10000.0,73.67169585917145,0.5467937522559498,C1N2 WZ ll,MadGraph(v.3.5.5.atlas11)+Pythia8(v.312.atlas2)+EvtGen(v.2.2.1),"['chargino', 'gaugino', 'neutralino', 'susy']","Supersymmetric electroweakino production with leptonic decays",https://gitlab.cern.ch/atlas-physics/pmg/mcjoboptions/-/blob/master/563xxx/563474/mc.MGPy8EG_C1mN2_WZ_800_300_2L7_MadSpin.py
563246,MGPy8EG_C1pN2_WZ_300_100_2L7_MadSpin,e8589,0.260319,0.0999709,1.0,10000.0,59.05431080330163,0.3584083576548234,C1N2 WZ ll,MadGraph(v.3.5.5.atlas11)+Pythia8(v.312.atlas2)+EvtGen(v.2.2.1),"['chargino', 'gaugino', 'neutralino', 'susy']","Supersymmetric electroweakino production with leptonic decays",https://gitlab.cern.ch/atlas-physics/pmg/mcjoboptions/-/blob/master/563xxx/563246/mc.MGPy8EG_C1pN2_WZ_300_100_2L7_MadSpin.py
563266,MGPy8EG_C1pN2_WZ_500_0_2L7_MadSpin,e8589,0.0329135,0.1196495,1.0,10000.0,303.5749494675547,9.417341466145501,C1N2 WZ ll,MadGraph(v.3.5.5.atlas11)+Pythia8(v.312.atlas2)+EvtGen(v.2.2.1),"['chargino', 'gaugino', 'neutralino', 'susy']","Supersymmetric electroweakino production with leptonic decays",https://gitlab.cern.ch/atlas-physics/pmg/mcjoboptions/-/blob/master/563xxx/563266/mc.MGPy8EG_C1pN2_WZ_500_0_2L7_MadSpin.py
563272,MGPy8EG_C1pN2_WZ_500_300_2L7_MadSpin,e8589,0.0329135,0.1059584,1.0,10000.0,20.64917496673297,0.043668722820293604,C1N2 WZ ll,MadGraph(v.3.5.5.atlas11)+Pythia8(v.312.atlas2)+EvtGen(v.2.2.1),"['chargino', 'gaugino', 'neutralino', 'susy']","Supersymmetric electroweakino production with leptonic decays",https://gitlab.cern.ch/atlas-physics/pmg/mcjoboptions/-/blob/master/563xxx/563272/mc.MGPy8EG_C1pN2_WZ_500_300_2L7_MadSpin.py
563476,MGPy8EG_C1mN2_WZ_800_400_2L7_MadSpin,e8589,0.0012175,0.1261917,1.0,10000.0,32.728402100969106,0.1080316812061467,C1N2 WZ ll,MadGraph(v.3.5.5.atlas11)+Pythia8(v.312.atlas2)+EvtGen(v.2.2.1),"['chargino', 'gaugino', 'neutralino', 'susy']","Supersymmetric electroweakino production with leptonic decays",https://gitlab.cern.ch/atlas-physics/pmg/mcjoboptions/-/blob/master/563xxx/563476/mc.MGPy8EG_C1mN2_WZ_800_400_2L7_MadSpin.py
563478,MGPy8EG_C1mN2_WZ_800_500_2L7_MadSpin,e8589,0.0012175,0.1198388,1.0,10000.0,9.446826278057415,0.009003367346776934,C1N2 WZ ll,MadGraph(v.3.5.5.atlas11)+Pythia8(v.312.atlas2)+EvtGen(v.2.2.1),"['chargino', 'gaugino', 'neutralino', 'susy']","Supersymmetric electroweakino production with leptonic decays",https://gitlab.cern.ch/atlas-physics/pmg/mcjoboptions/-/blob/master/563xxx/563478/mc.MGPy8EG_C1mN2_WZ_800_500_2L7_MadSpin.py
563479,MGPy8EG_C1mN2_WZ_900_0_2L7_MadSpin,e8589,0.000623379,0.1393641,1.0,10000.0,184.21997434459627,3.4192870548259617,C1N2 WZ ll,MadGraph(v.3.5.5.atlas11)+Pythia8(v.312.atlas2)+EvtGen(v.2.2.1),"['chargino', 'gaugino', 'neutralino', 'susy']","Supersymmetric electroweakino production with leptonic decays",https://gitlab.cern.ch/atlas-physics/pmg/mcjoboptions/-/blob/master/563xxx/563479/mc.MGPy8EG_C1mN2_WZ_900_0_2L7_MadSpin.py
563481,MGPy8EG_C1mN2_WZ_900_100_2L7_MadSpin,e8589,0.000623379,0.1391586,1.0,10000.0,171.4455994721502,2.9652803969150474,C1N2 WZ ll,MadGraph(v.3.5.5.atlas11)+Pythia8(v.312.atlas2)+EvtGen(v.2.2.1),"['chargino', 'gaugino', 'neutralino', 'susy']","Supersymmetric electroweakino production with leptonic decays",https://gitlab.cern.ch/atlas-physics/pmg/mcjoboptions/-/blob/master/563xxx/563481/mc.MGPy8EG_C1mN2_WZ_900_100_2L7_MadSpin.py
563483,MGPy8EG_C1mN2_WZ_900_200_2L7_MadSpin,e8589,0.000623379,0.1385071,1.0,10000.0,136.3891854370013,1.878446373519926,C1N2 WZ ll,MadGraph(v.3.5.5.atlas11)+Pythia8(v.312.atlas2)+EvtGen(v.2.2.1),"['chargino', 'gaugino', 'neutralino', 'susy']","Supersymmetric electroweakino production with leptonic decays",https://gitlab.cern.ch/atlas-physics/pmg/mcjoboptions/-/blob/master/563xxx/563483/mc.MGPy8EG_C1mN2_WZ_900_200_2L7_MadSpin.py
563485,MGPy8EG_C1mN2_WZ_900_300_2L7_MadSpin,e8589,0.000623379,0.1359704,1.0,10000.0,91.46721740532666,0.8432391374998337,C1N2 WZ ll,MadGraph(v.3.5.5.atlas11)+Pythia8(v.312.atlas2)+EvtGen(v.2.2.1),"['chargino', 'gaugino', 'neutralino', 'susy']","Supersymmetric electroweakino production with leptonic decays",https://gitlab.cern.ch/atlas-physics/pmg/mcjoboptions/-/blob/master/563xxx/563485/mc.MGPy8EG_C1mN2_WZ_900_300_2L7_MadSpin.py
563487,MGPy8EG_C1mN2_WZ_900_400_2L7_MadSpin,e8589,0.000623379,0.1328082,1.0,10000.0,49.6639324943535,0.24855905425994093,C1N2 WZ ll,MadGraph(v.3.5.5.atlas11)+Pythia8(v.312.atlas2)+EvtGen(v.2.2.1),"['chargino', 'gaugino', 'neutralino', 'susy']","Supersymmetric electroweakino production with leptonic decays",https://gitlab.cern.ch/atlas-physics/pmg/mcjoboptions/-/blob/master/563xxx/563487/mc.MGPy8EG_C1mN2_WZ_900_400_2L7_MadSpin.py
563489,MGPy8EG_C1mN2_WZ_900_500_2L7_MadSpin,e8589,0.000623379,0.1264394,1.0,10000.0,20.38551670871675,0.04191531056481512,C1N2 WZ ll,MadGraph(v.3.5.5.atlas11)+Pythia8(v.312.atlas2)+EvtGen(v.2.2.1),"['chargino', 'gaugino', 'neutralino', 'susy']","Supersymmetric electroweakino production with leptonic decays",https://gitlab.cern.ch/atlas-physics/pmg/mcjoboptions/-/blob/master/563xxx/563489/mc.MGPy8EG_C1mN2_WZ_900_500_2L7_MadSpin.py
563490,MGPy8EG_C1mN2_WZ_1000_0_2L7_MadSpin,e8589,0.000329002,0.1417922,1.0,10000.0,180.5735297575593,3.2806304287276276,C1N2 WZ ll,MadGraph(v.3.5.5.atlas11)+Pythia8(v.312.atlas2)+EvtGen(v.2.2.1),"['chargino', 'gaugino', 'neutralino', 'susy']","Supersymmetric electroweakino production with leptonic decays",https://gitlab.cern.ch/atlas-physics/pmg/mcjoboptions/-/blob/master/563xxx/563490/mc.MGPy8EG_C1mN2_WZ_1000_0_2L7_MadSpin.py
563492,MGPy8EG_C1mN2_WZ_1000_100_2L7_MadSpin,e8589,0.000329002,0.1436344,1.0,10000.0,170.22942668478936,2.9174031311733817,C1N2 WZ ll,MadGraph(v.3.5.5.atlas11)+Pythia8(v.312.atlas2)+EvtGen(v.2.2.1),"['chargino', 'gaugino', 'neutralino', 'susy']","Supersymmetric electroweakino production with leptonic decays",https://gitlab.cern.ch/atlas-physics/pmg/mcjoboptions/-/blob/master/563xxx/563492/mc.MGPy8EG_C1mN2_WZ_1000_100_2L7_MadSpin.py
563494,MGPy8EG_C1mN2_WZ_1000_200_2L7_MadSpin,e8589,0.000329002,0.1415827,1.0,10000.0,141.64165584836155,2.0191516047489344,C1N2 WZ ll,MadGraph(v.3.5.5.atlas11)+Pythia8(v.312.atlas2)+EvtGen(v.2.2.1),"['chargino', 'gaugino', 'neutralino', 'susy']","Supersymmetric electroweakino production with leptonic decays",https://gitlab.cern.ch/atlas-physics/pmg/mcjoboptions/-/blob/master/563xxx/563494/mc.MGPy8EG_C1mN2_WZ_1000_200_2L7_MadSpin.py
563496,MGPy8EG_C1mN2_WZ_1000_300_2L7_MadSpin,e8589,0.000329002,0.1400527,1.0,10000.0,103.04518199712038,1.0686969666648132,C1N2 WZ ll,MadGraph(v.3.5.5.atlas11)+Pythia8(v.312.atlas2)+EvtGen(v.2.2.1),"['chargino', 'gaugino', 'neutralino', 'susy']","Supersymmetric electroweakino production with leptonic decays",https://gitlab.cern.ch/atlas-physics/pmg/mcjoboptions/-/blob/master/563xxx/563496/mc.MGPy8EG_C1mN2_WZ_1000_300_2L7_MadSpin.py
563498,MGPy8EG_C1mN2_WZ_1000_400_2L7_MadSpin,e8589,0.000329002,0.1363793,1.0,10000.0,63.83507856586948,0.4100630764697585,C1N2 WZ ll,MadGraph(v.3.5.5.atlas11)+Pythia8(v.312.atlas2)+EvtGen(v.2.2.1),"['chargino', 'gaugino', 'neutralino', 'susy']","Supersymmetric electroweakino production with leptonic decays",https://gitlab.cern.ch/atlas-physics/pmg/mcjoboptions/-/blob/master/563xxx/563498/mc.MGPy8EG_C1mN2_WZ_1000_400_2L7_MadSpin.py
563500,MGPy8EG_C1mN2_WZ_1000_500_2L7_MadSpin,e8589,0.000329002,0.1324922,1.0,10000.0,32.48876401758753,0.10625664056294622,C1N2 WZ ll,MadGraph(v.3.5.5.atlas11)+Pythia8(v.312.atlas2)+EvtGen(v.2.2.1),"['chargino', 'gaugino', 'neutralino', 'susy']","Supersymmetric electroweakino production with leptonic decays",https://gitlab.cern.ch/atlas-physics/pmg/mcjoboptions/-/blob/master/563xxx/563500/mc.MGPy8EG_C1mN2_WZ_1000_500_2L7_MadSpin.py
563501,MGPy8EG_C1mN2_WZ_1100_0_2L7_MadSpin,e8589,0.00018092199999999997,0.1480577,1.0,10000.0,172.13972678408027,2.9822385391990816,C1N2 WZ ll,MadGraph(v.3.5.5.atlas11)+Pythia8(v.312.atlas2)+EvtGen(v.2.2.1),"['chargino', 'gaugino', 'neutralino', 'susy']","Supersymmetric electroweakino production with leptonic decays",https://gitlab.cern.ch/atlas-physics/pmg/mcjoboptions/-/blob/master/563xxx/563501/mc.MGPy8EG_C1mN2_WZ_1100_0_2L7_MadSpin.py
563503,MGPy8EG_C1mN2_WZ_1100_100_2L7_MadSpin,e8589,0.00018092199999999997,0.1467947,1.0,10000.0,164.11380149051547,2.710420173605677,C1N2 WZ ll,MadGraph(v.3.5.5.atlas11)+Pythia8(v.312.atlas2)+EvtGen(v.2.2.1),"['chargino', 'gaugino', 'neutralino', 'susy']","Supersymmetric electroweakino production with leptonic decays",https://gitlab.cern.ch/atlas-physics/pmg/mcjoboptions/-/blob/master/563xxx/563503/mc.MGPy8EG_C1mN2_WZ_1100_100_2L7_MadSpin.py
563505,MGPy8EG_C1mN2_WZ_1100_200_2L7_MadSpin,e8589,0.00018092199999999997,0.1459829,1.0,10000.0,140.9831105582416,1.9990871501164338,C1N2 WZ ll,MadGraph(v.3.5.5.atlas11)+Pythia8(v.312.atlas2)+EvtGen(v.2.2.1),"['chargino', 'gaugino', 'neutralino', 'susy']","Supersymmetric electroweakino production with leptonic decays",https://gitlab.cern.ch/atlas-physics/pmg/mcjoboptions/-/blob/master/563xxx/563505/mc.MGPy8EG_C1mN2_WZ_1100_200_2L7_MadSpin.py
563507,MGPy8EG_C1mN2_WZ_1100_300_2L7_MadSpin,e8589,0.00018092199999999997,0.1439753,1.0,10000.0,108.8793763583526,1.1943868667773239,C1N2 WZ ll,MadGraph(v.3.5.5.atlas11)+Pythia8(v.312.atlas2)+EvtGen(v.2.2.1),"['chargino', 'gaugino', 'neutralino', 'susy']","Supersymmetric electroweakino production with leptonic decays",https://gitlab.cern.ch/atlas-physics/pmg/mcjoboptions/-/blob/master/563xxx/563507/mc.MGPy8EG_C1mN2_WZ_1100_300_2L7_MadSpin.py
563509,MGPy8EG_C1mN2_WZ_1100_400_2L7_MadSpin,e8589,0.00018092199999999997,0.1418271,1.0,10000.0,73.92790832044557,0.5493847825554238,C1N2 WZ ll,MadGraph(v.3.5.5.atlas11)+Pythia8(v.312.atlas2)+EvtGen(v.2.2.1),"['chargino', 'gaugino', 'neutralino', 'susy']","Supersymmetric electroweakino production with leptonic decays",https://gitlab.cern.ch/atlas-physics/pmg/mcjoboptions/-/blob/master/563xxx/563509/mc.MGPy8EG_C1mN2_WZ_1100_400_2L7_MadSpin.py
563511,MGPy8EG_C1mN2_WZ_1100_500_2L7_MadSpin,e8589,0.00018092199999999997,0.1386111,1.0,10000.0,43.37073499895632,0.18951594973361383,C1N2 WZ ll,MadGraph(v.3.5.5.atlas11)+Pythia8(v.312.atlas2)+EvtGen(v.2.2.1),"['chargino', 'gaugino', 'neutralino', 'susy']","Supersymmetric electroweakino production with leptonic decays",https://gitlab.cern.ch/atlas-physics/pmg/mcjoboptions/-/blob/master/563xxx/563511/mc.MGPy8EG_C1mN2_WZ_1100_500_2L7_MadSpin.py
563512,MGPy8EG_C1mN2_WZ_1200_0_2L7_MadSpin,e8589,0.000100687,0.1497397,1.0,10000.0,160.89849954936653,2.6039075236499345,C1N2 WZ ll,MadGraph(v.3.5.5.atlas11)+Pythia8(v.312.atlas2)+EvtGen(v.2.2.1),"['chargino', 'gaugino', 'neutralino', 'susy']","Supersymmetric electroweakino production with leptonic decays",https://gitlab.cern.ch/atlas-physics/pmg/mcjoboptions/-/blob/master/563xxx/563512/mc.MGPy8EG_C1mN2_WZ_1200_0_2L7_MadSpin.py
563514,MGPy8EG_C1mN2_WZ_1200_100_2L7_MadSpin,e8589,0.000100687,0.1479171,1.0,10000.0,154.44943014439195,2.400741274363301,C1N2 WZ ll,MadGraph(v.3.5.5.atlas11)+Pythia8(v.312.atlas2)+EvtGen(v.2.2.1),"['chargino', 'gaugino', 'neutralino', 'susy']","Supersymmetric electroweakino production with leptonic decays",https://gitlab.cern.ch/atlas-physics/pmg/mcjoboptions/-/blob/master/563xxx/563514/mc.MGPy8EG_C1mN2_WZ_1200_100_2L7_MadSpin.py
563516,MGPy8EG_C1mN2_WZ_1200_200_2L7_MadSpin,e8589,0.000100687,0.1486781,1.0,10000.0,135.98231515660882,1.8603010709126173,C1N2 WZ ll,MadGraph(v.3.5.5.atlas11)+Pythia8(v.312.atlas2)+EvtGen(v.2.2.1),"['chargino', 'gaugino', 'neutralino', 'susy']","Supersymmetric electroweakino production with leptonic decays",https://gitlab.cern.ch/atlas-physics/pmg/mcjoboptions/-/blob/master/563xxx/563516/mc.MGPy8EG_C1mN2_WZ_1200_200_2L7_MadSpin.py
563518,MGPy8EG_C1mN2_WZ_1200_300_2L7_MadSpin,e8589,0.000100687,0.1474545,1.0,10000.0,109.5536137856543,1.2069262586985674,C1N2 WZ ll,MadGraph(v.3.5.5.atlas11)+Pythia8(v.312.atlas2)+EvtGen(v.2.2.1),"['chargino', 'gaugino', 'neutralino', 'susy']","Supersymmetric electroweakino production with leptonic decays",https://gitlab.cern.ch/atlas-physics/pmg/mcjoboptions/-/blob/master/563xxx/563518/mc.MGPy8EG_C1mN2_WZ_1200_300_2L7_MadSpin.py
563520,MGPy8EG_C1mN2_WZ_1200_400_2L7_MadSpin,e8589,0.000100687,0.1461789,1.0,10000.0,79.66551624424756,0.6384515585438849,C1N2 WZ ll,MadGraph(v.3.5.5.atlas11)+Pythia8(v.312.atlas2)+EvtGen(v.2.2.1),"['chargino', 'gaugino', 'neutralino', 'susy']","Supersymmetric electroweakino production with leptonic decays",https://gitlab.cern.ch/atlas-physics/pmg/mcjoboptions/-/blob/master/563xxx/563520/mc.MGPy8EG_C1mN2_WZ_1200_400_2L7_MadSpin.py
563522,MGPy8EG_C1mN2_WZ_1200_500_2L7_MadSpin,e8589,0.000100687,0.1420439,1.0,10000.0,51.50598642975092,0.2668900193540148,C1N2 WZ ll,MadGraph(v.3.5.5.atlas11)+Pythia8(v.312.atlas2)+EvtGen(v.2.2.1),"['chargino', 'gaugino', 'neutralino', 'susy']","Supersymmetric electroweakino production with leptonic decays",https://gitlab.cern.ch/atlas-physics/pmg/mcjoboptions/-/blob/master/563xxx/563522/mc.MGPy8EG_C1mN2_WZ_1200_500_2L7_MadSpin.py
