group,region,observable,bin_low,bin_high,last_bin_includes_overflow,raw,sumw,sumw2
data,SR1b,electron_pt,25.0,35.0,False,9603,9603.0,9603.0
data,SR1b,electron_pt,35.0,45.0,False,12516,12516.0,12516.0
data,SR1b,electron_pt,45.0,60.0,False,15784,15784.0,15784.0
data,SR1b,electron_pt,60.0,80.0,False,15670,15670.0,15670.0
data,SR1b,electron_pt,80.0,110.0,False,11836,11836.0,11836.0
data,SR1b,electron_pt,110.0,150.0,False,6314,6314.0,6314.0
data,SR1b,electron_pt,150.0,200.0,False,2382,2382.0,2382.0
data,SR1b,electron_pt,200.0,300.0,True,1113,1113.0,1113.0
data,SR1b,muon_pt,25.0,35.0,False,12148,12148.0,12148.0
data,SR1b,muon_pt,35.0,45.0,False,13998,13998.0,13998.0
data,SR1b,muon_pt,45.0,60.0,False,16647,16647.0,16647.0
data,SR1b,muon_pt,60.0,80.0,False,13973,13973.0,13973.0
data,SR1b,muon_pt,80.0,110.0,False,10479,10479.0,10479.0
data,SR1b,muon_pt,110.0,150.0,False,5079,5079.0,5079.0
data,SR1b,muon_pt,150.0,200.0,False,1957,1957.0,1957.0
data,SR1b,muon_pt,200.0,300.0,True,937,937.0,937.0
data,SR1b,n_jets,1.5,2.5,False,41401,41401.0,41401.0
data,SR1b,n_jets,2.5,3.5,False,21993,21993.0,21993.0
data,SR1b,n_jets,3.5,4.5,False,8399,8399.0,8399.0
data,SR1b,n_jets,4.5,5.5,False,2557,2557.0,2557.0
data,SR1b,n_jets,5.5,6.5,False,686,686.0,686.0
data,SR1b,n_jets,6.5,7.5,True,182,182.0,182.0
data,SR1b,delta_phi,0.0,0.2617993877991494,False,3430,3430.0,3430.0
data,SR1b,delta_phi,0.2617993877991494,0.5235987755982988,False,3983,3983.0,3983.0
data,SR1b,delta_phi,0.5235987755982988,0.7853981633974483,False,4096,4096.0,4096.0
data,SR1b,delta_phi,0.7853981633974483,1.0471975511965976,False,4328,4328.0,4328.0
data,SR1b,delta_phi,1.0471975511965976,1.308996938995747,False,4864,4864.0,4864.0
data,SR1b,delta_phi,1.308996938995747,1.5707963267948966,False,5410,5410.0,5410.0
data,SR1b,delta_phi,1.5707963267948966,1.832595714594046,False,6108,6108.0,6108.0
data,SR1b,delta_phi,1.832595714594046,2.0943951023931953,False,7052,7052.0,7052.0
data,SR1b,delta_phi,2.0943951023931953,2.356194490192345,False,7944,7944.0,7944.0
data,SR1b,delta_phi,2.356194490192345,2.617993877991494,False,8818,8818.0,8818.0
data,SR1b,delta_phi,2.617993877991494,2.8797932657906435,False,9327,9327.0,9327.0
data,SR1b,delta_phi,2.8797932657906435,3.141592653589793,False,9858,9858.0,9858.0
data,SR1b,delta_eta,0.0,0.5,False,20163,20163.0,20163.0
data,SR1b,delta_eta,0.5,1.0,False,19072,19072.0,19072.0
data,SR1b,delta_eta,1.0,1.5,False,15178,15178.0,15178.0
data,SR1b,delta_eta,1.5,2.0,False,10589,10589.0,10589.0
data,SR1b,delta_eta,2.0,2.5,False,5875,5875.0,5875.0
data,SR1b,delta_eta,2.5,3.0,False,2820,2820.0,2820.0
data,SR1b,delta_eta,3.0,3.5,False,1104,1104.0,1104.0
data,SR1b,delta_eta,3.5,4.0,False,334,334.0,334.0
data,SR1b,delta_eta,4.0,4.5,False,76,76.0,76.0
data,SR1b,delta_eta,4.5,5.0,False,7,7.0,7.0
data,SR1b,m_emu,0.0,25.0,False,1397,1397.0,1397.0
data,SR1b,m_emu,25.0,50.0,False,5493,5493.0,5493.0
data,SR1b,m_emu,50.0,75.0,False,9345,9345.0,9345.0
data,SR1b,m_emu,75.0,100.0,False,12354,12354.0,12354.0
data,SR1b,m_emu,100.0,125.0,False,11755,11755.0,11755.0
data,SR1b,m_emu,125.0,150.0,False,9574,9574.0,9574.0
data,SR1b,m_emu,150.0,200.0,False,12350,12350.0,12350.0
data,SR1b,m_emu,200.0,300.0,False,9194,9194.0,9194.0
data,SR1b,m_emu,300.0,450.0,True,3756,3756.0,3756.0
data,SR1b,met,30.0,45.0,False,10470,10470.0,10470.0
data,SR1b,met,45.0,60.0,False,12195,12195.0,12195.0
data,SR1b,met,60.0,80.0,False,16641,16641.0,16641.0
data,SR1b,met,80.0,110.0,False,18834,18834.0,18834.0
data,SR1b,met,110.0,150.0,False,11512,11512.0,11512.0
data,SR1b,met,150.0,200.0,False,3942,3942.0,3942.0
data,SR1b,met,200.0,300.0,True,1624,1624.0,1624.0
data,SR1b,n_bjets,-0.5,0.5,False,0,0.0,0.0
data,SR1b,n_bjets,0.5,1.5,False,38273,38273.0,38273.0
data,SR1b,n_bjets,1.5,2.5,False,35179,35179.0,35179.0
data,SR1b,n_bjets,2.5,3.5,False,1655,1655.0,1655.0
data,SR1b,n_bjets,3.5,4.5,True,111,111.0,111.0
data,SR2b,electron_pt,25.0,35.0,False,4886,4886.0,4886.0
data,SR2b,electron_pt,35.0,45.0,False,6356,6356.0,6356.0
data,SR2b,electron_pt,45.0,60.0,False,7862,7862.0,7862.0
data,SR2b,electron_pt,60.0,80.0,False,7619,7619.0,7619.0
data,SR2b,electron_pt,80.0,110.0,False,5702,5702.0,5702.0
data,SR2b,electron_pt,110.0,150.0,False,2965,2965.0,2965.0
data,SR2b,electron_pt,150.0,200.0,False,1075,1075.0,1075.0
data,SR2b,electron_pt,200.0,300.0,True,480,480.0,480.0
data,SR2b,muon_pt,25.0,35.0,False,6177,6177.0,6177.0
data,SR2b,muon_pt,35.0,45.0,False,7064,7064.0,7064.0
data,SR2b,muon_pt,45.0,60.0,False,8202,8202.0,8202.0
data,SR2b,muon_pt,60.0,80.0,False,6910,6910.0,6910.0
data,SR2b,muon_pt,80.0,110.0,False,4958,4958.0,4958.0
data,SR2b,muon_pt,110.0,150.0,False,2339,2339.0,2339.0
data,SR2b,muon_pt,150.0,200.0,False,866,866.0,866.0
data,SR2b,muon_pt,200.0,300.0,True,429,429.0,429.0
data,SR2b,n_jets,1.5,2.5,False,17824,17824.0,17824.0
data,SR2b,n_jets,2.5,3.5,False,11876,11876.0,11876.0
data,SR2b,n_jets,3.5,4.5,False,4955,4955.0,4955.0
data,SR2b,n_jets,4.5,5.5,False,1679,1679.0,1679.0
data,SR2b,n_jets,5.5,6.5,False,478,478.0,478.0
data,SR2b,n_jets,6.5,7.5,True,133,133.0,133.0
data,SR2b,delta_phi,0.0,0.2617993877991494,False,1672,1672.0,1672.0
data,SR2b,delta_phi,0.2617993877991494,0.5235987755982988,False,1946,1946.0,1946.0
data,SR2b,delta_phi,0.5235987755982988,0.7853981633974483,False,1974,1974.0,1974.0
data,SR2b,delta_phi,0.7853981633974483,1.0471975511965976,False,2079,2079.0,2079.0
data,SR2b,delta_phi,1.0471975511965976,1.308996938995747,False,2424,2424.0,2424.0
data,SR2b,delta_phi,1.308996938995747,1.5707963267948966,False,2669,2669.0,2669.0
data,SR2b,delta_phi,1.5707963267948966,1.832595714594046,False,2945,2945.0,2945.0
data,SR2b,delta_phi,1.832595714594046,2.0943951023931953,False,3424,3424.0,3424.0
data,SR2b,delta_phi,2.0943951023931953,2.356194490192345,False,3982,3982.0,3982.0
data,SR2b,delta_phi,2.356194490192345,2.617993877991494,False,4364,4364.0,4364.0
data,SR2b,delta_phi,2.617993877991494,2.8797932657906435,False,4628,4628.0,4628.0
data,SR2b,delta_phi,2.8797932657906435,3.141592653589793,False,4838,4838.0,4838.0
data,SR2b,delta_eta,0.0,0.5,False,9777,9777.0,9777.0
data,SR2b,delta_eta,0.5,1.0,False,9347,9347.0,9347.0
data,SR2b,delta_eta,1.0,1.5,False,7527,7527.0,7527.0
data,SR2b,delta_eta,1.5,2.0,False,5246,5246.0,5246.0
data,SR2b,delta_eta,2.0,2.5,False,2917,2917.0,2917.0
data,SR2b,delta_eta,2.5,3.0,False,1409,1409.0,1409.0
data,SR2b,delta_eta,3.0,3.5,False,531,531.0,531.0
data,SR2b,delta_eta,3.5,4.0,False,159,159.0,159.0
data,SR2b,delta_eta,4.0,4.5,False,30,30.0,30.0
data,SR2b,delta_eta,4.5,5.0,False,2,2.0,2.0
data,SR2b,m_emu,0.0,25.0,False,694,694.0,694.0
data,SR2b,m_emu,25.0,50.0,False,2738,2738.0,2738.0
data,SR2b,m_emu,50.0,75.0,False,4665,4665.0,4665.0
data,SR2b,m_emu,75.0,100.0,False,6323,6323.0,6323.0
data,SR2b,m_emu,100.0,125.0,False,5719,5719.0,5719.0
data,SR2b,m_emu,125.0,150.0,False,4750,4750.0,4750.0
data,SR2b,m_emu,150.0,200.0,False,5990,5990.0,5990.0
data,SR2b,m_emu,200.0,300.0,False,4343,4343.0,4343.0
data,SR2b,m_emu,300.0,450.0,True,1723,1723.0,1723.0
data,SR2b,met,30.0,45.0,False,5139,5139.0,5139.0
data,SR2b,met,45.0,60.0,False,6165,6165.0,6165.0
data,SR2b,met,60.0,80.0,False,8277,8277.0,8277.0
data,SR2b,met,80.0,110.0,False,9318,9318.0,9318.0
data,SR2b,met,110.0,150.0,False,5522,5522.0,5522.0
data,SR2b,met,150.0,200.0,False,1835,1835.0,1835.0
data,SR2b,met,200.0,300.0,True,689,689.0,689.0
data,SR2b,n_bjets,-0.5,0.5,False,0,0.0,0.0
data,SR2b,n_bjets,0.5,1.5,False,0,0.0,0.0
data,SR2b,n_bjets,1.5,2.5,False,35179,35179.0,35179.0
data,SR2b,n_bjets,2.5,3.5,False,1655,1655.0,1655.0
data,SR2b,n_bjets,3.5,4.5,True,111,111.0,111.0
data,PRETAG,electron_pt,25.0,35.0,False,11052,11052.0,11052.0
data,PRETAG,electron_pt,35.0,45.0,False,14253,14253.0,14253.0
data,PRETAG,electron_pt,45.0,60.0,False,17876,17876.0,17876.0
data,PRETAG,electron_pt,60.0,80.0,False,17858,17858.0,17858.0
data,PRETAG,electron_pt,80.0,110.0,False,13584,13584.0,13584.0
data,PRETAG,electron_pt,110.0,150.0,False,7389,7389.0,7389.0
data,PRETAG,electron_pt,150.0,200.0,False,2824,2824.0,2824.0
data,PRETAG,electron_pt,200.0,300.0,True,1381,1381.0,1381.0
data,PRETAG,muon_pt,25.0,35.0,False,13915,13915.0,13915.0
data,PRETAG,muon_pt,35.0,45.0,False,15956,15956.0,15956.0
data,PRETAG,muon_pt,45.0,60.0,False,18906,18906.0,18906.0
data,PRETAG,muon_pt,60.0,80.0,False,16002,16002.0,16002.0
data,PRETAG,muon_pt,80.0,110.0,False,11976,11976.0,11976.0
data,PRETAG,muon_pt,110.0,150.0,False,5972,5972.0,5972.0
data,PRETAG,muon_pt,150.0,200.0,False,2308,2308.0,2308.0
data,PRETAG,muon_pt,200.0,300.0,True,1182,1182.0,1182.0
data,PRETAG,n_jets,1.5,2.5,False,48863,48863.0,48863.0
data,PRETAG,n_jets,2.5,3.5,False,24595,24595.0,24595.0
data,PRETAG,n_jets,3.5,4.5,False,9101,9101.0,9101.0
data,PRETAG,n_jets,4.5,5.5,False,2731,2731.0,2731.0
data,PRETAG,n_jets,5.5,6.5,False,740,740.0,740.0
data,PRETAG,n_jets,6.5,7.5,True,187,187.0,187.0
data,PRETAG,delta_phi,0.0,0.2617993877991494,False,3992,3992.0,3992.0
data,PRETAG,delta_phi,0.2617993877991494,0.5235987755982988,False,4648,4648.0,4648.0
data,PRETAG,delta_phi,0.5235987755982988,0.7853981633974483,False,4758,4758.0,4758.0
data,PRETAG,delta_phi,0.7853981633974483,1.0471975511965976,False,5053,5053.0,5053.0
data,PRETAG,delta_phi,1.0471975511965976,1.308996938995747,False,5606,5606.0,5606.0
data,PRETAG,delta_phi,1.308996938995747,1.5707963267948966,False,6230,6230.0,6230.0
data,PRETAG,delta_phi,1.5707963267948966,1.832595714594046,False,7006,7006.0,7006.0
data,PRETAG,delta_phi,1.832595714594046,2.0943951023931953,False,8019,8019.0,8019.0
data,PRETAG,delta_phi,2.0943951023931953,2.356194490192345,False,9014,9014.0,9014.0
data,PRETAG,delta_phi,2.356194490192345,2.617993877991494,False,10029,10029.0,10029.0
data,PRETAG,delta_phi,2.617993877991494,2.8797932657906435,False,10665,10665.0,10665.0
data,PRETAG,delta_phi,2.8797932657906435,3.141592653589793,False,11197,11197.0,11197.0
data,PRETAG,delta_eta,0.0,0.5,False,23407,23407.0,23407.0
data,PRETAG,delta_eta,0.5,1.0,False,21839,21839.0,21839.0
data,PRETAG,delta_eta,1.0,1.5,False,17370,17370.0,17370.0
data,PRETAG,delta_eta,1.5,2.0,False,11981,11981.0,11981.0
data,PRETAG,delta_eta,2.0,2.5,False,6702,6702.0,6702.0
data,PRETAG,delta_eta,2.5,3.0,False,3167,3167.0,3167.0
data,PRETAG,delta_eta,3.0,3.5,False,1262,1262.0,1262.0
data,PRETAG,delta_eta,3.5,4.0,False,388,388.0,388.0
data,PRETAG,delta_eta,4.0,4.5,False,94,94.0,94.0
data,PRETAG,delta_eta,4.5,5.0,False,7,7.0,7.0
data,PRETAG,m_emu,0.0,25.0,False,1626,1626.0,1626.0
data,PRETAG,m_emu,25.0,50.0,False,6447,6447.0,6447.0
data,PRETAG,m_emu,50.0,75.0,False,10852,10852.0,10852.0
data,PRETAG,m_emu,75.0,100.0,False,14070,14070.0,14070.0
data,PRETAG,m_emu,100.0,125.0,False,13258,13258.0,13258.0
data,PRETAG,m_emu,125.0,150.0,False,10847,10847.0,10847.0
data,PRETAG,m_emu,150.0,200.0,False,14053,14053.0,14053.0
data,PRETAG,m_emu,200.0,300.0,False,10603,10603.0,10603.0
data,PRETAG,m_emu,300.0,450.0,True,4461,4461.0,4461.0
data,PRETAG,met,30.0,45.0,False,12029,12029.0,12029.0
data,PRETAG,met,45.0,60.0,False,13993,13993.0,13993.0
data,PRETAG,met,60.0,80.0,False,18918,18918.0,18918.0
data,PRETAG,met,80.0,110.0,False,21468,21468.0,21468.0
data,PRETAG,met,110.0,150.0,False,13208,13208.0,13208.0
data,PRETAG,met,150.0,200.0,False,4608,4608.0,4608.0
data,PRETAG,met,200.0,300.0,True,1993,1993.0,1993.0
data,PRETAG,n_bjets,-0.5,0.5,False,10999,10999.0,10999.0
data,PRETAG,n_bjets,0.5,1.5,False,38273,38273.0,38273.0
data,PRETAG,n_bjets,1.5,2.5,False,35179,35179.0,35179.0
data,PRETAG,n_bjets,2.5,3.5,False,1655,1655.0,1655.0
data,PRETAG,n_bjets,3.5,4.5,True,111,111.0,111.0
data,ZEROb,electron_pt,25.0,35.0,False,1449,1449.0,1449.0
data,ZEROb,electron_pt,35.0,45.0,False,1737,1737.0,1737.0
data,ZEROb,electron_pt,45.0,60.0,False,2092,2092.0,2092.0
data,ZEROb,electron_pt,60.0,80.0,False,2188,2188.0,2188.0
data,ZEROb,electron_pt,80.0,110.0,False,1748,1748.0,1748.0
data,ZEROb,electron_pt,110.0,150.0,False,1075,1075.0,1075.0
data,ZEROb,electron_pt,150.0,200.0,False,442,442.0,442.0
data,ZEROb,electron_pt,200.0,300.0,True,268,268.0,268.0
data,ZEROb,muon_pt,25.0,35.0,False,1767,1767.0,1767.0
data,ZEROb,muon_pt,35.0,45.0,False,1958,1958.0,1958.0
data,ZEROb,muon_pt,45.0,60.0,False,2259,2259.0,2259.0
data,ZEROb,muon_pt,60.0,80.0,False,2029,2029.0,2029.0
data,ZEROb,muon_pt,80.0,110.0,False,1497,1497.0,1497.0
data,ZEROb,muon_pt,110.0,150.0,False,893,893.0,893.0
data,ZEROb,muon_pt,150.0,200.0,False,351,351.0,351.0
data,ZEROb,muon_pt,200.0,300.0,True,245,245.0,245.0
data,ZEROb,n_jets,1.5,2.5,False,7462,7462.0,7462.0
data,ZEROb,n_jets,2.5,3.5,False,2602,2602.0,2602.0
data,ZEROb,n_jets,3.5,4.5,False,702,702.0,702.0
data,ZEROb,n_jets,4.5,5.5,False,174,174.0,174.0
data,ZEROb,n_jets,5.5,6.5,False,54,54.0,54.0
data,ZEROb,n_jets,6.5,7.5,True,5,5.0,5.0
data,ZEROb,delta_phi,0.0,0.2617993877991494,False,562,562.0,562.0
data,ZEROb,delta_phi,0.2617993877991494,0.5235987755982988,False,665,665.0,665.0
data,ZEROb,delta_phi,0.5235987755982988,0.7853981633974483,False,662,662.0,662.0
data,ZEROb,delta_phi,0.7853981633974483,1.0471975511965976,False,725,725.0,725.0
data,ZEROb,delta_phi,1.0471975511965976,1.308996938995747,False,742,742.0,742.0
data,ZEROb,delta_phi,1.308996938995747,1.5707963267948966,False,820,820.0,820.0
data,ZEROb,delta_phi,1.5707963267948966,1.832595714594046,False,898,898.0,898.0
data,ZEROb,delta_phi,1.832595714594046,2.0943951023931953,False,967,967.0,967.0
data,ZEROb,delta_phi,2.0943951023931953,2.356194490192345,False,1070,1070.0,1070.0
data,ZEROb,delta_phi,2.356194490192345,2.617993877991494,False,1211,1211.0,1211.0
data,ZEROb,delta_phi,2.617993877991494,2.8797932657906435,False,1338,1338.0,1338.0
data,ZEROb,delta_phi,2.8797932657906435,3.141592653589793,False,1339,1339.0,1339.0
data,ZEROb,delta_eta,0.0,0.5,False,3244,3244.0,3244.0
data,ZEROb,delta_eta,0.5,1.0,False,2767,2767.0,2767.0
data,ZEROb,delta_eta,1.0,1.5,False,2192,2192.0,2192.0
data,ZEROb,delta_eta,1.5,2.0,False,1392,1392.0,1392.0
data,ZEROb,delta_eta,2.0,2.5,False,827,827.0,827.0
data,ZEROb,delta_eta,2.5,3.0,False,347,347.0,347.0
data,ZEROb,delta_eta,3.0,3.5,False,158,158.0,158.0
data,ZEROb,delta_eta,3.5,4.0,False,54,54.0,54.0
data,ZEROb,delta_eta,4.0,4.5,False,18,18.0,18.0
data,ZEROb,delta_eta,4.5,5.0,False,0,0.0,0.0
data,ZEROb,m_emu,0.0,25.0,False,229,229.0,229.0
data,ZEROb,m_emu,25.0,50.0,False,954,954.0,954.0
data,ZEROb,m_emu,50.0,75.0,False,1507,1507.0,1507.0
data,ZEROb,m_emu,75.0,100.0,False,1716,1716.0,1716.0
data,ZEROb,m_emu,100.0,125.0,False,1503,1503.0,1503.0
data,ZEROb,m_emu,125.0,150.0,False,1273,1273.0,1273.0
data,ZEROb,m_emu,150.0,200.0,False,1703,1703.0,1703.0
data,ZEROb,m_emu,200.0,300.0,False,1409,1409.0,1409.0
data,ZEROb,m_emu,300.0,450.0,True,705,705.0,705.0
data,ZEROb,met,30.0,45.0,False,1559,1559.0,1559.0
data,ZEROb,met,45.0,60.0,False,1798,1798.0,1798.0
data,ZEROb,met,60.0,80.0,False,2277,2277.0,2277.0
data,ZEROb,met,80.0,110.0,False,2634,2634.0,2634.0
data,ZEROb,met,110.0,150.0,False,1696,1696.0,1696.0
data,ZEROb,met,150.0,200.0,False,666,666.0,666.0
data,ZEROb,met,200.0,300.0,True,369,369.0,369.0
data,ZEROb,n_bjets,-0.5,0.5,False,10999,10999.0,10999.0
data,ZEROb,n_bjets,0.5,1.5,False,0,0.0,0.0
data,ZEROb,n_bjets,1.5,2.5,False,0,0.0,0.0
data,ZEROb,n_bjets,2.5,3.5,False,0,0.0,0.0
data,ZEROb,n_bjets,3.5,4.5,True,0,0.0,0.0
data,SS1b,electron_pt,25.0,35.0,False,38,38.0,38.0
data,SS1b,electron_pt,35.0,45.0,False,54,54.0,54.0
data,SS1b,electron_pt,45.0,60.0,False,81,81.0,81.0
data,SS1b,electron_pt,60.0,80.0,False,114,114.0,114.0
data,SS1b,electron_pt,80.0,110.0,False,96,96.0,96.0
data,SS1b,electron_pt,110.0,150.0,False,74,74.0,74.0
data,SS1b,electron_pt,150.0,200.0,False,32,32.0,32.0
data,SS1b,electron_pt,200.0,300.0,True,24,24.0,24.0
data,SS1b,muon_pt,25.0,35.0,False,80,80.0,80.0
data,SS1b,muon_pt,35.0,45.0,False,81,81.0,81.0
data,SS1b,muon_pt,45.0,60.0,False,102,102.0,102.0
data,SS1b,muon_pt,60.0,80.0,False,95,95.0,95.0
data,SS1b,muon_pt,80.0,110.0,False,77,77.0,77.0
data,SS1b,muon_pt,110.0,150.0,False,48,48.0,48.0
data,SS1b,muon_pt,150.0,200.0,False,15,15.0,15.0
data,SS1b,muon_pt,200.0,300.0,True,15,15.0,15.0
data,SS1b,n_jets,1.5,2.5,False,243,243.0,243.0
data,SS1b,n_jets,2.5,3.5,False,164,164.0,164.0
data,SS1b,n_jets,3.5,4.5,False,64,64.0,64.0
data,SS1b,n_jets,4.5,5.5,False,30,30.0,30.0
data,SS1b,n_jets,5.5,6.5,False,9,9.0,9.0
data,SS1b,n_jets,6.5,7.5,True,3,3.0,3.0
data,SS1b,delta_phi,0.0,0.2617993877991494,False,21,21.0,21.0
data,SS1b,delta_phi,0.2617993877991494,0.5235987755982988,False,23,23.0,23.0
data,SS1b,delta_phi,0.5235987755982988,0.7853981633974483,False,32,32.0,32.0
data,SS1b,delta_phi,0.7853981633974483,1.0471975511965976,False,34,34.0,34.0
data,SS1b,delta_phi,1.0471975511965976,1.308996938995747,False,38,38.0,38.0
data,SS1b,delta_phi,1.308996938995747,1.5707963267948966,False,32,32.0,32.0
data,SS1b,delta_phi,1.5707963267948966,1.832595714594046,False,52,52.0,52.0
data,SS1b,delta_phi,1.832595714594046,2.0943951023931953,False,39,39.0,39.0
data,SS1b,delta_phi,2.0943951023931953,2.356194490192345,False,54,54.0,54.0
data,SS1b,delta_phi,2.356194490192345,2.617993877991494,False,56,56.0,56.0
data,SS1b,delta_phi,2.617993877991494,2.8797932657906435,False,61,61.0,61.0
data,SS1b,delta_phi,2.8797932657906435,3.141592653589793,False,71,71.0,71.0
data,SS1b,delta_eta,0.0,0.5,False,142,142.0,142.0
data,SS1b,delta_eta,0.5,1.0,False,121,121.0,121.0
data,SS1b,delta_eta,1.0,1.5,False,88,88.0,88.0
data,SS1b,delta_eta,1.5,2.0,False,60,60.0,60.0
data,SS1b,delta_eta,2.0,2.5,False,60,60.0,60.0
data,SS1b,delta_eta,2.5,3.0,False,16,16.0,16.0
data,SS1b,delta_eta,3.0,3.5,False,13,13.0,13.0
data,SS1b,delta_eta,3.5,4.0,False,12,12.0,12.0
data,SS1b,delta_eta,4.0,4.5,False,1,1.0,1.0
data,SS1b,delta_eta,4.5,5.0,False,0,0.0,0.0
data,SS1b,m_emu,0.0,25.0,False,6,6.0,6.0
data,SS1b,m_emu,25.0,50.0,False,27,27.0,27.0
data,SS1b,m_emu,50.0,75.0,False,51,51.0,51.0
data,SS1b,m_emu,75.0,100.0,False,52,52.0,52.0
data,SS1b,m_emu,100.0,125.0,False,75,75.0,75.0
data,SS1b,m_emu,125.0,150.0,False,69,69.0,69.0
data,SS1b,m_emu,150.0,200.0,False,87,87.0,87.0
data,SS1b,m_emu,200.0,300.0,False,91,91.0,91.0
data,SS1b,m_emu,300.0,450.0,True,55,55.0,55.0
data,SS1b,met,30.0,45.0,False,65,65.0,65.0
data,SS1b,met,45.0,60.0,False,99,99.0,99.0
data,SS1b,met,60.0,80.0,False,117,117.0,117.0
data,SS1b,met,80.0,110.0,False,100,100.0,100.0
data,SS1b,met,110.0,150.0,False,73,73.0,73.0
data,SS1b,met,150.0,200.0,False,41,41.0,41.0
data,SS1b,met,200.0,300.0,True,18,18.0,18.0
data,SS1b,n_bjets,-0.5,0.5,False,0,0.0,0.0
data,SS1b,n_bjets,0.5,1.5,False,311,311.0,311.0
data,SS1b,n_bjets,1.5,2.5,False,190,190.0,190.0
data,SS1b,n_bjets,2.5,3.5,False,12,12.0,12.0
data,SS1b,n_bjets,3.5,4.5,True,0,0.0,0.0
ttbar,SR1b,electron_pt,25.0,35.0,False,21214,9098.237198849567,4155.508722763362
ttbar,SR1b,electron_pt,35.0,45.0,False,26872,11841.300697495055,5541.651798803614
ttbar,SR1b,electron_pt,45.0,60.0,False,34966,15370.280727829875,7177.612127607943
ttbar,SR1b,electron_pt,60.0,80.0,False,33173,14899.639438863296,7130.517607333968
ttbar,SR1b,electron_pt,80.0,110.0,False,25496,11494.21091890867,5543.130541685077
ttbar,SR1b,electron_pt,110.0,150.0,False,13378,6000.877426412655,2900.68066905138
ttbar,SR1b,electron_pt,150.0,200.0,False,5171,2309.598734995643,1124.900498194535
ttbar,SR1b,electron_pt,200.0,300.0,True,2411,1060.8459857817124,518.9806234796929
ttbar,SR1b,muon_pt,25.0,35.0,False,25861,11539.711640967063,5480.447934838002
ttbar,SR1b,muon_pt,35.0,45.0,False,29893,13308.051347481918,6298.720480342645
ttbar,SR1b,muon_pt,45.0,60.0,False,35514,15758.873715997488,7432.395509394873
ttbar,SR1b,muon_pt,60.0,80.0,False,30240,13401.862578095039,6315.920866728125
ttbar,SR1b,muon_pt,80.0,110.0,False,22860,10071.104962520965,4756.644087446754
ttbar,SR1b,muon_pt,110.0,150.0,False,11687,5124.3221086479825,2432.9172286089724
ttbar,SR1b,muon_pt,150.0,200.0,False,4483,1948.5238994723522,930.4002741588652
ttbar,SR1b,muon_pt,200.0,300.0,True,2143,922.5408759535885,445.5362074013233
ttbar,SR1b,n_jets,1.5,2.5,False,87951,39232.55398120808,18626.064176143143
ttbar,SR1b,n_jets,2.5,3.5,False,48556,21412.105578190974,10105.149616438819
ttbar,SR1b,n_jets,3.5,4.5,False,18542,8124.10923067951,3822.4878786833096
ttbar,SR1b,n_jets,4.5,5.5,False,5754,2500.6181360758583,1165.3823358386853
ttbar,SR1b,n_jets,5.5,6.5,False,1463,630.9705162612909,293.51662498377436
ttbar,SR1b,n_jets,6.5,7.5,True,415,174.63368672066463,80.38195683181766
ttbar,SR1b,delta_phi,0.0,0.2617993877991494,False,7075,3135.762689184934,1468.1384692569945
ttbar,SR1b,delta_phi,0.2617993877991494,0.5235987755982988,False,8274,3673.4960792665997,1724.4975361959919
ttbar,SR1b,delta_phi,0.5235987755982988,0.7853981633974483,False,8673,3859.9628314885954,1813.3273308082032
ttbar,SR1b,delta_phi,0.7853981633974483,1.0471975511965976,False,9337,4127.6077993229665,1930.9548418348652
ttbar,SR1b,delta_phi,1.0471975511965976,1.308996938995747,False,10477,4630.645295645885,2170.3356098761337
ttbar,SR1b,delta_phi,1.308996938995747,1.5707963267948966,False,11683,5168.013865607716,2433.0613832020217
ttbar,SR1b,delta_phi,1.5707963267948966,1.832595714594046,False,13179,5847.838844032753,2754.6677163815043
ttbar,SR1b,delta_phi,1.832595714594046,2.0943951023931953,False,15071,6684.91794876996,3159.660780297332
ttbar,SR1b,delta_phi,2.0943951023931953,2.356194490192345,False,17088,7569.557483570741,3587.439097802764
ttbar,SR1b,delta_phi,2.356194490192345,2.617993877991494,False,19163,8494.657559801666,4042.3390697612385
ttbar,SR1b,delta_phi,2.617993877991494,2.8797932657906435,False,20842,9226.365932925572,4399.707007639909
ttbar,SR1b,delta_phi,2.8797932657906435,3.141592653589793,False,21819,9656.164799519065,4608.8537458626
ttbar,SR1b,delta_eta,0.0,0.5,False,44743,19671.302345743054,9198.031877813843
ttbar,SR1b,delta_eta,0.5,1.0,False,41164,18162.097835228407,8524.229407588162
ttbar,SR1b,delta_eta,1.0,1.5,False,32913,14600.984992176984,6922.586813279209
ttbar,SR1b,delta_eta,1.5,2.0,False,22273,9934.252293853187,4742.750019005136
ttbar,SR1b,delta_eta,2.0,2.5,False,12622,5659.883993872141,2730.850284949837
ttbar,SR1b,delta_eta,2.5,3.0,False,5939,2669.510530716715,1297.574494631614
ttbar,SR1b,delta_eta,3.0,3.5,False,2233,1014.0783108693631,495.23009311818123
ttbar,SR1b,delta_eta,3.5,4.0,False,615,281.25812891030364,140.0073067442454
ttbar,SR1b,delta_eta,4.0,4.5,False,165,76.17116806035119,38.755264823269954
ttbar,SR1b,delta_eta,4.5,5.0,False,14,5.451529705857865,2.9670269660182385
ttbar,SR1b,m_emu,0.0,25.0,False,2942,1285.8498099276253,594.4223725773155
ttbar,SR1b,m_emu,25.0,50.0,False,11546,5059.927586675557,2341.14682786541
ttbar,SR1b,m_emu,50.0,75.0,False,20269,8887.125777775589,4128.880719902913
ttbar,SR1b,m_emu,75.0,100.0,False,26840,11836.929362014613,5537.994797245545
ttbar,SR1b,m_emu,100.0,125.0,False,25608,11309.148194478097,5314.443293947429
ttbar,SR1b,m_emu,125.0,150.0,False,20890,9306.93985095326,4408.834018106681
ttbar,SR1b,m_emu,150.0,200.0,False,26626,11906.890080436078,5687.818172596848
ttbar,SR1b,m_emu,200.0,300.0,False,19969,8938.194522041204,4327.942203566323
ttbar,SR1b,m_emu,300.0,450.0,True,7991,3543.985944834377,1751.5001831110962
ttbar,SR1b,met,30.0,45.0,False,21851,9701.66282924033,4596.576721502483
ttbar,SR1b,met,45.0,60.0,False,25972,11562.59187918146,5472.860562593735
ttbar,SR1b,met,60.0,80.0,False,35065,15541.680121210471,7344.5961259729675
ttbar,SR1b,met,80.0,110.0,False,41046,18170.67669528416,8579.262630760968
ttbar,SR1b,met,110.0,150.0,False,25926,11471.783632846411,5424.0284094271465
ttbar,SR1b,met,150.0,200.0,False,9046,3981.6486737241194,1893.6496754440886
ttbar,SR1b,met,200.0,300.0,True,3775,1644.9472976494153,782.0084632181897
ttbar,SR1b,n_bjets,-0.5,0.5,False,0,0.0,0.0
ttbar,SR1b,n_bjets,0.5,1.5,False,82865,36643.435387411286,17299.513778613367
ttbar,SR1b,n_bjets,1.5,2.5,False,76965,34105.41868039443,16115.81499767505
ttbar,SR1b,n_bjets,2.5,3.5,False,2696,1259.0984217821215,644.1501825567648
ttbar,SR1b,n_bjets,3.5,4.5,True,155,67.0386395486994,33.50363007442547
ttbar,SR2b,electron_pt,25.0,35.0,False,10633,4569.03760662535,2091.651338383595
ttbar,SR2b,electron_pt,35.0,45.0,False,13493,5941.875723909144,2782.5087266323103
ttbar,SR2b,electron_pt,45.0,60.0,False,17527,7722.347456731693,3608.2984517408568
ttbar,SR2b,electron_pt,60.0,80.0,False,16311,7349.484089839311,3527.3312325889274
ttbar,SR2b,electron_pt,80.0,110.0,False,12171,5504.457231000234,2667.344674626769
ttbar,SR2b,electron_pt,110.0,150.0,False,6254,2816.8192498756503,1366.051101991618
ttbar,SR2b,electron_pt,150.0,200.0,False,2342,1049.686242853656,514.7553366476538
ttbar,SR2b,electron_pt,200.0,300.0,True,1085,477.8481408900625,235.52794769447587
ttbar,SR2b,muon_pt,25.0,35.0,False,13081,5861.658359337092,2793.452350608846
ttbar,SR2b,muon_pt,35.0,45.0,False,14926,6658.01379701067,3158.4903452601498
ttbar,SR2b,muon_pt,45.0,60.0,False,17562,7795.48601127901,3678.3814091553977
ttbar,SR2b,muon_pt,60.0,80.0,False,14898,6614.353596600947,3120.804345831115
ttbar,SR2b,muon_pt,80.0,110.0,False,10919,4809.219394487012,2273.7438345417722
ttbar,SR2b,muon_pt,110.0,150.0,False,5445,2394.356125145548,1139.7491786009177
ttbar,SR2b,muon_pt,150.0,200.0,False,2009,874.8278649676226,421.65170393139124
ttbar,SR2b,muon_pt,200.0,300.0,True,976,423.6405928972172,207.1956423766153
ttbar,SR2b,n_jets,1.5,2.5,False,37885,16916.565761920952,8031.78593788487
ttbar,SR2b,n_jets,2.5,3.5,False,25989,11517.835897213665,5457.869241334776
ttbar,SR2b,n_jets,3.5,4.5,False,11066,4874.4548208243605,2306.897029226035
ttbar,SR2b,n_jets,4.5,5.5,False,3620,1579.9732438745114,742.3586255423551
ttbar,SR2b,n_jets,5.5,6.5,False,967,418.7822130055565,196.45558630332835
ttbar,SR2b,n_jets,6.5,7.5,True,289,123.9438048860784,58.10239001483342
ttbar,SR2b,delta_phi,0.0,0.2617993877991494,False,3479,1542.1925108407524,721.6760585201419
ttbar,SR2b,delta_phi,0.2617993877991494,0.5235987755982988,False,4071,1808.2386975431064,850.4949600217356
ttbar,SR2b,delta_phi,0.5235987755982988,0.7853981633974483,False,4244,1886.8180187281746,888.3718114630101
ttbar,SR2b,delta_phi,0.7853981633974483,1.0471975511965976,False,4524,2003.2217853437612,935.1949988853139
ttbar,SR2b,delta_phi,1.0471975511965976,1.308996938995747,False,5023,2216.902347810327,1041.8700977235076
ttbar,SR2b,delta_phi,1.308996938995747,1.5707963267948966,False,5807,2570.883007054108,1211.5129591152336
ttbar,SR2b,delta_phi,1.5707963267948966,1.832595714594046,False,6436,2858.863225682882,1350.6469151006268
ttbar,SR2b,delta_phi,1.832595714594046,2.0943951023931953,False,7456,3321.4856103613465,1571.5074061276105
ttbar,SR2b,delta_phi,2.0943951023931953,2.356194490192345,False,8353,3709.2174070449373,1758.8561301862615
ttbar,SR2b,delta_phi,2.356194490192345,2.617993877991494,False,9545,4247.42482044417,2029.6298846145505
ttbar,SR2b,delta_phi,2.617993877991494,2.8797932657906435,False,10193,4517.644651860081,2159.2176531334376
ttbar,SR2b,delta_phi,2.8797932657906435,3.141592653589793,False,10685,4748.6636590114485,2274.4899354147738
ttbar,SR2b,delta_eta,0.0,0.5,False,21853,9627.064474850584,4509.214590156153
ttbar,SR2b,delta_eta,0.5,1.0,False,20317,8984.100892958724,4227.689259788812
ttbar,SR2b,delta_eta,1.0,1.5,False,16291,7231.506524041783,3434.5039435241215
ttbar,SR2b,delta_eta,1.5,2.0,False,10806,4831.560821638368,2310.9467008009715
ttbar,SR2b,delta_eta,2.0,2.5,False,6217,2800.335858229575,1350.4441665052755
ttbar,SR2b,delta_eta,2.5,3.0,False,2865,1290.9079974933452,631.1147281140776
ttbar,SR2b,delta_eta,3.0,3.5,False,1080,492.86809691689723,242.2836076824292
ttbar,SR2b,delta_eta,3.5,4.0,False,303,136.13392600005,68.12998610264208
ttbar,SR2b,delta_eta,4.0,4.5,False,79,34.85413361120891,18.15036557979738
ttbar,SR2b,delta_eta,4.5,5.0,False,5,2.223015984610356,0.9914620519330128
ttbar,SR2b,m_emu,0.0,25.0,False,1500,657.4215452795863,303.84391471752747
ttbar,SR2b,m_emu,25.0,50.0,False,5791,2538.1392393190918,1175.8703369245977
ttbar,SR2b,m_emu,50.0,75.0,False,10179,4464.707258064092,2079.4916008269875
ttbar,SR2b,m_emu,75.0,100.0,False,13384,5922.037134782794,2772.9544715548495
ttbar,SR2b,m_emu,100.0,125.0,False,12613,5588.572823295453,2632.744204552751
ttbar,SR2b,m_emu,125.0,150.0,False,10315,4591.9324476292095,2179.641131215065
ttbar,SR2b,m_emu,150.0,200.0,False,12936,5793.239414687417,2767.959748307001
ttbar,SR2b,m_emu,200.0,300.0,False,9428,4244.247392100258,2069.3595269339644
ttbar,SR2b,m_emu,300.0,450.0,True,3670,1631.2584865672047,811.6038752734548
ttbar,SR2b,met,30.0,45.0,False,10958,4874.53808608099,2311.397126069117
ttbar,SR2b,met,45.0,60.0,False,12941,5767.503363086453,2732.403281660692
ttbar,SR2b,met,60.0,80.0,False,17382,7721.610786554078,3653.2464016602
ttbar,SR2b,met,80.0,110.0,False,20273,8982.612877759682,4247.455385582587
ttbar,SR2b,met,110.0,150.0,False,12543,5556.470015828251,2635.691540532755
ttbar,SR2b,met,150.0,200.0,False,4129,1829.3295736637997,877.4507534396377
ttbar,SR2b,met,200.0,300.0,True,1590,699.4910387518976,335.8243213612268
ttbar,SR2b,n_bjets,-0.5,0.5,False,0,0.0,0.0
ttbar,SR2b,n_bjets,0.5,1.5,False,0,0.0,0.0
ttbar,SR2b,n_bjets,1.5,2.5,False,76965,34105.41868039425,16115.814997675036
ttbar,SR2b,n_bjets,2.5,3.5,False,2696,1259.0984217821474,644.1501825567586
ttbar,SR2b,n_bjets,3.5,4.5,True,155,67.03863954869394,33.50363007442411
ttbar,PRETAG,electron_pt,25.0,35.0,False,23482,10071.206839621464,4600.144973490145
ttbar,PRETAG,electron_pt,35.0,45.0,False,29881,13165.503711348983,6163.6382065287025
ttbar,PRETAG,electron_pt,45.0,60.0,False,38831,17060.435362452412,7968.325876052612
ttbar,PRETAG,electron_pt,60.0,80.0,False,37078,16652.209909641926,7968.573801410282
ttbar,PRETAG,electron_pt,80.0,110.0,False,28688,12932.073740758105,6235.6925837392655
ttbar,PRETAG,electron_pt,110.0,150.0,False,15103,6765.113691893432,3264.216574421671
ttbar,PRETAG,electron_pt,150.0,200.0,False,5964,2659.103440290586,1293.7414342448578
ttbar,PRETAG,electron_pt,200.0,300.0,True,2750,1205.5368154250564,588.1675799207883
ttbar,PRETAG,muon_pt,25.0,35.0,False,28717,12811.435258192683,6081.781255485842
ttbar,PRETAG,muon_pt,35.0,45.0,False,33294,14822.98803961253,7015.308576112628
ttbar,PRETAG,muon_pt,45.0,60.0,False,39548,17547.38252817933,8277.701467919089
ttbar,PRETAG,muon_pt,60.0,80.0,False,33699,14929.417956572348,7036.2285873266355
ttbar,PRETAG,muon_pt,80.0,110.0,False,25705,11322.021025041324,5348.797642567799
ttbar,PRETAG,muon_pt,110.0,150.0,False,13213,5787.778859823123,2746.796525092204
ttbar,PRETAG,muon_pt,150.0,200.0,False,5143,2232.4365707562056,1066.4752696564346
ttbar,PRETAG,muon_pt,200.0,300.0,True,2458,1057.7232732543607,509.4117056476962
ttbar,PRETAG,n_jets,1.5,2.5,False,100494,44804.62333525757,21275.003593473197
ttbar,PRETAG,n_jets,2.5,3.5,False,53249,23467.029135842837,11069.054566807432
ttbar,PRETAG,n_jets,3.5,4.5,False,19942,8738.435082961138,4110.414162603976
ttbar,PRETAG,n_jets,4.5,5.5,False,6122,2657.131759811299,1236.3979633941294
ttbar,PRETAG,n_jets,5.5,6.5,False,1539,662.7945446861004,308.3658772251024
ttbar,PRETAG,n_jets,6.5,7.5,True,431,181.16965287296898,83.26486630450154
ttbar,PRETAG,delta_phi,0.0,0.2617993877991494,False,7981,3538.8575789676493,1657.55859515592
ttbar,PRETAG,delta_phi,0.2617993877991494,0.5235987755982988,False,9283,4120.914009585561,1935.2457553639633
ttbar,PRETAG,delta_phi,0.5235987755982988,0.7853981633974483,False,9770,4350.126326000502,2045.2328930000324
ttbar,PRETAG,delta_phi,0.7853981633974483,1.0471975511965976,False,10460,4628.044615468072,2167.3200741657993
ttbar,PRETAG,delta_phi,1.0471975511965976,1.308996938995747,False,11774,5204.351678508893,2438.4080235545944
ttbar,PRETAG,delta_phi,1.308996938995747,1.5707963267948966,False,12986,5748.423817338444,2710.191898498801
ttbar,PRETAG,delta_phi,1.5707963267948966,1.832595714594046,False,14651,6500.628358474194,3061.897024092264
ttbar,PRETAG,delta_phi,1.832595714594046,2.0943951023931953,False,16859,7471.519786779007,3531.215232939425
ttbar,PRETAG,delta_phi,2.0943951023931953,2.356194490192345,False,19124,8474.046389475114,4014.194832685963
ttbar,PRETAG,delta_phi,2.356194490192345,2.617993877991494,False,21321,9444.669597319273,4492.182140285913
ttbar,PRETAG,delta_phi,2.617993877991494,2.8797932657906435,False,23197,10260.875048410338,4889.738470878199
ttbar,PRETAG,delta_phi,2.8797932657906435,3.141592653589793,False,24371,10768.726305104938,5139.316089187466
ttbar,PRETAG,delta_eta,0.0,0.5,False,50050,21991.204254243767,10280.471874830131
ttbar,PRETAG,delta_eta,0.5,1.0,False,45985,20289.4936125378,9523.076266878586
ttbar,PRETAG,delta_eta,1.0,1.5,False,36766,16304.681963848449,7728.767298376289
ttbar,PRETAG,delta_eta,1.5,2.0,False,24841,11075.640738148028,5289.469526140829
ttbar,PRETAG,delta_eta,2.0,2.5,False,14097,6326.1404332087905,3052.6289580266566
ttbar,PRETAG,delta_eta,2.5,3.0,False,6642,2980.2487102335363,1447.6901043908865
ttbar,PRETAG,delta_eta,3.0,3.5,False,2486,1128.4627254033076,552.4539011309957
ttbar,PRETAG,delta_eta,3.5,4.0,False,703,322.09203983319094,159.7866439287336
ttbar,PRETAG,delta_eta,4.0,4.5,False,186,84.25052992365545,43.403758640934484
ttbar,PRETAG,delta_eta,4.5,5.0,False,21,8.968504051324999,4.75269746421327
ttbar,PRETAG,m_emu,0.0,25.0,False,3287,1438.6639400617892,664.7830188704716
ttbar,PRETAG,m_emu,25.0,50.0,False,12841,5628.41928283613,2606.7898712611295
ttbar,PRETAG,m_emu,50.0,75.0,False,22518,9872.015136200387,4586.220484499418
ttbar,PRETAG,m_emu,75.0,100.0,False,29853,13160.034615821462,6158.039987684221
ttbar,PRETAG,m_emu,100.0,125.0,False,28555,12596.25294343985,5916.846943367727
ttbar,PRETAG,m_emu,125.0,150.0,False,23301,10393.318482177796,4926.2680485480005
ttbar,PRETAG,m_emu,150.0,200.0,False,29849,13345.32237315513,6374.129064377042
ttbar,PRETAG,m_emu,200.0,300.0,False,22538,10088.557763326895,4876.947322076246
ttbar,PRETAG,m_emu,300.0,450.0,True,9035,3988.598974412487,1972.4762891240666
ttbar,PRETAG,met,30.0,45.0,False,24224,10762.530834864332,5101.02668890656
ttbar,PRETAG,met,45.0,60.0,False,28955,12889.996207852377,6100.954802623604
ttbar,PRETAG,met,60.0,80.0,False,38978,17281.82439357883,8167.6380600545735
ttbar,PRETAG,met,80.0,110.0,False,45808,20269.222269458776,9571.78505118827
ttbar,PRETAG,met,110.0,150.0,False,29147,12878.255442038073,6088.478901692159
ttbar,PRETAG,met,150.0,200.0,False,10297,4527.803257552426,2148.857391478152
ttbar,PRETAG,met,200.0,300.0,True,4368,1901.5511060870604,903.7601338649979
ttbar,PRETAG,n_bjets,-0.5,0.5,False,19096,8436.192382295458,3989.5184408887653
ttbar,PRETAG,n_bjets,0.5,1.5,False,82865,36643.43538741127,17299.51377861338
ttbar,PRETAG,n_bjets,1.5,2.5,False,76965,34105.41868039444,16115.814997674952
ttbar,PRETAG,n_bjets,2.5,3.5,False,2696,1259.0984217821224,644.1501825567648
ttbar,PRETAG,n_bjets,3.5,4.5,True,155,67.0386395486994,33.50363007442547
ttbar,ZEROb,electron_pt,25.0,35.0,False,2268,972.9696407718977,444.6362507267826
ttbar,ZEROb,electron_pt,35.0,45.0,False,3009,1324.2030138539362,621.9864077250875
ttbar,ZEROb,electron_pt,45.0,60.0,False,3865,1690.1546346225446,790.7137484446775
ttbar,ZEROb,electron_pt,60.0,80.0,False,3905,1752.5704707786108,838.0561940763143
ttbar,ZEROb,electron_pt,80.0,110.0,False,3192,1437.8628218494052,692.562042054203
ttbar,ZEROb,electron_pt,110.0,150.0,False,1725,764.2362654807725,363.5359053702867
ttbar,ZEROb,electron_pt,150.0,200.0,False,793,349.50470529494777,168.84093605031956
ttbar,ZEROb,electron_pt,200.0,300.0,True,339,144.69082964334496,69.18695644109386
ttbar,ZEROb,muon_pt,25.0,35.0,False,2856,1271.7236172256228,601.3333206478371
ttbar,ZEROb,muon_pt,35.0,45.0,False,3401,1514.9366921306064,716.5880957699833
ttbar,ZEROb,muon_pt,45.0,60.0,False,4034,1788.5088121818253,845.3059585242208
ttbar,ZEROb,muon_pt,60.0,80.0,False,3459,1527.5553784773056,720.3077205985119
ttbar,ZEROb,muon_pt,80.0,110.0,False,2845,1250.916062520359,592.1535551210502
ttbar,ZEROb,muon_pt,110.0,150.0,False,1526,663.4567511751327,313.87929648322427
ttbar,ZEROb,muon_pt,150.0,200.0,False,660,283.912671283849,136.07499549756474
ttbar,ZEROb,muon_pt,200.0,300.0,True,315,135.1823973007654,63.87549824637142
ttbar,ZEROb,n_jets,1.5,2.5,False,12543,5572.069354049482,2648.939417330048
ttbar,ZEROb,n_jets,2.5,3.5,False,4693,2054.923557651798,963.9049503685997
ttbar,ZEROb,n_jets,3.5,4.5,False,1400,614.3258522816245,287.9262839206601
ttbar,ZEROb,n_jets,4.5,5.5,False,368,156.5136237354376,71.01562755544612
ttbar,ZEROb,n_jets,5.5,6.5,False,76,31.82402842481224,14.849252241327179
ttbar,ZEROb,n_jets,6.5,7.5,True,16,6.535966152303217,2.882909472684105
ttbar,ZEROb,delta_phi,0.0,0.2617993877991494,False,906,403.09488978271577,189.42012589892533
ttbar,ZEROb,delta_phi,0.2617993877991494,0.5235987755982988,False,1009,447.41793031896225,210.74821916797146
ttbar,ZEROb,delta_phi,0.5235987755982988,0.7853981633974483,False,1097,490.1634945119074,231.90556219182972
ttbar,ZEROb,delta_phi,0.7853981633974483,1.0471975511965976,False,1123,500.4368161451091,236.36523233093226
ttbar,ZEROb,delta_phi,1.0471975511965976,1.308996938995747,False,1297,573.7063828630055,268.07241367846075
ttbar,ZEROb,delta_phi,1.308996938995747,1.5707963267948966,False,1303,580.4099517307295,277.1305152967777
ttbar,ZEROb,delta_phi,1.5707963267948966,1.832595714594046,False,1472,652.789514441458,307.2293077107623
ttbar,ZEROb,delta_phi,1.832595714594046,2.0943951023931953,False,1788,786.6018380090414,371.55445264209186
ttbar,ZEROb,delta_phi,2.0943951023931953,2.356194490192345,False,2036,904.4889059043751,426.7557348832003
ttbar,ZEROb,delta_phi,2.356194490192345,2.617993877991494,False,2158,950.0120375175616,449.8430705246819
ttbar,ZEROb,delta_phi,2.617993877991494,2.8797932657906435,False,2355,1034.5091154847237,490.03146323827707
ttbar,ZEROb,delta_phi,2.8797932657906435,3.141592653589793,False,2552,1112.561505585876,530.4623433248532
ttbar,ZEROb,delta_eta,0.0,0.5,False,5307,2319.9019085007094,1082.4399970162863
ttbar,ZEROb,delta_eta,0.5,1.0,False,4821,2127.3957773094057,998.8468592904225
ttbar,ZEROb,delta_eta,1.0,1.5,False,3853,1703.6969716714934,806.1804850970881
ttbar,ZEROb,delta_eta,1.5,2.0,False,2568,1141.388444294802,546.7195071357089
ttbar,ZEROb,delta_eta,2.0,2.5,False,1475,666.256439336642,321.7786730768255
ttbar,ZEROb,delta_eta,2.5,3.0,False,703,310.7381795168119,150.1156097592754
ttbar,ZEROb,delta_eta,3.0,3.5,False,253,114.38441453394103,57.22380801281233
ttbar,ZEROb,delta_eta,3.5,4.0,False,88,40.83391092288741,19.779337184486337
ttbar,ZEROb,delta_eta,4.0,4.5,False,21,8.07936186330312,4.648493817665042
ttbar,ZEROb,delta_eta,4.5,5.0,False,7,3.5169743454671334,1.7856704981949179
ttbar,ZEROb,m_emu,0.0,25.0,False,345,152.81413013416366,70.36064629315592
ttbar,ZEROb,m_emu,25.0,50.0,False,1295,568.4916961605738,265.6430433957197
ttbar,ZEROb,m_emu,50.0,75.0,False,2249,984.8893584247971,457.33976459650796
ttbar,ZEROb,m_emu,75.0,100.0,False,3013,1323.1052538068334,620.0451904386767
ttbar,ZEROb,m_emu,100.0,125.0,False,2947,1287.104748961739,602.4036494203044
ttbar,ZEROb,m_emu,125.0,150.0,False,2411,1086.3786312245234,517.4340304413255
ttbar,ZEROb,m_emu,150.0,200.0,False,3223,1438.4322927190497,686.3108917801954
ttbar,ZEROb,m_emu,200.0,300.0,False,2569,1150.3632412856623,549.0051185099128
ttbar,ZEROb,m_emu,300.0,450.0,True,1044,444.61302957811847,220.97610601296657
ttbar,ZEROb,met,30.0,45.0,False,2373,1060.868005624003,504.4499674040756
ttbar,ZEROb,met,45.0,60.0,False,2983,1327.4043286709202,628.094240029872
ttbar,ZEROb,met,60.0,80.0,False,3913,1740.1442723683308,823.0419340815974
ttbar,ZEROb,met,80.0,110.0,False,4762,2098.545574174625,992.5224204273097
ttbar,ZEROb,met,110.0,150.0,False,3221,1406.4718091916166,664.4504922650394
ttbar,ZEROb,met,150.0,200.0,False,1251,546.15458382832,255.2077160340605
ttbar,ZEROb,met,200.0,300.0,True,593,256.6038084376445,121.75167064680966
ttbar,ZEROb,n_bjets,-0.5,0.5,False,19096,8436.19238229546,3989.5184408887662
ttbar,ZEROb,n_bjets,0.5,1.5,False,0,0.0,0.0
ttbar,ZEROb,n_bjets,1.5,2.5,False,0,0.0,0.0
ttbar,ZEROb,n_bjets,2.5,3.5,False,0,0.0,0.0
ttbar,ZEROb,n_bjets,3.5,4.5,True,0,0.0,0.0
ttbar,SS1b,electron_pt,25.0,35.0,False,51,20.30097153228107,8.87900333152504
ttbar,SS1b,electron_pt,35.0,45.0,False,67,31.05431623149208,14.732804497729418
ttbar,SS1b,electron_pt,45.0,60.0,False,127,54.40642706509155,26.282013351560053
ttbar,SS1b,electron_pt,60.0,80.0,False,170,76.83157208728838,38.438352395716656
ttbar,SS1b,electron_pt,80.0,110.0,False,147,67.33058934653856,33.2027204834562
ttbar,SS1b,electron_pt,110.0,150.0,False,108,49.586951136676475,24.4914042057939
ttbar,SS1b,electron_pt,150.0,200.0,False,46,20.162756632208687,10.081437815697889
ttbar,SS1b,electron_pt,200.0,300.0,True,23,9.91759852160897,4.443591778073893
ttbar,SS1b,muon_pt,25.0,35.0,False,138,62.89886650693788,30.121702858282966
ttbar,SS1b,muon_pt,35.0,45.0,False,108,50.75180038077943,25.99193134685804
ttbar,SS1b,muon_pt,45.0,60.0,False,161,73.15239945306091,35.79929144670933
ttbar,SS1b,muon_pt,60.0,80.0,False,138,60.27622712089367,28.217957638826043
ttbar,SS1b,muon_pt,80.0,110.0,False,97,40.56557415077139,20.614896573567385
ttbar,SS1b,muon_pt,110.0,150.0,False,56,24.214697066881357,11.613533277466031
ttbar,SS1b,muon_pt,150.0,200.0,False,25,10.76526679144385,5.014304971820373
ttbar,SS1b,muon_pt,200.0,300.0,True,16,6.966351082417315,3.177709746022871
ttbar,SS1b,n_jets,1.5,2.5,False,383,172.61915309744836,84.26494079829808
ttbar,SS1b,n_jets,2.5,3.5,False,212,95.27485615267159,46.69648622861839
ttbar,SS1b,n_jets,3.5,4.5,False,101,43.38682974734432,20.51660095866634
ttbar,SS1b,n_jets,4.5,5.5,False,28,12.400559559803124,5.7629763423090115
ttbar,SS1b,n_jets,5.5,6.5,False,11,4.054607282136644,2.4264500979097985
ttbar,SS1b,n_jets,6.5,7.5,True,4,1.8551767137817237,0.8838734337514236
ttbar,SS1b,delta_phi,0.0,0.2617993877991494,False,23,10.437194662284087,4.906348532789629
ttbar,SS1b,delta_phi,0.2617993877991494,0.5235987755982988,False,33,14.657987589977576,6.878912503324118
ttbar,SS1b,delta_phi,0.5235987755982988,0.7853981633974483,False,39,17.341171545974362,8.130493315691288
ttbar,SS1b,delta_phi,0.7853981633974483,1.0471975511965976,False,31,13.329817417978521,6.14622732544585
ttbar,SS1b,delta_phi,1.0471975511965976,1.308996938995747,False,42,19.102566091763524,9.885700185414056
ttbar,SS1b,delta_phi,1.308996938995747,1.5707963267948966,False,38,17.224165966075848,8.100369714748082
ttbar,SS1b,delta_phi,1.5707963267948966,1.832595714594046,False,57,25.605868319310588,12.061006211842951
ttbar,SS1b,delta_phi,1.832595714594046,2.0943951023931953,False,68,31.57867020342676,16.363624136799537
ttbar,SS1b,delta_phi,2.0943951023931953,2.356194490192345,False,78,33.089571663422305,16.07333079771093
ttbar,SS1b,delta_phi,2.356194490192345,2.617993877991494,False,104,45.01289751666515,22.044875935672408
ttbar,SS1b,delta_phi,2.617993877991494,2.8797932657906435,False,101,45.90010395005177,22.51963021650464
ttbar,SS1b,delta_phi,2.8797932657906435,3.141592653589793,False,125,56.3111676262553,27.44080898360956
ttbar,SS1b,delta_eta,0.0,0.5,False,185,83.59966341073377,41.642121066838286
ttbar,SS1b,delta_eta,0.5,1.0,False,172,75.74481751760867,36.72485600465822
ttbar,SS1b,delta_eta,1.0,1.5,False,131,59.27120935524393,28.25890222129521
ttbar,SS1b,delta_eta,1.5,2.0,False,93,41.55787423501709,19.36930460683833
ttbar,SS1b,delta_eta,2.0,2.5,False,63,27.289494471515976,13.09533946394954
ttbar,SS1b,delta_eta,2.5,3.0,False,63,28.306413056678096,14.216736280653405
ttbar,SS1b,delta_eta,3.0,3.5,False,22,9.32466148006295,5.140338980430257
ttbar,SS1b,delta_eta,3.5,4.0,False,6,2.6146607719071255,1.2160450965248701
ttbar,SS1b,delta_eta,4.0,4.5,False,3,1.4258741164848487,0.6792789802318886
ttbar,SS1b,delta_eta,4.5,5.0,False,1,0.45651413793336815,0.2084051581330435
ttbar,SS1b,m_emu,0.0,25.0,False,13,6.017024389489539,2.932833066250386
ttbar,SS1b,m_emu,25.0,50.0,False,34,15.199088014399187,7.021077778397094
ttbar,SS1b,m_emu,50.0,75.0,False,55,23.46347753581353,11.83283890282636
ttbar,SS1b,m_emu,75.0,100.0,False,110,49.262564591939345,23.70633676501168
ttbar,SS1b,m_emu,100.0,125.0,False,85,39.630410562168294,18.95026367115607
ttbar,SS1b,m_emu,125.0,150.0,False,97,44.59114361713493,21.368053672439192
ttbar,SS1b,m_emu,150.0,200.0,False,126,56.80656263396654,27.594532210453615
ttbar,SS1b,m_emu,200.0,300.0,False,132,57.204482054455106,28.63414277345415
ttbar,SS1b,m_emu,300.0,450.0,True,87,37.41642915381935,18.511249019564485
ttbar,SS1b,met,30.0,45.0,False,113,50.55081026440216,24.88564484381871
ttbar,SS1b,met,45.0,60.0,False,141,64.64364536069012,30.97701212402647
ttbar,SS1b,met,60.0,80.0,False,165,72.35865402613891,33.88826666568346
ttbar,SS1b,met,80.0,110.0,False,160,68.7961824702659,34.59666571711084
ttbar,SS1b,met,110.0,150.0,False,103,48.08392614515042,23.434264405072163
ttbar,SS1b,met,150.0,200.0,False,36,15.852125683518963,8.264479199122892
ttbar,SS1b,met,200.0,300.0,True,21,9.305838603019323,4.504994904718486
ttbar,SS1b,n_bjets,-0.5,0.5,False,0,0.0,0.0
ttbar,SS1b,n_bjets,0.5,1.5,False,440,194.84305152208694,94.57043263070437
ttbar,SS1b,n_bjets,1.5,2.5,False,290,129.9909171679538,63.29159058404484
ttbar,SS1b,n_bjets,2.5,3.5,False,8,4.082891911355915,2.2345945501390894
ttbar,SS1b,n_bjets,3.5,4.5,True,1,0.6743219517891603,0.454710094664744
diboson,SR1b,electron_pt,25.0,35.0,False,164,21.345470754944465,9.961197194471692
diboson,SR1b,electron_pt,35.0,45.0,False,216,25.52564120064129,18.67050541476467
diboson,SR1b,electron_pt,45.0,60.0,False,249,42.559882539006004,24.909886532292088
diboson,SR1b,electron_pt,60.0,80.0,False,302,36.624700257075084,24.25585667955467
diboson,SR1b,electron_pt,80.0,110.0,False,230,33.07940199284694,12.183315948944108
diboson,SR1b,electron_pt,110.0,150.0,False,161,23.819316722128548,8.645868762204579
diboson,SR1b,electron_pt,150.0,200.0,False,88,14.570632001925247,8.03688220402512
diboson,SR1b,electron_pt,200.0,300.0,True,90,13.531660157522541,3.415159437092062
diboson,SR1b,muon_pt,25.0,35.0,False,219,28.636895937811605,21.96151269222276
diboson,SR1b,muon_pt,35.0,45.0,False,232,32.286514902734886,14.07868314332436
diboson,SR1b,muon_pt,45.0,60.0,False,295,39.75006894224232,20.5917758684693
diboson,SR1b,muon_pt,60.0,80.0,False,220,29.376495682335225,13.681820752889005
diboson,SR1b,muon_pt,80.0,110.0,False,216,36.506452008995495,20.685795012943487
diboson,SR1b,muon_pt,110.0,150.0,False,148,19.564641087169406,7.052243282313227
diboson,SR1b,muon_pt,150.0,200.0,False,85,13.812679972506736,8.124082118508525
diboson,SR1b,muon_pt,200.0,300.0,True,85,11.122957092294545,3.9027593026783336
diboson,SR1b,n_jets,1.5,2.5,False,803,112.72027393777459,73.15170250027346
diboson,SR1b,n_jets,2.5,3.5,False,439,60.057084443773974,20.637074564200407
diboson,SR1b,n_jets,3.5,4.5,False,193,28.762167804229477,14.127673546242494
diboson,SR1b,n_jets,4.5,5.5,False,50,6.884273574553414,1.211668509925032
diboson,SR1b,n_jets,5.5,6.5,False,11,2.275215016710689,0.9098075448062986
diboson,SR1b,n_jets,6.5,7.5,True,4,0.3576908490479247,0.04074550790134923
diboson,SR1b,delta_phi,0.0,0.2617993877991494,False,80,10.234965802460383,4.435338217076535
diboson,SR1b,delta_phi,0.2617993877991494,0.5235987755982988,False,127,19.026532825288896,8.141867457669832
diboson,SR1b,delta_phi,0.5235987755982988,0.7853981633974483,False,106,12.873076423728515,3.366261280379074
diboson,SR1b,delta_phi,0.7853981633974483,1.0471975511965976,False,110,13.607218120204628,9.476560086640811
diboson,SR1b,delta_phi,1.0471975511965976,1.308996938995747,False,129,16.716073054930497,4.103249574357799
diboson,SR1b,delta_phi,1.308996938995747,1.5707963267948966,False,109,15.252450096718553,8.132218378967568
diboson,SR1b,delta_phi,1.5707963267948966,1.832595714594046,False,107,17.566929775813446,6.407597407015434
diboson,SR1b,delta_phi,1.832595714594046,2.0943951023931953,False,127,16.296607635888666,9.088359718298431
diboson,SR1b,delta_phi,2.0943951023931953,2.356194490192345,False,134,21.62991901438277,10.879366677181862
diboson,SR1b,delta_phi,2.356194490192345,2.617993877991494,False,155,19.089809445566225,9.90855520058425
diboson,SR1b,delta_phi,2.617993877991494,2.8797932657906435,False,159,27.225738204548733,18.63183958385372
diboson,SR1b,delta_phi,2.8797932657906435,3.141592653589793,False,157,21.537385226558726,17.507458591323772
diboson,SR1b,delta_eta,0.0,0.5,False,500,70.90971095380205,41.27138490439394
diboson,SR1b,delta_eta,0.5,1.0,False,379,55.15719611517218,20.442610287244936
diboson,SR1b,delta_eta,1.0,1.5,False,313,43.090202485784914,24.79163402526061
diboson,SR1b,delta_eta,1.5,2.0,False,171,21.1115160334502,8.778450419656046
diboson,SR1b,delta_eta,2.0,2.5,False,72,12.036024732566696,7.85746803343476
diboson,SR1b,delta_eta,2.5,3.0,False,43,4.407549498065506,4.671195465702638
diboson,SR1b,delta_eta,3.0,3.5,False,12,1.848546708516548,0.5612037293052009
diboson,SR1b,delta_eta,3.5,4.0,False,10,2.495959098732042,1.7047253083511482
diboson,SR1b,delta_eta,4.0,4.5,False,0,0.0,0.0
diboson,SR1b,delta_eta,4.5,5.0,False,0,0.0,0.0
diboson,SR1b,m_emu,0.0,25.0,False,34,3.9212000994476375,1.5502825947895147
diboson,SR1b,m_emu,25.0,50.0,False,122,19.133502278348658,9.07744522239359
diboson,SR1b,m_emu,50.0,75.0,False,203,21.44782020618898,8.468928991639835
diboson,SR1b,m_emu,75.0,100.0,False,241,31.781452875330388,23.43031281772715
diboson,SR1b,m_emu,100.0,125.0,False,181,30.95724467670675,14.258444306956784
diboson,SR1b,m_emu,125.0,150.0,False,153,19.914734628813534,12.04982891922591
diboson,SR1b,m_emu,150.0,200.0,False,250,38.341662726265255,16.167126112380732
diboson,SR1b,m_emu,200.0,300.0,False,207,25.522543220746428,14.430847390019268
diboson,SR1b,m_emu,300.0,450.0,True,109,20.036544914242505,10.645455818216348
diboson,SR1b,met,30.0,45.0,False,222,32.02772528295255,28.41311556214127
diboson,SR1b,met,45.0,60.0,False,238,31.655727468548783,16.686153564765725
diboson,SR1b,met,60.0,80.0,False,289,42.68009691517035,26.716135911919874
diboson,SR1b,met,80.0,110.0,False,315,46.16912679637668,16.10430385720804
diboson,SR1b,met,110.0,150.0,False,212,27.647494458460567,11.797217476975991
diboson,SR1b,met,150.0,200.0,False,121,16.253643411737627,4.867817919102149
diboson,SR1b,met,200.0,300.0,True,103,14.622891292843507,5.493927881235999
diboson,SR1b,n_bjets,-0.5,0.5,False,0,0.0,0.0
diboson,SR1b,n_bjets,0.5,1.5,False,1387,193.977305130989,102.12054455645888
diboson,SR1b,n_bjets,1.5,2.5,False,103,15.830187180699319,7.779990179342068
diboson,SR1b,n_bjets,2.5,3.5,False,9,1.2372159522072081,0.17799350084841592
diboson,SR1b,n_bjets,3.5,4.5,True,1,0.011997362194660521,0.00014393669962986522
diboson,SR2b,electron_pt,25.0,35.0,False,18,2.2836445228817803,2.5645587087737343
diboson,SR2b,electron_pt,35.0,45.0,False,16,1.6841420777430494,0.36732693623071816
diboson,SR2b,electron_pt,45.0,60.0,False,15,3.7843551070176766,2.0664564666238765
diboson,SR2b,electron_pt,60.0,80.0,False,18,3.417329674540218,1.925018649993629
diboson,SR2b,electron_pt,80.0,110.0,False,15,1.9978827706641893,0.3223708949331036
diboson,SR2b,electron_pt,110.0,150.0,False,16,1.9304510824423162,0.25071130344399206
diboson,SR2b,electron_pt,150.0,200.0,False,5,0.3223875708251689,0.14535838755957087
diboson,SR2b,electron_pt,200.0,300.0,True,10,1.65920768898674,0.31632626933149255
diboson,SR2b,muon_pt,25.0,35.0,False,13,2.6789137108722354,1.684457261668913
diboson,SR2b,muon_pt,35.0,45.0,False,13,1.3482924568745962,0.46789655534567853
diboson,SR2b,muon_pt,45.0,60.0,False,27,3.779506612533782,1.3492987992065166
diboson,SR2b,muon_pt,60.0,80.0,False,16,1.2408695140573878,0.8234639412325728
diboson,SR2b,muon_pt,80.0,110.0,False,18,4.0610856118598235,2.850424431757864
diboson,SR2b,muon_pt,110.0,150.0,False,9,1.2079228490452054,0.1837092068054642
diboson,SR2b,muon_pt,150.0,200.0,False,8,1.6497071923748017,0.44461289494952005
diboson,SR2b,muon_pt,200.0,300.0,True,9,1.1131025474833154,0.15426452592359252
diboson,SR2b,n_jets,1.5,2.5,False,33,4.013821823845011,2.1513282604837993
diboson,SR2b,n_jets,2.5,3.5,False,35,5.1120086326310075,2.405180332387788
diboson,SR2b,n_jets,3.5,4.5,False,28,5.848055071138489,3.086972605826782
diboson,SR2b,n_jets,4.5,5.5,False,15,1.9724151219297996,0.29983667001563263
diboson,SR2b,n_jets,5.5,6.5,False,0,0.0,0.0
diboson,SR2b,n_jets,6.5,7.5,True,2,0.13309984555683635,0.014809748176115807
diboson,SR2b,delta_phi,0.0,0.2617993877991494,False,7,0.20241492683905996,0.674330282320804
diboson,SR2b,delta_phi,0.2617993877991494,0.5235987755982988,False,11,1.5365770267844416,0.3197596225851179
diboson,SR2b,delta_phi,0.5235987755982988,0.7853981633974483,False,6,-0.02145976967058072,0.1589161165884964
diboson,SR2b,delta_phi,0.7853981633974483,1.0471975511965976,False,7,1.6255494118267755,0.9780838446621714
diboson,SR2b,delta_phi,1.0471975511965976,1.308996938995747,False,13,1.796016913474912,0.3087686913185259
diboson,SR2b,delta_phi,1.308996938995747,1.5707963267948966,False,10,3.343435901850183,3.179197441318835
diboson,SR2b,delta_phi,1.5707963267948966,1.832595714594046,False,7,0.8863425185613213,0.13978817760818027
diboson,SR2b,delta_phi,1.832595714594046,2.0943951023931953,False,12,1.2138946860401574,0.2064775908867689
diboson,SR2b,delta_phi,2.0943951023931953,2.356194490192345,False,9,1.735477295857321,1.0891971347732443
diboson,SR2b,delta_phi,2.356194490192345,2.617993877991494,False,9,1.1899236710362526,0.18222522514691247
diboson,SR2b,delta_phi,2.617993877991494,2.8797932657906435,False,14,2.291790016244703,0.5066964275977555
diboson,SR2b,delta_phi,2.8797932657906435,3.141592653589793,False,8,1.279437896256594,0.21468706208330968
diboson,SR2b,delta_eta,0.0,0.5,False,41,7.83881242287187,4.330139891686363
diboson,SR2b,delta_eta,0.5,1.0,False,28,4.0623450762658475,0.797391902647458
diboson,SR2b,delta_eta,1.0,1.5,False,19,2.496745382916034,0.4492721349300247
diboson,SR2b,delta_eta,1.5,2.0,False,11,1.3836028911163318,0.2333609269570139
diboson,SR2b,delta_eta,2.0,2.5,False,9,0.8330716486392535,2.075966022151919
diboson,SR2b,delta_eta,2.5,3.0,False,3,0.3549336624522465,0.06138502510109634
diboson,SR2b,delta_eta,3.0,3.5,False,1,0.007122785190073699,5.0734068864244364e-05
diboson,SR2b,delta_eta,3.5,4.0,False,1,0.10276662564948325,0.010560979347381039
diboson,SR2b,delta_eta,4.0,4.5,False,0,0.0,0.0
diboson,SR2b,delta_eta,4.5,5.0,False,0,0.0,0.0
diboson,SR2b,m_emu,0.0,25.0,False,4,0.1664095936906019,0.10776694193899827
diboson,SR2b,m_emu,25.0,50.0,False,10,2.444522729016071,1.213107624446147
diboson,SR2b,m_emu,50.0,75.0,False,11,0.9611891248016504,0.23302012188718976
diboson,SR2b,m_emu,75.0,100.0,False,17,2.674677137981837,1.1842037679574229
diboson,SR2b,m_emu,100.0,125.0,False,16,3.695854954933745,3.8933734111100398
diboson,SR2b,m_emu,125.0,150.0,False,14,1.8998912090571316,0.2779418286862073
diboson,SR2b,m_emu,150.0,200.0,False,15,1.604058572026927,0.3420738546574843
diboson,SR2b,m_emu,200.0,300.0,False,17,2.1975288208689054,0.45698792181989045
diboson,SR2b,m_emu,300.0,450.0,True,9,1.4352683527242691,0.24965214438673994
diboson,SR2b,met,30.0,45.0,False,13,3.41775013451129,2.5137071089752285
diboson,SR2b,met,45.0,60.0,False,17,1.6593360133155206,0.2980787252206397
diboson,SR2b,met,60.0,80.0,False,18,2.6033800140651984,1.1663288340987659
diboson,SR2b,met,80.0,110.0,False,29,5.442219478829818,2.5825862949994294
diboson,SR2b,met,110.0,150.0,False,16,2.37205964056675,0.3886509173972406
diboson,SR2b,met,150.0,200.0,False,9,1.377511610776315,0.2600021544835194
diboson,SR2b,met,200.0,300.0,True,11,0.20714360303625434,0.7487735817152945
diboson,SR2b,n_bjets,-0.5,0.5,False,0,0.0,0.0
diboson,SR2b,n_bjets,0.5,1.5,False,0,0.0,0.0
diboson,SR2b,n_bjets,1.5,2.5,False,103,15.830187180699264,7.779990179342063
diboson,SR2b,n_bjets,2.5,3.5,False,9,1.237215952207217,0.17799350084842835
diboson,SR2b,n_bjets,3.5,4.5,True,1,0.011997362194660688,0.00014393669962987302
diboson,PRETAG,electron_pt,25.0,35.0,False,1399,189.00896455654083,103.16201075541733
diboson,PRETAG,electron_pt,35.0,45.0,False,1740,237.8584351433933,133.6715487877482
diboson,PRETAG,electron_pt,45.0,60.0,False,2179,336.8191268694423,177.36853176320085
diboson,PRETAG,electron_pt,60.0,80.0,False,2282,328.43981120416896,169.91420173319187
diboson,PRETAG,electron_pt,80.0,110.0,False,1998,284.66315152101186,136.7706437676997
diboson,PRETAG,electron_pt,110.0,150.0,False,1350,186.3219800722984,89.50659452016691
diboson,PRETAG,electron_pt,150.0,200.0,False,795,107.74920568027309,42.69420457301946
diboson,PRETAG,electron_pt,200.0,300.0,True,651,90.88523271117793,35.719670093930105
diboson,PRETAG,muon_pt,25.0,35.0,False,1719,247.35052964556868,137.55644701943493
diboson,PRETAG,muon_pt,35.0,45.0,False,1950,300.6825962519132,164.17415962930693
diboson,PRETAG,muon_pt,45.0,60.0,False,2410,339.1365535963149,159.22547473972062
diboson,PRETAG,muon_pt,60.0,80.0,False,2113,283.5860598578176,150.53850679219028
diboson,PRETAG,muon_pt,80.0,110.0,False,1809,259.2141882641894,126.8581199974953
diboson,PRETAG,muon_pt,110.0,150.0,False,1157,158.38705809550177,77.7222766180918
diboson,PRETAG,muon_pt,150.0,200.0,False,661,95.42089026730422,41.562639530018004
diboson,PRETAG,muon_pt,200.0,300.0,True,575,77.96803177969434,31.16978166811834
diboson,PRETAG,n_jets,1.5,2.5,False,8275,1215.9879489906648,695.2215193548358
diboson,PRETAG,n_jets,2.5,3.5,False,2993,397.4447189249653,152.03094429501772
diboson,PRETAG,n_jets,3.5,4.5,False,865,116.85296274993337,35.37697851278481
diboson,PRETAG,n_jets,4.5,5.5,False,206,23.86559174352856,4.469693342815718
diboson,PRETAG,n_jets,5.5,6.5,False,47,6.741793389367615,1.6049215095943197
diboson,PRETAG,n_jets,6.5,7.5,True,8,0.8528919598531228,0.1033489793258302
diboson,PRETAG,delta_phi,0.0,0.2617993877991494,False,711,87.53596632902504,35.25683897165958
diboson,PRETAG,delta_phi,0.2617993877991494,0.5235987755982988,False,880,122.28717378023872,42.926511185274066
diboson,PRETAG,delta_phi,0.5235987755982988,0.7853981633974483,False,815,111.41729925226356,39.69828216205276
diboson,PRETAG,delta_phi,0.7853981633974483,1.0471975511965976,False,820,109.59933927191813,47.5848965630305
diboson,PRETAG,delta_phi,1.0471975511965976,1.308996938995747,False,872,112.9744291626805,36.838910073045255
diboson,PRETAG,delta_phi,1.308996938995747,1.5707963267948966,False,904,135.86326821496257,57.51519155262877
diboson,PRETAG,delta_phi,1.5707963267948966,1.832595714594046,False,919,127.66046627403934,46.499002023550645
diboson,PRETAG,delta_phi,1.832595714594046,2.0943951023931953,False,1079,141.82559921837498,69.96349246846464
diboson,PRETAG,delta_phi,2.0943951023931953,2.356194490192345,False,1180,167.2217155247704,97.97982859004766
diboson,PRETAG,delta_phi,2.356194490192345,2.617993877991494,False,1295,191.43704665197782,107.42401467117612
diboson,PRETAG,delta_phi,2.617993877991494,2.8797932657906435,False,1416,224.4780393926851,146.0736775479583
diboson,PRETAG,delta_phi,2.8797932657906435,3.141592653589793,False,1503,229.44556468537297,161.04676018548756
diboson,PRETAG,delta_eta,0.0,0.5,False,3925,546.6688438785566,274.60791221677977
diboson,PRETAG,delta_eta,0.5,1.0,False,3247,459.4372387238621,210.2041870881402
diboson,PRETAG,delta_eta,1.0,1.5,False,2377,338.44844879479706,176.15340297472108
diboson,PRETAG,delta_eta,1.5,2.0,False,1458,202.90881671109003,114.40315628458079
diboson,PRETAG,delta_eta,2.0,2.5,False,759,114.62140599966156,57.009977601458715
diboson,PRETAG,delta_eta,2.5,3.0,False,358,59.304824290110965,29.64429911768684
diboson,PRETAG,delta_eta,3.0,3.5,False,171,25.459420256476385,15.223112163778833
diboson,PRETAG,delta_eta,3.5,4.0,False,69,10.29667313707226,8.041042007947407
diboson,PRETAG,delta_eta,4.0,4.5,False,29,4.458725512461271,3.5002913306286443
diboson,PRETAG,delta_eta,4.5,5.0,False,1,0.14151045422295283,0.020025208654374183
diboson,PRETAG,m_emu,0.0,25.0,False,237,29.097292161377638,13.374966006391517
diboson,PRETAG,m_emu,25.0,50.0,False,914,131.87086808787606,50.84190208221091
diboson,PRETAG,m_emu,50.0,75.0,False,1475,182.70297163356474,77.3642901468777
diboson,PRETAG,m_emu,75.0,100.0,False,1903,269.2697552459775,153.2559779709151
diboson,PRETAG,m_emu,100.0,125.0,False,1785,270.6246396732998,144.39604369007094
diboson,PRETAG,m_emu,125.0,150.0,False,1433,215.25930774125496,111.44873539279332
diboson,PRETAG,m_emu,150.0,200.0,False,1996,296.2279911659124,138.39137590877758
diboson,PRETAG,m_emu,200.0,300.0,False,1653,218.58868823812526,117.88424913041966
diboson,PRETAG,m_emu,300.0,450.0,True,998,148.1043938109196,81.84986566591836
diboson,PRETAG,met,30.0,45.0,False,1783,265.6550963767644,153.14713102033303
diboson,PRETAG,met,45.0,60.0,False,2095,290.20323315915766,175.00635041694358
diboson,PRETAG,met,60.0,80.0,False,2556,370.47384678353126,204.08305335180935
diboson,PRETAG,met,80.0,110.0,False,2633,372.4465266775852,158.12002200290567
diboson,PRETAG,met,110.0,150.0,False,1696,236.1199461377684,113.22484655890212
diboson,PRETAG,met,150.0,200.0,False,849,115.52159748602153,46.38627288463882
diboson,PRETAG,met,200.0,300.0,True,782,111.32566113747794,38.83972975884536
diboson,PRETAG,n_bjets,-0.5,0.5,False,10894,1550.6892021322196,778.7287338210296
diboson,PRETAG,n_bjets,0.5,1.5,False,1387,193.977305130988,102.12054455645762
diboson,PRETAG,n_bjets,1.5,2.5,False,103,15.830187180699383,7.779990179341217
diboson,PRETAG,n_bjets,2.5,3.5,False,9,1.2372159522071797,0.1779935008485154
diboson,PRETAG,n_bjets,3.5,4.5,True,1,0.011997362194660965,0.00014393669962986522
diboson,ZEROb,electron_pt,25.0,35.0,False,1235,167.6634938015962,93.20081356094568
diboson,ZEROb,electron_pt,35.0,45.0,False,1524,212.33279394275206,115.00104337298352
diboson,ZEROb,electron_pt,45.0,60.0,False,1930,294.2592443304356,152.45864523090873
diboson,ZEROb,electron_pt,60.0,80.0,False,1980,291.8151109470948,145.65834505363733
diboson,ZEROb,electron_pt,80.0,110.0,False,1768,251.58374952816402,124.58732781875665
diboson,ZEROb,electron_pt,110.0,150.0,False,1189,162.50266335016937,80.86072575796263
diboson,ZEROb,electron_pt,150.0,200.0,False,707,93.17857367834878,34.657322368994656
diboson,ZEROb,electron_pt,200.0,300.0,True,561,77.35357255365548,32.30451065683826
diboson,ZEROb,muon_pt,25.0,35.0,False,1500,218.71363370775694,115.59493432721217
diboson,ZEROb,muon_pt,35.0,45.0,False,1718,268.39608134917813,150.095476485983
diboson,ZEROb,muon_pt,45.0,60.0,False,2115,299.38648465407124,138.6336988712514
diboson,ZEROb,muon_pt,60.0,80.0,False,1893,254.2095641754821,136.8566860393012
diboson,ZEROb,muon_pt,80.0,110.0,False,1593,222.7077362551947,106.17232498455238
diboson,ZEROb,muon_pt,110.0,150.0,False,1009,138.82241700833316,70.67003333577907
diboson,ZEROb,muon_pt,150.0,200.0,False,576,81.60821029479817,33.4385574115097
diboson,ZEROb,muon_pt,200.0,300.0,True,490,66.84507468739919,27.267022365440475
diboson,ZEROb,n_jets,1.5,2.5,False,7472,1103.26767505289,622.0698168545633
diboson,ZEROb,n_jets,2.5,3.5,False,2554,337.3876344811889,131.39386973081866
diboson,ZEROb,n_jets,3.5,4.5,False,672,88.09079494570301,21.249304966542454
diboson,ZEROb,n_jets,4.5,5.5,False,156,16.981318168975623,3.258024832890581
diboson,ZEROb,n_jets,5.5,6.5,False,36,4.46657837265667,0.6951139647881277
diboson,ZEROb,n_jets,6.5,7.5,True,4,0.49520111080528295,0.06260347142449518
diboson,ZEROb,delta_phi,0.0,0.2617993877991494,False,631,77.3010005265647,30.82150075458303
diboson,ZEROb,delta_phi,0.2617993877991494,0.5235987755982988,False,753,103.26064095494986,34.7846437276043
diboson,ZEROb,delta_phi,0.5235987755982988,0.7853981633974483,False,709,98.54422282853534,36.33202088167366
diboson,ZEROb,delta_phi,0.7853981633974483,1.0471975511965976,False,710,95.99212115171372,38.108336476389745
diboson,ZEROb,delta_phi,1.0471975511965976,1.308996938995747,False,743,96.25835610774969,32.73566049868724
diboson,ZEROb,delta_phi,1.308996938995747,1.5707963267948966,False,795,120.61081811824239,49.38297317366112
diboson,ZEROb,delta_phi,1.5707963267948966,1.832595714594046,False,812,110.09353649822569,40.09140461653501
diboson,ZEROb,delta_phi,1.832595714594046,2.0943951023931953,False,952,125.5289915824861,60.87513275016609
diboson,ZEROb,delta_phi,2.0943951023931953,2.356194490192345,False,1046,145.59179651038798,87.10046191286578
diboson,ZEROb,delta_phi,2.356194490192345,2.617993877991494,False,1140,172.3472372064072,97.51545947059175
diboson,ZEROb,delta_phi,2.617993877991494,2.8797932657906435,False,1257,197.2523011881371,127.44183796410594
diboson,ZEROb,delta_phi,2.8797932657906435,3.141592653589793,False,1346,207.908179458814,143.53930159416385
diboson,ZEROb,delta_eta,0.0,0.5,False,3425,475.7591329247545,233.33652731238593
diboson,ZEROb,delta_eta,0.5,1.0,False,2868,404.28004260868994,189.76157680089463
diboson,ZEROb,delta_eta,1.0,1.5,False,2064,295.3582463090059,151.36176894945953
diboson,ZEROb,delta_eta,1.5,2.0,False,1287,181.79730067763862,105.62470586492508
diboson,ZEROb,delta_eta,2.0,2.5,False,687,102.58538126709585,49.15250956802429
diboson,ZEROb,delta_eta,2.5,3.0,False,315,54.89727479204542,24.973103651984175
diboson,ZEROb,delta_eta,3.0,3.5,False,159,23.61087354795975,14.661908434473641
diboson,ZEROb,delta_eta,3.5,4.0,False,59,7.80071403834035,6.336316699596182
diboson,ZEROb,delta_eta,4.0,4.5,False,29,4.458725512461271,3.5002913306286585
diboson,ZEROb,delta_eta,4.5,5.0,False,1,0.14151045422295283,0.020025208654374183
diboson,ZEROb,m_emu,0.0,25.0,False,203,25.176092061929996,11.824683411602006
diboson,ZEROb,m_emu,25.0,50.0,False,792,112.73736580952726,41.76445685981732
diboson,ZEROb,m_emu,50.0,75.0,False,1272,161.25515142737595,68.89536115523791
diboson,ZEROb,m_emu,75.0,100.0,False,1662,237.48830237064743,129.82566515318823
diboson,ZEROb,m_emu,100.0,125.0,False,1604,239.66739499659323,130.13759938311424
diboson,ZEROb,m_emu,125.0,150.0,False,1280,195.3445731124417,99.39890647356731
diboson,ZEROb,m_emu,150.0,200.0,False,1746,257.88632843964433,122.2242497963977
diboson,ZEROb,m_emu,200.0,300.0,False,1446,193.06614501737846,103.45340174040062
diboson,ZEROb,m_emu,300.0,450.0,True,889,128.0678488966779,71.20440984770222
diboson,ZEROb,met,30.0,45.0,False,1561,233.6273710938117,124.73401545819183
diboson,ZEROb,met,45.0,60.0,False,1857,258.54750569060883,158.32019685217776
diboson,ZEROb,met,60.0,80.0,False,2267,327.7937498683608,177.36691743988956
diboson,ZEROb,met,80.0,110.0,False,2318,326.277399881207,142.01571814569826
diboson,ZEROb,met,110.0,150.0,False,1484,208.47245167931212,101.42762908192628
diboson,ZEROb,met,150.0,200.0,False,728,99.26795407428402,41.518454965536606
diboson,ZEROb,met,200.0,300.0,True,679,96.70276984463405,33.345801877610064
diboson,ZEROb,n_bjets,-0.5,0.5,False,10894,1550.6892021322199,778.7287338210291
diboson,ZEROb,n_bjets,0.5,1.5,False,0,0.0,0.0
diboson,ZEROb,n_bjets,1.5,2.5,False,0,0.0,0.0
diboson,ZEROb,n_bjets,2.5,3.5,False,0,0.0,0.0
diboson,ZEROb,n_bjets,3.5,4.5,True,0,0.0,0.0
diboson,SS1b,electron_pt,25.0,35.0,False,74,2.382156734672085,0.5075736221024995
diboson,SS1b,electron_pt,35.0,45.0,False,81,2.8991315824510284,0.6761303178750968
diboson,SS1b,electron_pt,45.0,60.0,False,132,5.986795237962435,1.8538534255308856
diboson,SS1b,electron_pt,60.0,80.0,False,149,7.993324227877453,2.6904998040933013
diboson,SS1b,electron_pt,80.0,110.0,False,148,9.52099725690637,3.12070958421886
diboson,SS1b,electron_pt,110.0,150.0,False,93,4.980791171690219,1.8761001683196994
diboson,SS1b,electron_pt,150.0,200.0,False,50,1.3171184751632965,0.3802152162594943
diboson,SS1b,electron_pt,200.0,300.0,True,45,2.009506333905278,0.23659052194167285
diboson,SS1b,muon_pt,25.0,35.0,False,118,4.65203876778835,2.5521822591083034
diboson,SS1b,muon_pt,35.0,45.0,False,115,5.314150320551677,1.9203644082384264
diboson,SS1b,muon_pt,45.0,60.0,False,142,8.03276257567397,2.9224615627721016
diboson,SS1b,muon_pt,60.0,80.0,False,123,6.535988303541107,2.023518416556005
diboson,SS1b,muon_pt,80.0,110.0,False,134,6.21209138359567,1.0475826881794916
diboson,SS1b,muon_pt,110.0,150.0,False,75,2.7393283121541203,0.3592267867293031
diboson,SS1b,muon_pt,150.0,200.0,False,34,2.2188278000915265,0.23565474661668295
diboson,SS1b,muon_pt,200.0,300.0,True,31,1.3846335572317368,0.2806817921411938
diboson,SS1b,n_jets,1.5,2.5,False,399,20.290900345313386,7.524283600312894
diboson,SS1b,n_jets,2.5,3.5,False,237,10.769885371707023,2.951073893988229
diboson,SS1b,n_jets,3.5,4.5,False,94,4.661671995388367,0.6409511008636495
diboson,SS1b,n_jets,4.5,5.5,False,35,1.1693360173209855,0.21081880668139125
diboson,SS1b,n_jets,5.5,6.5,False,2,0.16948465728982498,0.014368994997122186
diboson,SS1b,n_jets,6.5,7.5,True,5,0.028542633608581003,0.00017626349822647339
diboson,SS1b,delta_phi,0.0,0.2617993877991494,False,41,1.6850554368772703,1.1816343666068152
diboson,SS1b,delta_phi,0.2617993877991494,0.5235987755982988,False,67,3.1753895079526555,0.42863360167285564
diboson,SS1b,delta_phi,0.5235987755982988,0.7853981633974483,False,59,2.1134581394404646,1.6455737291033143
diboson,SS1b,delta_phi,0.7853981633974483,1.0471975511965976,False,54,3.125189455875571,0.498645733450075
diboson,SS1b,delta_phi,1.0471975511965976,1.308996938995747,False,63,3.260775681543705,0.5232026328618753
diboson,SS1b,delta_phi,1.308996938995747,1.5707963267948966,False,58,3.0452850243269936,0.3265073409594929
diboson,SS1b,delta_phi,1.5707963267948966,1.832595714594046,False,71,2.1645333859633444,0.8757128478275505
diboson,SS1b,delta_phi,1.832595714594046,2.0943951023931953,False,63,3.5652674234940944,0.8401178245604622
diboson,SS1b,delta_phi,2.0943951023931953,2.356194490192345,False,75,4.20837520127221,0.5308093109196196
diboson,SS1b,delta_phi,2.356194490192345,2.617993877991494,False,70,4.277309997841431,1.9623112471171198
diboson,SS1b,delta_phi,2.617993877991494,2.8797932657906435,False,78,2.8069564901362565,0.863897011672376
diboson,SS1b,delta_phi,2.8797932657906435,3.141592653589793,False,73,3.662225275904183,1.664627013589955
diboson,SS1b,delta_eta,0.0,0.5,False,181,10.251189850322382,2.021331981594892
diboson,SS1b,delta_eta,0.5,1.0,False,158,7.3958740560623335,1.485895557547613
diboson,SS1b,delta_eta,1.0,1.5,False,149,7.686445979595834,2.829169564129693
diboson,SS1b,delta_eta,1.5,2.0,False,95,6.817619146299203,4.11492980621195
diboson,SS1b,delta_eta,2.0,2.5,False,78,1.9337750240831484,0.253430877294872
diboson,SS1b,delta_eta,2.5,3.0,False,47,1.9139439145535864,0.512053506781521
diboson,SS1b,delta_eta,3.0,3.5,False,38,0.8209883371441347,0.1148491957839029
diboson,SS1b,delta_eta,3.5,4.0,False,19,0.21977576540638433,0.009643408854620516
diboson,SS1b,delta_eta,4.0,4.5,False,6,0.04441416905267115,0.00033518268911670104
diboson,SS1b,delta_eta,4.5,5.0,False,1,0.005794778108485499,3.3579453326583464e-05
diboson,SS1b,m_emu,0.0,25.0,False,10,0.3151238156174882,0.07029761058705553
diboson,SS1b,m_emu,25.0,50.0,False,45,1.9367314024529536,0.7899285358206841
diboson,SS1b,m_emu,50.0,75.0,False,69,2.607816707633191,0.7405728874190544
diboson,SS1b,m_emu,75.0,100.0,False,87,4.024122555429614,1.5618005930804073
diboson,SS1b,m_emu,100.0,125.0,False,87,6.494793842378552,2.3761002842102674
diboson,SS1b,m_emu,125.0,150.0,False,93,3.7905872961880576,0.5581056972876133
diboson,SS1b,m_emu,150.0,200.0,False,141,8.403117864855652,2.485936677853115
diboson,SS1b,m_emu,200.0,300.0,False,132,6.520388357597242,2.4618660879845797
diboson,SS1b,m_emu,300.0,450.0,True,108,2.9971391784754156,0.2970642860987345
diboson,SS1b,met,30.0,45.0,False,113,7.831068047383709,3.488339389726842
diboson,SS1b,met,45.0,60.0,False,146,7.073605288542497,3.269862395360744
diboson,SS1b,met,60.0,80.0,False,169,7.0960152748659695,1.7996740926482186
diboson,SS1b,met,80.0,110.0,False,148,7.825899675524276,1.1514895968616474
diboson,SS1b,met,110.0,150.0,False,96,4.622581732806236,1.110718700164897
diboson,SS1b,met,150.0,200.0,False,44,1.3315505253809223,0.1594640843479187
diboson,SS1b,met,200.0,300.0,True,56,1.3091004761245846,0.3621244012312325
diboson,SS1b,n_bjets,-0.5,0.5,False,0,0.0,0.0
diboson,SS1b,n_bjets,0.5,1.5,False,728,35.975308407225256,11.062533516383139
diboson,SS1b,n_bjets,1.5,2.5,False,41,0.9708359683075058,0.26990091632519037
diboson,SS1b,n_bjets,2.5,3.5,False,3,0.14367664509541545,0.009238227633179961
diboson,SS1b,n_bjets,3.5,4.5,True,0,0.0,0.0
single_top,SR1b,electron_pt,25.0,35.0,False,906,380.82834974531363,170.0388456487515
single_top,SR1b,electron_pt,35.0,45.0,False,1272,557.6854245440368,256.520996148385
single_top,SR1b,electron_pt,45.0,60.0,False,1606,695.1455706247657,319.08333270293144
single_top,SR1b,electron_pt,60.0,80.0,False,1588,705.1459770145543,330.852560493067
single_top,SR1b,electron_pt,80.0,110.0,False,1361,600.0132681212766,281.7070285963422
single_top,SR1b,electron_pt,110.0,150.0,False,804,351.39356125477616,164.77569293882038
single_top,SR1b,electron_pt,150.0,200.0,False,426,188.98783704055768,89.64498910000623
single_top,SR1b,electron_pt,200.0,300.0,True,271,116.18108137925378,55.48848854256357
single_top,SR1b,muon_pt,25.0,35.0,False,1172,515.5512498883068,239.2555304256038
single_top,SR1b,muon_pt,35.0,45.0,False,1396,613.6464287765089,286.3469317660165
single_top,SR1b,muon_pt,45.0,60.0,False,1648,718.823826684045,333.6906399599936
single_top,SR1b,muon_pt,60.0,80.0,False,1525,667.3327960730351,308.91617769265514
single_top,SR1b,muon_pt,80.0,110.0,False,1171,515.5157713811627,239.69273897614028
single_top,SR1b,muon_pt,110.0,150.0,False,697,302.3455625032327,139.13987563339356
single_top,SR1b,muon_pt,150.0,200.0,False,358,152.09695532070577,70.13728798153568
single_top,SR1b,muon_pt,200.0,300.0,True,267,110.06847909753378,50.9327517355307
single_top,SR1b,n_jets,1.5,2.5,False,5443,2386.112186529507,1110.6146871931967
single_top,SR1b,n_jets,2.5,3.5,False,2030,879.9946387366232,407.39492276675264
single_top,SR1b,n_jets,3.5,4.5,False,590,257.19651509357345,117.86456971894972
single_top,SR1b,n_jets,4.5,5.5,False,131,54.90855017528065,24.56977601069491
single_top,SR1b,n_jets,5.5,6.5,False,36,15.491102986384249,6.945788180653153
single_top,SR1b,n_jets,6.5,7.5,True,4,1.678076203163755,0.7221903006203547
single_top,SR1b,delta_phi,0.0,0.2617993877991494,False,373,165.2145738862778,76.0933084006176
single_top,SR1b,delta_phi,0.2617993877991494,0.5235987755982988,False,421,181.9906196727688,83.7751627394055
single_top,SR1b,delta_phi,0.5235987755982988,0.7853981633974483,False,478,211.04367708086414,97.57097686278298
single_top,SR1b,delta_phi,0.7853981633974483,1.0471975511965976,False,488,214.37211067863757,98.7963400869951
single_top,SR1b,delta_phi,1.0471975511965976,1.308996938995747,False,555,243.39590959275534,112.01062846966127
single_top,SR1b,delta_phi,1.308996938995747,1.5707963267948966,False,600,263.2492497981374,122.8076071583101
single_top,SR1b,delta_phi,1.5707963267948966,1.832595714594046,False,693,299.1340947231531,137.5005581204146
single_top,SR1b,delta_phi,1.832595714594046,2.0943951023931953,False,729,314.5289876002163,144.47897349988767
single_top,SR1b,delta_phi,2.0943951023931953,2.356194490192345,False,840,364.14559490080285,170.31259073209043
single_top,SR1b,delta_phi,2.356194490192345,2.617993877991494,False,939,410.2473900771995,191.66367166218083
single_top,SR1b,delta_phi,2.617993877991494,2.8797932657906435,False,1051,459.7469902615712,215.31980058225167
single_top,SR1b,delta_phi,2.8797932657906435,3.141592653589793,False,1067,468.3118714521497,217.78231585626983
single_top,SR1b,delta_eta,0.0,0.5,False,2416,1047.2991334282597,480.75531963690486
single_top,SR1b,delta_eta,0.5,1.0,False,2108,917.2433925501962,422.7604868365971
single_top,SR1b,delta_eta,1.0,1.5,False,1682,731.4531257530786,339.21155917660656
single_top,SR1b,delta_eta,1.5,2.0,False,1040,461.6112856505172,217.22969005610867
single_top,SR1b,delta_eta,2.0,2.5,False,606,267.54047257723414,126.32154976434106
single_top,SR1b,delta_eta,2.5,3.0,False,265,116.18730857325431,55.449971319139195
single_top,SR1b,delta_eta,3.0,3.5,False,88,40.04701728042346,19.458706248011026
single_top,SR1b,delta_eta,3.5,4.0,False,28,13.50287656162618,6.678181232840188
single_top,SR1b,delta_eta,4.0,4.5,False,1,0.49645734995237945,0.24646990032169924
single_top,SR1b,delta_eta,4.5,5.0,False,0,0.0,0.0
single_top,SR1b,m_emu,0.0,25.0,False,128,53.167699493010204,23.63349058908483
single_top,SR1b,m_emu,25.0,50.0,False,580,253.0711948451264,115.80490217201229
single_top,SR1b,m_emu,50.0,75.0,False,894,388.952912366541,177.0507801675334
single_top,SR1b,m_emu,75.0,100.0,False,1226,530.7683858001305,244.7102224218237
single_top,SR1b,m_emu,100.0,125.0,False,1276,558.8059588095471,259.2087881647772
single_top,SR1b,m_emu,125.0,150.0,False,1025,447.2725514054621,206.89987226360597
single_top,SR1b,m_emu,150.0,200.0,False,1434,635.27967174273,296.214424462439
single_top,SR1b,m_emu,200.0,300.0,False,1155,507.68636090780797,238.80032499087565
single_top,SR1b,m_emu,300.0,450.0,True,516,220.37633435418138,105.7891289387162
single_top,SR1b,met,30.0,45.0,False,1114,488.14584543906324,225.27839541172744
single_top,SR1b,met,45.0,60.0,False,1291,565.2172547491932,262.1995104152611
single_top,SR1b,met,60.0,80.0,False,1806,790.5448572736886,367.5395255552344
single_top,SR1b,met,80.0,110.0,False,1995,870.9650182912263,403.6435236884883
single_top,SR1b,met,110.0,150.0,False,1215,530.3434000519628,246.59062746455163
single_top,SR1b,met,150.0,200.0,False,511,221.46316807084872,103.2405006831757
single_top,SR1b,met,200.0,300.0,True,302,128.70152584855168,59.61985095243017
single_top,SR1b,n_bjets,-0.5,0.5,False,0,0.0,0.0
single_top,SR1b,n_bjets,0.5,1.5,False,5674,2470.1187482556097,1139.0478645843118
single_top,SR1b,n_bjets,1.5,2.5,False,2488,1092.0644839939857,512.7283192204541
single_top,SR1b,n_bjets,2.5,3.5,False,70,32.24062453932356,15.87720682089423
single_top,SR1b,n_bjets,3.5,4.5,True,2,0.9572129356181449,0.4585435452039519
single_top,SR2b,electron_pt,25.0,35.0,False,279,119.80800291781071,54.155626701468094
single_top,SR2b,electron_pt,35.0,45.0,False,396,175.83286802462885,81.28800443195648
single_top,SR2b,electron_pt,45.0,60.0,False,496,215.297862501676,100.0448496844068
single_top,SR2b,electron_pt,60.0,80.0,False,492,219.24299205752203,103.8905598491296
single_top,SR2b,electron_pt,80.0,110.0,False,401,177.5711364762593,84.45739776506363
single_top,SR2b,electron_pt,110.0,150.0,False,264,115.60890233658432,55.636249318799884
single_top,SR2b,electron_pt,150.0,200.0,False,149,67.43829928396957,32.47855682140457
single_top,SR2b,electron_pt,200.0,300.0,True,83,34.46225787047683,17.112825014323448
single_top,SR2b,muon_pt,25.0,35.0,False,372,163.26947361174402,76.92755991873088
single_top,SR2b,muon_pt,35.0,45.0,False,439,197.36585833993973,94.44888970571141
single_top,SR2b,muon_pt,45.0,60.0,False,525,229.6294153834159,107.87281206185061
single_top,SR2b,muon_pt,60.0,80.0,False,464,202.7498425678046,94.43833314079907
single_top,SR2b,muon_pt,80.0,110.0,False,342,152.6578090441197,71.49789460841976
single_top,SR2b,muon_pt,110.0,150.0,False,220,93.61068836083979,43.55291114087868
single_top,SR2b,muon_pt,150.0,200.0,False,116,50.6645841768393,23.773171949135474
single_top,SR2b,muon_pt,200.0,300.0,True,82,35.31464998422507,16.552497061026685
single_top,SR2b,n_jets,1.5,2.5,False,1363,602.5148520956826,284.30962066290476
single_top,SR2b,n_jets,2.5,3.5,False,815,356.61857177149363,168.56031967997896
single_top,SR2b,n_jets,3.5,4.5,False,277,121.93972824464117,56.42633462540968
single_top,SR2b,n_jets,4.5,5.5,False,80,33.73925024587322,15.250774392503445
single_top,SR2b,n_jets,5.5,6.5,False,22,9.222334618013178,3.997772705859518
single_top,SR2b,n_jets,6.5,7.5,True,3,1.227584493224299,0.5192475198959983
single_top,SR2b,delta_phi,0.0,0.2617993877991494,False,113,51.71787680201359,24.355931830553892
single_top,SR2b,delta_phi,0.2617993877991494,0.5235987755982988,False,137,60.73849666009359,28.229871526617067
single_top,SR2b,delta_phi,0.5235987755982988,0.7853981633974483,False,145,65.72309150597846,30.881609858001944
single_top,SR2b,delta_phi,0.7853981633974483,1.0471975511965976,False,156,69.34430827621271,33.13552820509003
single_top,SR2b,delta_phi,1.0471975511965976,1.308996938995747,False,197,85.64136417643064,39.46858275217407
single_top,SR2b,delta_phi,1.308996938995747,1.5707963267948966,False,176,77.70473105015753,36.34929464095734
single_top,SR2b,delta_phi,1.5707963267948966,1.832595714594046,False,224,98.44814332260583,46.02059517342278
single_top,SR2b,delta_phi,1.832595714594046,2.0943951023931953,False,223,94.54084650511169,43.976431740012075
single_top,SR2b,delta_phi,2.0943951023931953,2.356194490192345,False,263,112.1855209404381,51.96612520610418
single_top,SR2b,delta_phi,2.356194490192345,2.617993877991494,False,280,122.53051389603024,58.67895002290561
single_top,SR2b,delta_phi,2.617993877991494,2.8797932657906435,False,335,147.82629188733023,70.77587969724965
single_top,SR2b,delta_phi,2.8797932657906435,3.141592653589793,False,311,138.86113644652525,65.2252689334637
single_top,SR2b,delta_eta,0.0,0.5,False,753,326.20392405615,151.27487802099506
single_top,SR2b,delta_eta,0.5,1.0,False,655,288.48800829820004,133.95515600184967
single_top,SR2b,delta_eta,1.0,1.5,False,507,218.33011601924812,103.45786905755833
single_top,SR2b,delta_eta,1.5,2.0,False,333,150.84494110541954,71.8873732067382
single_top,SR2b,delta_eta,2.0,2.5,False,193,87.56055491058152,41.81145854829066
single_top,SR2b,delta_eta,2.5,3.0,False,76,34.26342166280949,16.988130252629247
single_top,SR2b,delta_eta,3.0,3.5,False,38,17.264685132426166,8.591740677247742
single_top,SR2b,delta_eta,3.5,4.0,False,5,2.306670284091979,1.0974638212435934
single_top,SR2b,delta_eta,4.0,4.5,False,0,0.0,0.0
single_top,SR2b,delta_eta,4.5,5.0,False,0,0.0,0.0
single_top,SR2b,m_emu,0.0,25.0,False,34,14.766675713057097,6.633974219922168
single_top,SR2b,m_emu,25.0,50.0,False,196,89.13013894128005,41.709543344334584
single_top,SR2b,m_emu,50.0,75.0,False,277,121.71755589195546,55.85390646340652
single_top,SR2b,m_emu,75.0,100.0,False,380,162.52813529844408,75.69874997903742
single_top,SR2b,m_emu,100.0,125.0,False,398,174.08807026092427,81.33323678625715
single_top,SR2b,m_emu,125.0,150.0,False,326,140.81892143733933,65.9170970765138
single_top,SR2b,m_emu,150.0,200.0,False,433,196.289435106628,92.64355557899145
single_top,SR2b,m_emu,200.0,300.0,False,356,156.1912154672318,74.99537233081767
single_top,SR2b,m_emu,300.0,450.0,True,160,69.73217335206778,34.27863380727226
single_top,SR2b,met,30.0,45.0,False,356,160.51261911523898,75.49607070303813
single_top,SR2b,met,45.0,60.0,False,397,178.9272428246785,84.49564719972666
single_top,SR2b,met,60.0,80.0,False,563,247.60486008412698,116.65443172767758
single_top,SR2b,met,80.0,110.0,False,600,262.0837592368554,122.66531789453009
single_top,SR2b,met,110.0,150.0,False,362,159.18018316489167,75.16045085923756
single_top,SR2b,met,150.0,200.0,False,170,70.65252535911543,32.764309284053724
single_top,SR2b,met,200.0,300.0,True,112,46.301131684020675,21.82784191828904
single_top,SR2b,n_bjets,-0.5,0.5,False,0,0.0,0.0
single_top,SR2b,n_bjets,0.5,1.5,False,0,0.0,0.0
single_top,SR2b,n_bjets,1.5,2.5,False,2488,1092.0644839939857,512.7283192204545
single_top,SR2b,n_bjets,2.5,3.5,False,70,32.240624539322994,15.877206820894514
single_top,SR2b,n_bjets,3.5,4.5,True,2,0.9572129356181449,0.45854354520400875
single_top,PRETAG,electron_pt,25.0,35.0,False,1105,463.0213251300489,205.88616119400825
single_top,PRETAG,electron_pt,35.0,45.0,False,1527,666.3690998491236,305.416926838369
single_top,PRETAG,electron_pt,45.0,60.0,False,1914,828.2606590063425,379.4310506938105
single_top,PRETAG,electron_pt,60.0,80.0,False,1926,854.3269168502297,400.78237181284845
single_top,PRETAG,electron_pt,80.0,110.0,False,1655,727.4693405683003,341.2307528119419
single_top,PRETAG,electron_pt,110.0,150.0,False,976,425.66234244211523,199.75098221477754
single_top,PRETAG,electron_pt,150.0,200.0,False,513,228.01942963817737,108.03910351119373
single_top,PRETAG,electron_pt,200.0,300.0,True,335,143.24929404334534,68.16327456311069
single_top,PRETAG,muon_pt,25.0,35.0,False,1413,619.6217247405891,287.0605779086075
single_top,PRETAG,muon_pt,35.0,45.0,False,1671,731.8460838031235,340.6126132657241
single_top,PRETAG,muon_pt,45.0,60.0,False,2025,882.1381531371851,408.8559185049008
single_top,PRETAG,muon_pt,60.0,80.0,False,1826,798.6549081659265,368.69692314188717
single_top,PRETAG,muon_pt,80.0,110.0,False,1424,625.4511486792312,289.949989462732
single_top,PRETAG,muon_pt,110.0,150.0,False,844,363.66026226621193,166.88992995285878
single_top,PRETAG,muon_pt,150.0,200.0,False,428,183.0500628653872,85.55241763869515
single_top,PRETAG,muon_pt,200.0,300.0,True,320,131.95606387002408,61.082253764656
single_top,PRETAG,n_jets,1.5,2.5,False,6721,2940.728486608534,1366.4658591825287
single_top,PRETAG,n_jets,2.5,3.5,False,2386,1032.440178085691,476.36583960633425
single_top,PRETAG,n_jets,3.5,4.5,False,659,285.74568401235587,131.3013247873282
single_top,PRETAG,n_jets,4.5,5.5,False,142,58.82650937304152,26.169378165152693
single_top,PRETAG,n_jets,5.5,6.5,False,38,16.488143534523715,7.453879902204903
single_top,PRETAG,n_jets,6.5,7.5,True,5,2.1494059135420684,0.944341996505841
single_top,PRETAG,delta_phi,0.0,0.2617993877991494,False,449,198.1243088174699,92.33813924423502
single_top,PRETAG,delta_phi,0.2617993877991494,0.5235987755982988,False,512,221.52687978167972,101.7959889777149
single_top,PRETAG,delta_phi,0.5235987755982988,0.7853981633974483,False,593,260.5491956144476,120.23814977998212
single_top,PRETAG,delta_phi,0.7853981633974483,1.0471975511965976,False,585,256.42069127575905,117.59690498925582
single_top,PRETAG,delta_phi,1.0471975511965976,1.308996938995747,False,663,290.0585960849258,133.16549570002633
single_top,PRETAG,delta_phi,1.308996938995747,1.5707963267948966,False,726,318.36418977670826,148.1362243606531
single_top,PRETAG,delta_phi,1.5707963267948966,1.832595714594046,False,812,350.3559981300982,161.02268833096582
single_top,PRETAG,delta_phi,1.832595714594046,2.0943951023931953,False,884,380.99155217953967,174.2873911184584
single_top,PRETAG,delta_phi,2.0943951023931953,2.356194490192345,False,1008,436.15091586020435,202.98457415006203
single_top,PRETAG,delta_phi,2.356194490192345,2.617993877991494,False,1135,493.7992262821058,230.87846261203492
single_top,PRETAG,delta_phi,2.617993877991494,2.8797932657906435,False,1280,559.1189590038559,260.0818185544134
single_top,PRETAG,delta_phi,2.8797932657906435,3.141592653589793,False,1304,570.9178947208801,266.1747858222568
single_top,PRETAG,delta_eta,0.0,0.5,False,2944,1275.628127687875,583.6144252116627
single_top,PRETAG,delta_eta,0.5,1.0,False,2556,1108.3980669264643,511.39978629567
single_top,PRETAG,delta_eta,1.0,1.5,False,1995,865.413905173076,400.88376441828314
single_top,PRETAG,delta_eta,1.5,2.0,False,1245,551.8682168657235,259.7016475285139
single_top,PRETAG,delta_eta,2.0,2.5,False,720,317.852218593496,149.39806018768058
single_top,PRETAG,delta_eta,2.5,3.0,False,343,149.06031776331065,70.37794344519557
single_top,PRETAG,delta_eta,3.0,3.5,False,110,50.06729334021384,24.255583707977394
single_top,PRETAG,delta_eta,3.5,4.0,False,37,17.593803827575357,8.82294294475571
single_top,PRETAG,delta_eta,4.0,4.5,False,1,0.49645734995237945,0.24646990032169924
single_top,PRETAG,delta_eta,4.5,5.0,False,0,0.0,0.0
single_top,PRETAG,m_emu,0.0,25.0,False,153,63.92713609471727,28.542006499850675
single_top,PRETAG,m_emu,25.0,50.0,False,697,304.0333828734781,138.84965549310988
single_top,PRETAG,m_emu,50.0,75.0,False,1083,468.26718595643877,213.0884163632221
single_top,PRETAG,m_emu,75.0,100.0,False,1493,646.8263762372355,297.17717798079804
single_top,PRETAG,m_emu,100.0,125.0,False,1513,660.6257034586099,305.7109802610561
single_top,PRETAG,m_emu,125.0,150.0,False,1254,545.5194298689892,251.89397957028132
single_top,PRETAG,m_emu,150.0,200.0,False,1721,760.4764620937851,354.0966019874212
single_top,PRETAG,m_emu,200.0,300.0,False,1406,615.9943817919475,289.42490019177
single_top,PRETAG,m_emu,300.0,450.0,True,631,270.7083491524777,129.91690529255106
single_top,PRETAG,met,30.0,45.0,False,1340,585.3372694400053,269.9086526993093
single_top,PRETAG,met,45.0,60.0,False,1541,673.1694408700916,311.0905498387136
single_top,PRETAG,met,60.0,80.0,False,2176,951.0561909381644,440.6771011745348
single_top,PRETAG,met,80.0,110.0,False,2435,1061.509228010318,491.90045085409497
single_top,PRETAG,met,110.0,150.0,False,1485,646.9247094850919,300.4269853353279
single_top,PRETAG,met,150.0,200.0,False,615,265.910670419943,123.89504493430786
single_top,PRETAG,met,200.0,300.0,True,359,152.47089836406985,70.80183880376876
single_top,PRETAG,n_bjets,-0.5,0.5,False,1717,740.99733780315,340.58868946919057
single_top,PRETAG,n_bjets,0.5,1.5,False,5674,2470.1187482556074,1139.047864584311
single_top,PRETAG,n_bjets,1.5,2.5,False,2488,1092.0644839939828,512.7283192204541
single_top,PRETAG,n_bjets,2.5,3.5,False,70,32.24062453932356,15.87720682089423
single_top,PRETAG,n_bjets,3.5,4.5,True,2,0.9572129356179175,0.4585435452039519
single_top,ZEROb,electron_pt,25.0,35.0,False,199,82.19297538473539,35.84731554525673
single_top,ZEROb,electron_pt,35.0,45.0,False,255,108.68367530508698,48.895930689984084
single_top,ZEROb,electron_pt,45.0,60.0,False,308,133.11508838157644,60.347717990879396
single_top,ZEROb,electron_pt,60.0,80.0,False,338,149.1809398356807,69.92981131978136
single_top,ZEROb,electron_pt,80.0,110.0,False,294,127.45607244702458,59.52372421559848
single_top,ZEROb,electron_pt,110.0,150.0,False,172,74.26878118734066,34.97528927595647
single_top,ZEROb,electron_pt,150.0,200.0,False,87,39.03159259761469,18.394114411187047
single_top,ZEROb,electron_pt,200.0,300.0,True,64,27.06821266409031,12.674786020546605
single_top,ZEROb,muon_pt,25.0,35.0,False,241,104.07047485228205,47.80504748300364
single_top,ZEROb,muon_pt,35.0,45.0,False,275,118.1996550266137,54.26568149970744
single_top,ZEROb,muon_pt,45.0,60.0,False,377,163.3143264531392,75.16527854490687
single_top,ZEROb,muon_pt,60.0,80.0,False,301,131.32211209289278,59.78074544923048
single_top,ZEROb,muon_pt,80.0,110.0,False,253,109.93537729806988,50.25725048659173
single_top,ZEROb,muon_pt,110.0,150.0,False,147,61.3146997629799,27.750054319466017
single_top,ZEROb,muon_pt,150.0,200.0,False,70,30.953107544683235,15.415129657159412
single_top,ZEROb,muon_pt,200.0,300.0,True,53,21.887584772489618,10.149502029124903
single_top,ZEROb,n_jets,1.5,2.5,False,1278,554.6163000790232,255.85117198933486
single_top,ZEROb,n_jets,2.5,3.5,False,356,152.44553934906946,68.97091683958209
single_top,ZEROb,n_jets,3.5,4.5,False,69,28.549168918780097,13.436755068378645
single_top,ZEROb,n_jets,4.5,5.5,False,11,3.917959197759558,1.5996021544577843
single_top,ZEROb,n_jets,5.5,6.5,False,2,0.9970405481391822,0.5080917215516934
single_top,ZEROb,n_jets,6.5,7.5,True,1,0.4713297103784839,0.2221516958854579
single_top,ZEROb,delta_phi,0.0,0.2617993877991494,False,76,32.90973493119219,16.244830843617436
single_top,ZEROb,delta_phi,0.2617993877991494,0.5235987755982988,False,91,39.536260108910994,18.020826238309468
single_top,ZEROb,delta_phi,0.5235987755982988,0.7853981633974483,False,115,49.505518533583555,22.667172917199178
single_top,ZEROb,delta_phi,0.7853981633974483,1.0471975511965976,False,97,42.048580597121415,18.80056490226074
single_top,ZEROb,delta_phi,1.0471975511965976,1.308996938995747,False,108,46.662686492170195,21.154867230365
single_top,ZEROb,delta_phi,1.308996938995747,1.5707963267948966,False,126,55.114939978571314,25.328617202343224
single_top,ZEROb,delta_phi,1.5707963267948966,1.832595714594046,False,119,51.22190340694526,23.52213021055107
single_top,ZEROb,delta_phi,1.832595714594046,2.0943951023931953,False,155,66.46256457932591,29.808417618570672
single_top,ZEROb,delta_phi,2.0943951023931953,2.356194490192345,False,168,72.00532095940636,32.67198341797277
single_top,ZEROb,delta_phi,2.356194490192345,2.617993877991494,False,196,83.55183620490823,39.21479094985325
single_top,ZEROb,delta_phi,2.617993877991494,2.8797932657906435,False,229,99.3719687422846,44.76201797216049
single_top,ZEROb,delta_phi,2.8797932657906435,3.141592653589793,False,237,102.60602326872942,48.39246996598704
single_top,ZEROb,delta_eta,0.0,0.5,False,528,228.32899425961574,102.85910557475816
single_top,ZEROb,delta_eta,0.5,1.0,False,448,191.15467437626796,88.6392994590724
single_top,ZEROb,delta_eta,1.0,1.5,False,313,133.96077941999835,61.67220524167682
single_top,ZEROb,delta_eta,1.5,2.0,False,205,90.25693121520634,42.471957472405435
single_top,ZEROb,delta_eta,2.0,2.5,False,114,50.31174601626219,23.0765104233391
single_top,ZEROb,delta_eta,2.5,3.0,False,78,32.87300919005753,14.927972126056545
single_top,ZEROb,delta_eta,3.0,3.5,False,22,10.020276059791854,4.79687745996614
single_top,ZEROb,delta_eta,3.5,4.0,False,9,4.090927265950029,2.1447617119155495
single_top,ZEROb,delta_eta,4.0,4.5,False,0,0.0,0.0
single_top,ZEROb,delta_eta,4.5,5.0,False,0,0.0,0.0
single_top,ZEROb,m_emu,0.0,25.0,False,25,10.759436601707048,4.908515910765852
single_top,ZEROb,m_emu,25.0,50.0,False,117,50.96218802835154,23.04475332109763
single_top,ZEROb,m_emu,50.0,75.0,False,189,79.31427358989829,36.03763619568873
single_top,ZEROb,m_emu,75.0,100.0,False,267,116.05799043710532,52.46695555897507
single_top,ZEROb,m_emu,100.0,125.0,False,237,101.81974464906247,46.50219209627873
single_top,ZEROb,m_emu,125.0,150.0,False,229,98.24687846353058,44.99410730667471
single_top,ZEROb,m_emu,150.0,200.0,False,287,125.19679035105796,57.882177524982055
single_top,ZEROb,m_emu,200.0,300.0,False,251,108.30802088413901,50.62457520089356
single_top,ZEROb,m_emu,300.0,450.0,True,115,50.33201479829751,24.12777635383381
single_top,ZEROb,met,30.0,45.0,False,226,97.1914240009416,44.6302572875819
single_top,ZEROb,met,45.0,60.0,False,250,107.95218612089931,48.89103942345311
single_top,ZEROb,met,60.0,80.0,False,370,160.5113336644784,73.13757561930092
single_top,ZEROb,met,80.0,110.0,False,440,190.54420971909565,88.25692716560634
single_top,ZEROb,met,110.0,150.0,False,270,116.58130943312824,53.83635787077685
single_top,ZEROb,met,150.0,200.0,False,104,44.44750234909276,20.654544251132734
single_top,ZEROb,met,200.0,300.0,True,57,23.769372515513624,11.18198785133859
single_top,ZEROb,n_bjets,-0.5,0.5,False,1717,740.9973378031501,340.5886894691905
single_top,ZEROb,n_bjets,0.5,1.5,False,0,0.0,0.0
single_top,ZEROb,n_bjets,1.5,2.5,False,0,0.0,0.0
single_top,ZEROb,n_bjets,2.5,3.5,False,0,0.0,0.0
single_top,ZEROb,n_bjets,3.5,4.5,True,0,0.0,0.0
single_top,SS1b,electron_pt,25.0,35.0,False,8,3.299527136019976,1.4084485925998524
single_top,SS1b,electron_pt,35.0,45.0,False,5,2.1245150598089984,0.9733159856958271
single_top,SS1b,electron_pt,45.0,60.0,False,8,3.084425868032562,1.3070774235007963
single_top,SS1b,electron_pt,60.0,80.0,False,7,3.223382116651862,1.4997377762891233
single_top,SS1b,electron_pt,80.0,110.0,False,4,1.82391364459061,0.8546099611701408
single_top,SS1b,electron_pt,110.0,150.0,False,12,5.004024419083735,2.165089978893178
single_top,SS1b,electron_pt,150.0,200.0,False,7,2.3243632316913097,0.928208078831986
single_top,SS1b,electron_pt,200.0,300.0,True,8,3.7552800835091573,1.7975813492976023
single_top,SS1b,muon_pt,25.0,35.0,False,12,4.935230191153878,2.142226172041065
single_top,SS1b,muon_pt,35.0,45.0,False,11,5.085542966852616,2.3712968018700753
single_top,SS1b,muon_pt,45.0,60.0,False,12,4.15710134746368,1.5882947060571266
single_top,SS1b,muon_pt,60.0,80.0,False,10,4.427646446162687,1.987570938020409
single_top,SS1b,muon_pt,80.0,110.0,False,4,1.3481034789536332,0.6186390076684751
single_top,SS1b,muon_pt,110.0,150.0,False,3,1.3963230565834515,0.6544512401933367
single_top,SS1b,muon_pt,150.0,200.0,False,4,1.8745859059227516,0.900700449620389
single_top,SS1b,muon_pt,200.0,300.0,True,3,1.4148981662955116,0.6708898308076288
single_top,SS1b,n_jets,1.5,2.5,False,40,16.295710368375488,7.170099890847682
single_top,SS1b,n_jets,2.5,3.5,False,15,6.720163543373964,3.0671947897567358
single_top,SS1b,n_jets,3.5,4.5,False,2,0.6797110351364573,0.2489403030224543
single_top,SS1b,n_jets,4.5,5.5,False,1,0.43720336467860754,0.19114678208629643
single_top,SS1b,n_jets,5.5,6.5,False,1,0.5066432478236926,0.2566873805653387
single_top,SS1b,n_jets,6.5,7.5,True,0,0.0,0.0
single_top,SS1b,delta_phi,0.0,0.2617993877991494,False,5,2.1065288484496683,0.9130755585241783
single_top,SS1b,delta_phi,0.2617993877991494,0.5235987755982988,False,2,0.8626955825168805,0.38231740464922004
single_top,SS1b,delta_phi,0.5235987755982988,0.7853981633974483,False,7,3.1068724869431446,1.4160784061798588
single_top,SS1b,delta_phi,0.7853981633974483,1.0471975511965976,False,4,1.2226261096569198,0.4554526837245855
single_top,SS1b,delta_phi,1.0471975511965976,1.308996938995747,False,4,1.4548173326684872,0.5404577050892072
single_top,SS1b,delta_phi,1.308996938995747,1.5707963267948966,False,4,1.9356493169335933,0.9387267068957346
single_top,SS1b,delta_phi,1.5707963267948966,1.832595714594046,False,1,0.4258791453842097,0.18137304647318464
single_top,SS1b,delta_phi,1.832595714594046,2.0943951023931953,False,2,0.8691746398057507,0.3789274183287863
single_top,SS1b,delta_phi,2.0943951023931953,2.356194490192345,False,10,4.037107871407625,1.698516625935951
single_top,SS1b,delta_phi,2.356194490192345,2.617993877991494,False,4,1.9339753044365111,0.9477396326604406
single_top,SS1b,delta_phi,2.617993877991494,2.8797932657906435,False,4,1.785290543878816,0.8200324662300071
single_top,SS1b,delta_phi,2.8797932657906435,3.141592653589793,False,12,4.898814377306604,2.261371491587351
single_top,SS1b,delta_eta,0.0,0.5,False,16,6.879352778024724,3.1325189419639208
single_top,SS1b,delta_eta,0.5,1.0,False,12,4.898677108594387,2.0840019777231333
single_top,SS1b,delta_eta,1.0,1.5,False,7,3.2298432339904593,1.5683732912992525
single_top,SS1b,delta_eta,1.5,2.0,False,14,5.389986860772819,2.3015710944354804
single_top,SS1b,delta_eta,2.0,2.5,False,4,1.802698882353834,0.817791062653324
single_top,SS1b,delta_eta,2.5,3.0,False,3,1.278153958762882,0.5652680015434188
single_top,SS1b,delta_eta,3.0,3.5,False,1,0.38261898707248676,0.1463972892683758
single_top,SS1b,delta_eta,3.5,4.0,False,2,0.7780997498166169,0.3181474873916028
single_top,SS1b,delta_eta,4.0,4.5,False,0,0.0,0.0
single_top,SS1b,delta_eta,4.5,5.0,False,0,0.0,0.0
single_top,SS1b,m_emu,0.0,25.0,False,3,1.349075279305116,0.6234450667308549
single_top,SS1b,m_emu,25.0,50.0,False,6,2.9064721993275424,1.409392822157557
single_top,SS1b,m_emu,50.0,75.0,False,7,2.3012642181287473,0.8578696961675452
single_top,SS1b,m_emu,75.0,100.0,False,3,1.291551421422595,0.5646786784552378
single_top,SS1b,m_emu,100.0,125.0,False,6,2.4809883768974856,1.110144509328445
single_top,SS1b,m_emu,125.0,150.0,False,3,1.2768874907713585,0.5499443943791225
single_top,SS1b,m_emu,150.0,200.0,False,10,4.2910493921585005,1.8859156112005169
single_top,SS1b,m_emu,200.0,300.0,False,12,5.033778999996968,2.187752995092181
single_top,SS1b,m_emu,300.0,450.0,True,9,3.7083641813798938,1.7449253727670477
single_top,SS1b,met,30.0,45.0,False,8,3.5892261473429388,1.6267859333298018
single_top,SS1b,met,45.0,60.0,False,12,3.9411432221599108,1.5652065344829813
single_top,SS1b,met,60.0,80.0,False,17,7.219248512896625,3.1675604690929484
single_top,SS1b,met,80.0,110.0,False,14,6.214977349566201,2.8262989003136876
single_top,SS1b,met,110.0,150.0,False,6,2.7317770010690436,1.3008029130833152
single_top,SS1b,met,150.0,200.0,False,2,0.943059326353491,0.44741439597577476
single_top,SS1b,met,200.0,300.0,True,0,0.0,0.0
single_top,SS1b,n_bjets,-0.5,0.5,False,0,0.0,0.0
single_top,SS1b,n_bjets,0.5,1.5,False,45,18.783662361354633,8.243623891788742
single_top,SS1b,n_bjets,1.5,2.5,False,13,5.418565833354972,2.49929847240347
single_top,SS1b,n_bjets,2.5,3.5,False,1,0.43720336467860754,0.19114678208629643
single_top,SS1b,n_bjets,3.5,4.5,True,0,0.0,0.0
Wjets,SR1b,electron_pt,25.0,35.0,False,9,0.2531448237922117,0.1861130480520521
Wjets,SR1b,electron_pt,35.0,45.0,False,13,1.7484453950645646,0.6637033568807946
Wjets,SR1b,electron_pt,45.0,60.0,False,15,2.2532876947793508,1.7861388758446894
Wjets,SR1b,electron_pt,60.0,80.0,False,15,0.48637189450493334,0.13356496468158482
Wjets,SR1b,electron_pt,80.0,110.0,False,26,2.6531145280079027,2.3426682014097335
Wjets,SR1b,electron_pt,110.0,150.0,False,28,1.3672983825542007,0.19602234045418176
Wjets,SR1b,electron_pt,150.0,200.0,False,47,1.4383188898854251,0.3821709084872437
Wjets,SR1b,electron_pt,200.0,300.0,True,251,3.035165915823626,0.2589491626484159
Wjets,SR1b,muon_pt,25.0,35.0,False,48,2.0072966860128805,0.6453929883862752
Wjets,SR1b,muon_pt,35.0,45.0,False,57,3.60996100566357,2.095199285538785
Wjets,SR1b,muon_pt,45.0,60.0,False,57,1.3506775909665594,1.290121470856829
Wjets,SR1b,muon_pt,60.0,80.0,False,73,2.614521580684889,0.8713911360787203
Wjets,SR1b,muon_pt,80.0,110.0,False,60,2.1480961319376033,0.6110947789003734
Wjets,SR1b,muon_pt,110.0,150.0,False,44,0.7207383142105364,0.22128806231845446
Wjets,SR1b,muon_pt,150.0,200.0,False,33,0.23981659941465192,0.1609119941309914
Wjets,SR1b,muon_pt,200.0,300.0,True,32,0.5440396155215321,0.053931142248265077
Wjets,SR1b,n_jets,1.5,2.5,False,181,6.086137318774902,2.4008033170040033
Wjets,SR1b,n_jets,2.5,3.5,False,114,5.472440989788352,3.0860790439023758
Wjets,SR1b,n_jets,3.5,4.5,False,72,1.4157581723683175,0.3645142997156042
Wjets,SR1b,n_jets,4.5,5.5,False,26,0.38517359301343745,0.08170874921027912
Wjets,SR1b,n_jets,5.5,6.5,False,8,-0.13577898929786164,0.016160902741406705
Wjets,SR1b,n_jets,6.5,7.5,True,3,0.011416439765067565,6.454588502619041e-05
Wjets,SR1b,delta_phi,0.0,0.2617993877991494,False,25,0.4004547648272061,0.026478418800874034
Wjets,SR1b,delta_phi,0.2617993877991494,0.5235987755982988,False,34,2.196571558755171,2.0069557802354474
Wjets,SR1b,delta_phi,0.5235987755982988,0.7853981633974483,False,30,0.7949921996145682,0.3237219617955627
Wjets,SR1b,delta_phi,0.7853981633974483,1.0471975511965976,False,22,0.7264169428453512,0.14783858394467014
Wjets,SR1b,delta_phi,1.0471975511965976,1.308996938995747,False,28,0.9172519972075397,0.09408326200705816
Wjets,SR1b,delta_phi,1.308996938995747,1.5707963267948966,False,29,0.42345882937920565,0.12464163979525521
Wjets,SR1b,delta_phi,1.5707963267948966,1.832595714594046,False,29,0.5481292291344972,1.1808906898226388
Wjets,SR1b,delta_phi,1.832595714594046,2.0943951023931953,False,35,1.269312713316402,0.33502406993415657
Wjets,SR1b,delta_phi,2.0943951023931953,2.356194490192345,False,30,0.4229152185760978,0.05321336620588892
Wjets,SR1b,delta_phi,2.356194490192345,2.617993877991494,False,35,1.288033686268085,0.14847585204967567
Wjets,SR1b,delta_phi,2.617993877991494,2.8797932657906435,False,49,2.074447394443254,0.47886956595663077
Wjets,SR1b,delta_phi,2.8797932657906435,3.141592653589793,False,58,2.173162990044841,1.0291376679108366
Wjets,SR1b,delta_eta,0.0,0.5,False,133,3.671829375710617,0.9076218985739957
Wjets,SR1b,delta_eta,0.5,1.0,False,112,5.975471865110904,3.636424306608704
Wjets,SR1b,delta_eta,1.0,1.5,False,64,1.2748424888298893,0.13870225849203427
Wjets,SR1b,delta_eta,1.5,2.0,False,32,-0.15297009330461908,0.33404499806152493
Wjets,SR1b,delta_eta,2.0,2.5,False,24,0.7029594659100129,0.5362301075571753
Wjets,SR1b,delta_eta,2.5,3.0,False,16,0.5183509728034897,0.07599510463275788
Wjets,SR1b,delta_eta,3.0,3.5,False,15,0.9679680587010521,0.2940248956133906
Wjets,SR1b,delta_eta,3.5,4.0,False,7,0.2174176957545485,0.02277344380689139
Wjets,SR1b,delta_eta,4.0,4.5,False,1,0.05927769489632345,0.0035138451122216363
Wjets,SR1b,delta_eta,4.5,5.0,False,0,0.0,0.0
Wjets,SR1b,m_emu,0.0,25.0,False,7,0.2008637604309913,0.05809913114395504
Wjets,SR1b,m_emu,25.0,50.0,False,7,1.3534141001468105,1.6232588416819358
Wjets,SR1b,m_emu,50.0,75.0,False,25,1.5966090425021564,0.5945313722906668
Wjets,SR1b,m_emu,75.0,100.0,False,24,0.753463626007238,0.15580726009696838
Wjets,SR1b,m_emu,100.0,125.0,False,24,1.73531629282728,0.5791022630530662
Wjets,SR1b,m_emu,125.0,150.0,False,27,1.4193337339342402,1.03769761490004
Wjets,SR1b,m_emu,150.0,200.0,False,59,1.4178809643825825,0.8365120144372061
Wjets,SR1b,m_emu,200.0,300.0,False,79,2.787979425315523,0.7233238288295396
Wjets,SR1b,m_emu,300.0,450.0,True,152,1.9702865788653945,0.3409985320253176
Wjets,SR1b,met,30.0,45.0,False,63,4.256861071949941,2.8523501497739328
Wjets,SR1b,met,45.0,60.0,False,74,1.9676138551624966,0.789335064987109
Wjets,SR1b,met,60.0,80.0,False,74,1.976709156650181,0.4485334757858668
Wjets,SR1b,met,80.0,110.0,False,78,3.0583600766741146,1.6650802970627825
Wjets,SR1b,met,110.0,150.0,False,50,1.0247283033208932,0.1273750698288788
Wjets,SR1b,met,150.0,200.0,False,22,0.5273846867509955,0.036305089526959
Wjets,SR1b,met,200.0,300.0,True,43,0.4234903739035996,0.030351711493166143
Wjets,SR1b,n_bjets,-0.5,0.5,False,0,0.0,0.0
Wjets,SR1b,n_bjets,0.5,1.5,False,365,12.899083480687503,5.815663232104406
Wjets,SR1b,n_bjets,1.5,2.5,False,35,0.1322421503439935,0.12051999358900606
Wjets,SR1b,n_bjets,2.5,3.5,False,4,0.20382189338071743,0.01314763276528541
Wjets,SR1b,n_bjets,3.5,4.5,True,0,0.0,0.0
Wjets,SR2b,electron_pt,25.0,35.0,False,0,0.0,0.0
Wjets,SR2b,electron_pt,35.0,45.0,False,0,0.0,0.0
Wjets,SR2b,electron_pt,45.0,60.0,False,1,0.034418773281814294,0.0011846519542249336
Wjets,SR2b,electron_pt,60.0,80.0,False,5,-0.06301871971884562,0.04776998414046076
Wjets,SR2b,electron_pt,80.0,110.0,False,5,-0.013973569683232025,0.06823460685758179
Wjets,SR2b,electron_pt,110.0,150.0,False,0,0.0,0.0
Wjets,SR2b,electron_pt,150.0,200.0,False,6,0.09310334700979667,0.005945056209404085
Wjets,SR2b,electron_pt,200.0,300.0,True,22,0.28553421283517816,0.0105333271926187
Wjets,SR2b,muon_pt,25.0,35.0,False,5,0.10829710165862616,0.002792409361826582
Wjets,SR2b,muon_pt,35.0,45.0,False,5,-0.11701287416746267,0.033796230939924815
Wjets,SR2b,muon_pt,45.0,60.0,False,6,-0.17647632172379957,0.05905297320479622
Wjets,SR2b,muon_pt,60.0,80.0,False,7,0.1261420246121654,0.005079513169907559
Wjets,SR2b,muon_pt,80.0,110.0,False,7,0.26030993150001774,0.026910299290262448
Wjets,SR2b,muon_pt,110.0,150.0,False,4,0.005730116196562329,0.00023095256969667393
Wjets,SR2b,muon_pt,150.0,200.0,False,2,0.04897008900474892,0.0015325844198605665
Wjets,SR2b,muon_pt,200.0,300.0,True,3,0.08010397664385312,0.004272663398015395
Wjets,SR2b,n_jets,1.5,2.5,False,7,-0.030804339847247408,0.07081484772428576
Wjets,SR2b,n_jets,2.5,3.5,False,8,0.10881349871485575,0.006195761308048657
Wjets,SR2b,n_jets,3.5,4.5,False,16,0.3169203517222343,0.019802642540964796
Wjets,SR2b,n_jets,4.5,5.5,False,7,-0.035617377664481406,0.03631390112950969
Wjets,SR2b,n_jets,5.5,6.5,False,1,-0.023248089200649726,0.0005404736514813663
Wjets,SR2b,n_jets,6.5,7.5,True,0,0.0,0.0
Wjets,SR2b,delta_phi,0.0,0.2617993877991494,False,4,0.09618348727214363,0.002980768023372808
Wjets,SR2b,delta_phi,0.2617993877991494,0.5235987755982988,False,3,-0.17708124814934775,0.03216386500682049
Wjets,SR2b,delta_phi,0.5235987755982988,0.7853981633974483,False,4,0.050805546235575316,0.0009607040203861173
Wjets,SR2b,delta_phi,0.7853981633974483,1.0471975511965976,False,4,0.03779687497485076,0.0026407957117348183
Wjets,SR2b,delta_phi,1.0471975511965976,1.308996938995747,False,2,0.08050875863792709,0.0032720252910014127
Wjets,SR2b,delta_phi,1.308996938995747,1.5707963267948966,False,3,-0.023005500498095327,0.0032425566391964464
Wjets,SR2b,delta_phi,1.5707963267948966,1.832595714594046,False,3,-0.20227599483389375,0.05428046390305979
Wjets,SR2b,delta_phi,1.832595714594046,2.0943951023931953,False,3,0.026369850680997148,0.0005046861247197691
Wjets,SR2b,delta_phi,2.0943951023931953,2.356194490192345,False,1,0.015660447762534953,0.000245249624123086
Wjets,SR2b,delta_phi,2.356194490192345,2.617993877991494,False,2,-0.0003815432943183941,0.00019360018796420186
Wjets,SR2b,delta_phi,2.617993877991494,2.8797932657906435,False,4,0.317373996876301,0.029266547733553083
Wjets,SR2b,delta_phi,2.8797932657906435,3.141592653589793,False,6,0.11410936806003677,0.003916364088358246
Wjets,SR2b,delta_eta,0.0,0.5,False,13,0.09586457812481583,0.048892106173052424
Wjets,SR2b,delta_eta,0.5,1.0,False,11,0.28432801771491145,0.020674433688683845
Wjets,SR2b,delta_eta,1.0,1.5,False,8,0.09441294295347506,0.007526357649506297
Wjets,SR2b,delta_eta,1.5,2.0,False,2,-0.22235167709495987,0.05391600738060212
Wjets,SR2b,delta_eta,2.0,2.5,False,3,0.0244688101580747,0.0007878108868252529
Wjets,SR2b,delta_eta,2.5,3.0,False,1,0.022247365652517254,0.0004949452784768042
Wjets,SR2b,delta_eta,3.0,3.5,False,1,0.03709400621587711,0.0013759652971435249
Wjets,SR2b,delta_eta,3.5,4.0,False,0,0.0,0.0
Wjets,SR2b,delta_eta,4.0,4.5,False,0,0.0,0.0
Wjets,SR2b,delta_eta,4.5,5.0,False,0,0.0,0.0
Wjets,SR2b,m_emu,0.0,25.0,False,1,0.034418773281814294,0.0011846519542249336
Wjets,SR2b,m_emu,25.0,50.0,False,1,-0.1791665092987761,0.03210063805430842
Wjets,SR2b,m_emu,50.0,75.0,False,2,0.043449805126612485,0.0018878855655406006
Wjets,SR2b,m_emu,75.0,100.0,False,4,0.05969720382382319,0.0013929951450038919
Wjets,SR2b,m_emu,100.0,125.0,False,3,0.03527112136424241,0.0026993780487320467
Wjets,SR2b,m_emu,125.0,150.0,False,2,0.03649009356680376,0.0007557718352742783
Wjets,SR2b,m_emu,150.0,200.0,False,9,0.09726041648000791,0.08297773004054308
Wjets,SR2b,m_emu,200.0,300.0,False,4,0.014857539994273791,0.0027316316386456936
Wjets,SR2b,m_emu,300.0,450.0,True,13,0.19378559938590975,0.00793694407201731
Wjets,SR2b,met,30.0,45.0,False,3,0.0730225417707326,0.0027172161098207056
Wjets,SR2b,met,45.0,60.0,False,7,0.1952688847951093,0.013797408456512745
Wjets,SR2b,met,60.0,80.0,False,7,-0.057743368617559354,0.03543257469567866
Wjets,SR2b,met,80.0,110.0,False,10,-0.07045355679335705,0.06193946373444634
Wjets,SR2b,met,110.0,150.0,False,5,0.029428088390743692,0.003340030018021192
Wjets,SR2b,met,150.0,200.0,False,3,0.16166698479236574,0.016200637024358158
Wjets,SR2b,met,200.0,300.0,True,4,0.004874469386676572,0.00024029631545248453
Wjets,SR2b,n_bjets,-0.5,0.5,False,0,0.0,0.0
Wjets,SR2b,n_bjets,0.5,1.5,False,0,0.0,0.0
Wjets,SR2b,n_bjets,1.5,2.5,False,35,0.13224215034399361,0.12051999358900489
Wjets,SR2b,n_bjets,2.5,3.5,False,4,0.20382189338071788,0.013147632765285355
Wjets,SR2b,n_bjets,3.5,4.5,True,0,0.0,0.0
Wjets,PRETAG,electron_pt,25.0,35.0,False,52,1.1289302654069395,4.137788627146289
Wjets,PRETAG,electron_pt,35.0,45.0,False,58,4.764268595999831,2.4078158574811206
Wjets,PRETAG,electron_pt,45.0,60.0,False,78,8.57867782053381,4.721981328838069
Wjets,PRETAG,electron_pt,60.0,80.0,False,96,4.668637881457783,7.5031268270583755
Wjets,PRETAG,electron_pt,80.0,110.0,False,100,7.057263365599031,6.941899730343834
Wjets,PRETAG,electron_pt,110.0,150.0,False,148,5.760845090000446,4.084252075073553
Wjets,PRETAG,electron_pt,150.0,200.0,False,338,10.541213952352422,3.8432819310007265
Wjets,PRETAG,electron_pt,200.0,300.0,True,1435,17.604916722565303,1.8691042007392702
Wjets,PRETAG,muon_pt,25.0,35.0,False,299,7.7936845204158525,9.710805105310715
Wjets,PRETAG,muon_pt,35.0,45.0,False,302,10.747604519706558,8.613153130645369
Wjets,PRETAG,muon_pt,45.0,60.0,False,370,7.578929112827948,5.387648304937358
Wjets,PRETAG,muon_pt,60.0,80.0,False,366,12.974286090313822,3.962917532396151
Wjets,PRETAG,muon_pt,80.0,110.0,False,333,11.179390498278217,4.080077204798055
Wjets,PRETAG,muon_pt,110.0,150.0,False,272,4.207163235720334,2.5181792108543677
Wjets,PRETAG,muon_pt,150.0,200.0,False,167,1.385019551911641,0.6036532260542801
Wjets,PRETAG,muon_pt,200.0,300.0,True,196,4.238676164741172,0.632816862684904
Wjets,PRETAG,n_jets,1.5,2.5,False,1291,42.63847660433204,25.38248010598018
Wjets,PRETAG,n_jets,2.5,3.5,False,582,11.402041449370664,8.501778071121349
Wjets,PRETAG,n_jets,3.5,4.5,False,278,4.534553331548809,1.274890213378057
Wjets,PRETAG,n_jets,4.5,5.5,False,112,1.5215525064365636,0.29517755384374544
Wjets,PRETAG,n_jets,5.5,6.5,False,35,-0.0836505706477921,0.05240994972227914
Wjets,PRETAG,n_jets,6.5,7.5,True,7,0.09178037287527219,0.0025146836356028657
Wjets,PRETAG,delta_phi,0.0,0.2617993877991494,False,168,3.180269627012078,0.9602288735806116
Wjets,PRETAG,delta_phi,0.2617993877991494,0.5235987755982988,False,161,3.2856712526760186,3.074231265374298
Wjets,PRETAG,delta_phi,0.5235987755982988,0.7853981633974483,False,175,3.9535183940348055,1.5275779761691821
Wjets,PRETAG,delta_phi,0.7853981633974483,1.0471975511965976,False,153,4.05306402097181,0.6857726494328105
Wjets,PRETAG,delta_phi,1.0471975511965976,1.308996938995747,False,141,3.3680904778985665,0.3770132808884089
Wjets,PRETAG,delta_phi,1.308996938995747,1.5707963267948966,False,157,3.0183749890223535,0.8249444953564674
Wjets,PRETAG,delta_phi,1.5707963267948966,1.832595714594046,False,155,3.364271516723515,7.77340506056844
Wjets,PRETAG,delta_phi,1.832595714594046,2.0943951023931953,False,182,3.924298906112098,1.821218109430391
Wjets,PRETAG,delta_phi,2.0943951023931953,2.356194490192345,False,191,4.375468819586347,2.044381102434293
Wjets,PRETAG,delta_phi,2.356194490192345,2.617993877991494,False,236,7.28884361966111,3.4430412479388433
Wjets,PRETAG,delta_phi,2.617993877991494,2.8797932657906435,False,272,10.294279334554409,6.663909888285176
Wjets,PRETAG,delta_phi,2.8797932657906435,3.141592653589793,False,314,9.998602735662397,6.31352662822229
Wjets,PRETAG,delta_eta,0.0,0.5,False,772,22.802333143617368,11.55251707498852
Wjets,PRETAG,delta_eta,0.5,1.0,False,594,16.00721847061222,9.634001987354232
Wjets,PRETAG,delta_eta,1.0,1.5,False,376,8.503677937639285,3.452744935725103
Wjets,PRETAG,delta_eta,1.5,2.0,False,210,6.940312564309322,5.817105117063114
Wjets,PRETAG,delta_eta,2.0,2.5,False,132,0.8210246720637757,3.5342145562472402
Wjets,PRETAG,delta_eta,2.5,3.0,False,93,0.22398323649244167,0.5880945263788067
Wjets,PRETAG,delta_eta,3.0,3.5,False,77,2.4001991384864234,0.5122839571313953
Wjets,PRETAG,delta_eta,3.5,4.0,False,37,1.8479486913359442,0.37301888687231743
Wjets,PRETAG,delta_eta,4.0,4.5,False,12,0.43050936998358913,0.03496459826554554
Wjets,PRETAG,delta_eta,4.5,5.0,False,2,0.12754646937515002,0.010304937654928903
Wjets,PRETAG,m_emu,0.0,25.0,False,28,0.4721160931468434,0.642279465906848
Wjets,PRETAG,m_emu,25.0,50.0,False,64,3.8401837170688955,2.934945911768171
Wjets,PRETAG,m_emu,50.0,75.0,False,122,5.176479172633569,2.8810899184681418
Wjets,PRETAG,m_emu,75.0,100.0,False,123,8.177279474293444,5.372105823081011
Wjets,PRETAG,m_emu,100.0,125.0,False,140,4.461129615899769,5.449432502461258
Wjets,PRETAG,m_emu,125.0,150.0,False,145,1.664578463053441,4.440252778957738
Wjets,PRETAG,m_emu,150.0,200.0,False,322,9.115683367890284,3.233623513729782
Wjets,PRETAG,m_emu,200.0,300.0,False,487,13.40026896749076,8.142198796758125
Wjets,PRETAG,m_emu,300.0,450.0,True,874,13.797034822438501,2.413321866550146
Wjets,PRETAG,met,30.0,45.0,False,335,13.941707802361238,9.044812084986738
Wjets,PRETAG,met,45.0,60.0,False,410,13.034901466730535,7.508426815999921
Wjets,PRETAG,met,60.0,80.0,False,463,8.263644065645787,9.172189448701195
Wjets,PRETAG,met,80.0,110.0,False,425,15.567081290393595,7.518609651253793
Wjets,PRETAG,met,110.0,150.0,False,280,3.717788068936879,1.3547271342122462
Wjets,PRETAG,met,150.0,200.0,False,143,3.1939855856769257,0.5557100427120585
Wjets,PRETAG,met,200.0,300.0,True,249,2.385645414170585,0.35477539981525485
Wjets,PRETAG,n_bjets,-0.5,0.5,False,1901,46.86960616950334,29.559919719222545
Wjets,PRETAG,n_bjets,0.5,1.5,False,365,12.899083480687526,5.81566323210439
Wjets,PRETAG,n_bjets,1.5,2.5,False,35,0.13224215034399311,0.12051999358900524
Wjets,PRETAG,n_bjets,2.5,3.5,False,4,0.20382189338071832,0.013147632765285522
Wjets,PRETAG,n_bjets,3.5,4.5,True,0,0.0,0.0
Wjets,ZEROb,electron_pt,25.0,35.0,False,43,0.8757854416147275,3.9516755790942364
Wjets,ZEROb,electron_pt,35.0,45.0,False,45,3.015823200935266,1.7441125006003264
Wjets,ZEROb,electron_pt,45.0,60.0,False,63,6.325390125754462,2.9358424529933806
Wjets,ZEROb,electron_pt,60.0,80.0,False,81,4.182265986952851,7.369561862376786
Wjets,ZEROb,electron_pt,80.0,110.0,False,74,4.404148837591123,4.5992315289341015
Wjets,ZEROb,electron_pt,110.0,150.0,False,120,4.393546707446244,3.888229734619361
Wjets,ZEROb,electron_pt,150.0,200.0,False,291,9.102895062466995,3.4611110225134833
Wjets,ZEROb,electron_pt,200.0,300.0,True,1184,14.569750806741645,1.6101550380908713
Wjets,ZEROb,muon_pt,25.0,35.0,False,251,5.78638783440297,9.065412116924438
Wjets,ZEROb,muon_pt,35.0,45.0,False,245,7.137643514042992,6.517953845106584
Wjets,ZEROb,muon_pt,45.0,60.0,False,313,6.228251521861392,4.0975268340805355
Wjets,ZEROb,muon_pt,60.0,80.0,False,293,10.35976450962894,3.0915263963174366
Wjets,ZEROb,muon_pt,80.0,110.0,False,273,9.031294366340608,3.4689824258976922
Wjets,ZEROb,muon_pt,110.0,150.0,False,228,3.4864249215097964,2.2968911485359134
Wjets,ZEROb,muon_pt,150.0,200.0,False,134,1.145202952496986,0.44274123192328674
Wjets,ZEROb,muon_pt,200.0,300.0,True,164,3.6946365492196316,0.5788857204366425
Wjets,ZEROb,n_jets,1.5,2.5,False,1110,36.552339285557125,22.98167678897618
Wjets,ZEROb,n_jets,2.5,3.5,False,468,5.929600459582302,5.415699027218981
Wjets,ZEROb,n_jets,3.5,4.5,False,206,3.118795159180498,0.9103759136624565
Wjets,ZEROb,n_jets,4.5,5.5,False,86,1.1363789134231148,0.21346880463346857
Wjets,ZEROb,n_jets,5.5,6.5,False,27,0.052128418650069466,0.036249046980871946
Wjets,ZEROb,n_jets,6.5,7.5,True,4,0.0803639331102064,0.002450137750578063
Wjets,ZEROb,delta_phi,0.0,0.2617993877991494,False,143,2.779814862184872,0.9337504547797375
Wjets,ZEROb,delta_phi,0.2617993877991494,0.5235987755982988,False,127,1.0890996939208475,1.0672754851388508
Wjets,ZEROb,delta_phi,0.5235987755982988,0.7853981633974483,False,145,3.1585261944202374,1.20385601437362
Wjets,ZEROb,delta_phi,0.7853981633974483,1.0471975511965976,False,131,3.3266470781264594,0.5379340654881396
Wjets,ZEROb,delta_phi,1.0471975511965976,1.308996938995747,False,113,2.4508384806910284,0.282930018881349
Wjets,ZEROb,delta_phi,1.308996938995747,1.5707963267948966,False,128,2.594916159643153,0.7003028555612126
Wjets,ZEROb,delta_phi,1.5707963267948966,1.832595714594046,False,126,2.816142287589021,6.592514370745801
Wjets,ZEROb,delta_phi,1.832595714594046,2.0943951023931953,False,147,2.6549861927957052,1.486194039496236
Wjets,ZEROb,delta_phi,2.0943951023931953,2.356194490192345,False,161,3.9525536010102407,1.9911677362284115
Wjets,ZEROb,delta_phi,2.356194490192345,2.617993877991494,False,201,6.000809933393014,3.294565395889166
Wjets,ZEROb,delta_phi,2.617993877991494,2.8797932657906435,False,223,8.219831940111156,6.185040322328545
Wjets,ZEROb,delta_phi,2.8797932657906435,3.141592653589793,False,256,7.825439745617574,5.284388960311455
Wjets,ZEROb,delta_eta,0.0,0.5,False,639,19.130503767906745,10.644895176414522
Wjets,ZEROb,delta_eta,0.5,1.0,False,482,10.031746605501318,5.997577680745525
Wjets,ZEROb,delta_eta,1.0,1.5,False,312,7.2288354488094,3.314042677233072
Wjets,ZEROb,delta_eta,1.5,2.0,False,178,7.093282657613944,5.483060119001593
Wjets,ZEROb,delta_eta,2.0,2.5,False,108,0.1180652061537687,2.9979844486900644
Wjets,ZEROb,delta_eta,2.5,3.0,False,77,-0.29436773631104235,0.5120994217460477
Wjets,ZEROb,delta_eta,3.0,3.5,False,62,1.4322310797853697,0.21825906151800356
Wjets,ZEROb,delta_eta,3.5,4.0,False,30,1.6305309955813918,0.35024544306542665
Wjets,ZEROb,delta_eta,4.0,4.5,False,11,0.37123167508726584,0.03145075315332391
Wjets,ZEROb,delta_eta,4.5,5.0,False,2,0.12754646937514957,0.010304937654928903
Wjets,ZEROb,m_emu,0.0,25.0,False,21,0.27125233271585203,0.5841803347628931
Wjets,ZEROb,m_emu,25.0,50.0,False,57,2.4867696169220848,1.3116870700862346
Wjets,ZEROb,m_emu,50.0,75.0,False,97,3.5798701301314124,2.286558546177475
Wjets,ZEROb,m_emu,75.0,100.0,False,99,7.423815848286206,5.2162985629840435
Wjets,ZEROb,m_emu,100.0,125.0,False,116,2.7258133230724915,4.870330239408197
Wjets,ZEROb,m_emu,125.0,150.0,False,118,0.24524472911919837,3.402555164057694
Wjets,ZEROb,m_emu,150.0,200.0,False,263,7.697802403507709,2.397111499292579
Wjets,ZEROb,m_emu,200.0,300.0,False,408,10.612289542175237,7.418874967928585
Wjets,ZEROb,m_emu,300.0,450.0,True,722,11.82674824357311,2.0723233345248335
Wjets,ZEROb,met,30.0,45.0,False,272,9.684846730411298,6.192461935212806
Wjets,ZEROb,met,45.0,60.0,False,336,11.067287611568034,6.719091751012815
Wjets,ZEROb,met,60.0,80.0,False,389,6.286934908995609,8.723655972915328
Wjets,ZEROb,met,80.0,110.0,False,347,12.508721213719475,5.853529354191007
Wjets,ZEROb,met,110.0,150.0,False,230,2.6930597656159945,1.2273520643833733
Wjets,ZEROb,met,150.0,200.0,False,121,2.6666008989259153,0.5194049531851028
Wjets,ZEROb,met,200.0,300.0,True,206,1.9621550402669645,0.3244236883220894
Wjets,ZEROb,n_bjets,-0.5,0.5,False,1901,46.86960616950334,29.559919719222556
Wjets,ZEROb,n_bjets,0.5,1.5,False,0,0.0,0.0
Wjets,ZEROb,n_bjets,1.5,2.5,False,0,0.0,0.0
Wjets,ZEROb,n_bjets,2.5,3.5,False,0,0.0,0.0
Wjets,ZEROb,n_bjets,3.5,4.5,True,0,0.0,0.0
Wjets,SS1b,electron_pt,25.0,35.0,False,13,1.879069826088167,1.7790406468080835
Wjets,SS1b,electron_pt,35.0,45.0,False,10,2.163903310602017,2.3040486958126722
Wjets,SS1b,electron_pt,45.0,60.0,False,5,-0.031438053033598395,0.06478579299131812
Wjets,SS1b,electron_pt,60.0,80.0,False,9,1.1767446822194496,0.5552480307100813
Wjets,SS1b,electron_pt,80.0,110.0,False,13,0.7313122489759266,0.09158574273680742
Wjets,SS1b,electron_pt,110.0,150.0,False,11,0.03380572854678904,0.20446715324154335
Wjets,SS1b,electron_pt,150.0,200.0,False,25,0.7952395533592033,0.13801841634211592
Wjets,SS1b,electron_pt,200.0,300.0,True,122,0.70390371441367,0.0672865567699441
Wjets,SS1b,muon_pt,25.0,35.0,False,20,0.4062750962033719,0.020772610607139343
Wjets,SS1b,muon_pt,35.0,45.0,False,30,4.063293090971772,4.684133048863387
Wjets,SS1b,muon_pt,45.0,60.0,False,35,1.163567834544819,0.28301387449330456
Wjets,SS1b,muon_pt,60.0,80.0,False,39,0.5733421172125488,0.06471068308958244
Wjets,SS1b,muon_pt,80.0,110.0,False,25,0.37727207924530837,0.020157288058750805
Wjets,SS1b,muon_pt,110.0,150.0,False,19,0.3555074034363628,0.04335764215670865
Wjets,SS1b,muon_pt,150.0,200.0,False,23,0.5490675417011247,0.03128757936968422
Wjets,SS1b,muon_pt,200.0,300.0,True,17,-0.03578415214367983,0.057048308774007066
Wjets,SS1b,n_jets,1.5,2.5,False,87,4.693669644693311,4.20853524471153
Wjets,SS1b,n_jets,2.5,3.5,False,62,2.0327303509284302,0.8964199938058103
Wjets,SS1b,n_jets,3.5,4.5,False,32,0.08433257190764379,0.018398241142077654
Wjets,SS1b,n_jets,4.5,5.5,False,19,0.5853002233634402,0.08041926208418897
Wjets,SS1b,n_jets,5.5,6.5,False,4,0.037546922467749516,0.0005576665191051455
Wjets,SS1b,n_jets,6.5,7.5,True,4,0.018961297811050937,0.0001506271498517009
Wjets,SS1b,delta_phi,0.0,0.2617993877991494,False,20,1.764036187184207,1.767504750318083
Wjets,SS1b,delta_phi,0.2617993877991494,0.5235987755982988,False,14,0.2066559022534478,0.006185547184287452
Wjets,SS1b,delta_phi,0.5235987755982988,0.7853981633974483,False,9,0.0666678851510122,0.0020783996685687497
Wjets,SS1b,delta_phi,0.7853981633974483,1.0471975511965976,False,9,0.15433060177413366,0.01488301044538108
Wjets,SS1b,delta_phi,1.0471975511965976,1.308996938995747,False,9,0.6445738227519386,0.3076250848460565
Wjets,SS1b,delta_phi,1.308996938995747,1.5707963267948966,False,14,-0.16737749600585972,0.19068888037604423
Wjets,SS1b,delta_phi,1.5707963267948966,1.832595714594046,False,17,0.1819316414670699,0.005989701455132182
Wjets,SS1b,delta_phi,1.832595714594046,2.0943951023931953,False,23,1.2802122385864552,0.5286129309621665
Wjets,SS1b,delta_phi,2.0943951023931953,2.356194490192345,False,13,0.40307739925033886,0.02092156265436806
Wjets,SS1b,delta_phi,2.356194490192345,2.617993877991494,False,25,0.6229383656116222,0.1277197119943288
Wjets,SS1b,delta_phi,2.617993877991494,2.8797932657906435,False,32,0.5347014797812866,0.13254988579364324
Wjets,SS1b,delta_phi,2.8797932657906435,3.141592653589793,False,23,1.7607929833659737,2.0997215697145037
Wjets,SS1b,delta_eta,0.0,0.5,False,62,2.7896052174329977,2.2372730161503904
Wjets,SS1b,delta_eta,0.5,1.0,False,45,0.24379761803171007,0.31651051546928927
Wjets,SS1b,delta_eta,1.0,1.5,False,31,1.7662097194345725,1.7927317156012537
Wjets,SS1b,delta_eta,1.5,2.0,False,21,1.094756866735389,0.32330991961677474
Wjets,SS1b,delta_eta,2.0,2.5,False,10,0.24376948214527022,0.017425738375906448
Wjets,SS1b,delta_eta,2.5,3.0,False,17,0.9712567163231044,0.5011837446231932
Wjets,SS1b,delta_eta,3.0,3.5,False,11,0.1867189604264018,0.004787311273814357
Wjets,SS1b,delta_eta,3.5,4.0,False,8,0.06928785191124387,0.0072979723194623
Wjets,SS1b,delta_eta,4.0,4.5,False,2,0.08326458818562954,0.003946094179732906
Wjets,SS1b,delta_eta,4.5,5.0,False,1,0.003873990545308459,1.5007802745437004e-05
Wjets,SS1b,m_emu,0.0,25.0,False,6,0.3407135465892003,0.03923748749752547
Wjets,SS1b,m_emu,25.0,50.0,False,7,1.4515394566905335,1.731205197317295
Wjets,SS1b,m_emu,50.0,75.0,False,7,0.09379526768459942,0.0014407835288773997
Wjets,SS1b,m_emu,75.0,100.0,False,11,1.5332277270359451,2.5237947327031924
Wjets,SS1b,m_emu,100.0,125.0,False,14,0.9263728097041769,0.1557140381434222
Wjets,SS1b,m_emu,125.0,150.0,False,11,0.22284406177095983,0.015671791836626474
Wjets,SS1b,m_emu,150.0,200.0,False,22,1.5138094240755815,0.5581046898673643
Wjets,SS1b,m_emu,200.0,300.0,False,37,0.339501095829752,0.05726748484180139
Wjets,SS1b,m_emu,300.0,450.0,True,93,1.0307376217908781,0.12204482967646231
Wjets,SS1b,met,30.0,45.0,False,28,0.114303125049018,0.3162295778737008
Wjets,SS1b,met,45.0,60.0,False,35,1.0648722862254916,0.12014028342576388
Wjets,SS1b,met,60.0,80.0,False,52,4.2449234010421755,3.9522285323047117
Wjets,SS1b,met,80.0,110.0,False,36,1.2258267513932017,0.5154352742205055
Wjets,SS1b,met,110.0,150.0,False,20,0.17435042031856154,0.06447799440099851
Wjets,SS1b,met,150.0,200.0,False,20,0.5963096908520035,0.21233423164340573
Wjets,SS1b,met,200.0,300.0,True,17,0.031955336291175,0.023635141543477328
Wjets,SS1b,n_bjets,-0.5,0.5,False,0,0.0,0.0
Wjets,SS1b,n_bjets,0.5,1.5,False,183,6.865692778467812,5.020405896894356
Wjets,SS1b,n_bjets,1.5,2.5,False,25,0.5868482327038133,0.18407513851820873
Wjets,SS1b,n_bjets,2.5,3.5,False,0,0.0,0.0
Wjets,SS1b,n_bjets,3.5,4.5,True,0,0.0,0.0
Zjets,SR1b,electron_pt,25.0,35.0,False,595,25.45929738527824,17.69344258767743
Zjets,SR1b,electron_pt,35.0,45.0,False,599,23.54261042499258,18.111650654583038
Zjets,SR1b,electron_pt,45.0,60.0,False,636,21.192289949636976,12.90287279553638
Zjets,SR1b,electron_pt,60.0,80.0,False,497,12.694101329844814,4.067779898457428
Zjets,SR1b,electron_pt,80.0,110.0,False,377,10.353243256388518,2.552033713592898
Zjets,SR1b,electron_pt,110.0,150.0,False,226,2.564534670612043,0.6368276731329021
Zjets,SR1b,electron_pt,150.0,200.0,False,139,1.6787485754549922,0.5471804990867651
Zjets,SR1b,electron_pt,200.0,300.0,True,166,0.8602347373570445,0.03646838457637823
Zjets,SR1b,muon_pt,25.0,35.0,False,731,33.47566876176234,29.09724837506239
Zjets,SR1b,muon_pt,35.0,45.0,False,664,28.36987032911791,10.706079651082089
Zjets,SR1b,muon_pt,45.0,60.0,False,583,16.23890197648557,10.521229961220298
Zjets,SR1b,muon_pt,60.0,80.0,False,484,8.107449174079306,3.1185757069052844
Zjets,SR1b,muon_pt,80.0,110.0,False,348,7.344680178811926,2.1279516989010303
Zjets,SR1b,muon_pt,110.0,150.0,False,202,2.9339860785958827,0.8000642511684193
Zjets,SR1b,muon_pt,150.0,200.0,False,101,1.134392733963702,0.06397277017280127
Zjets,SR1b,muon_pt,200.0,300.0,True,122,0.7401110967485932,0.11313379213092739
Zjets,SR1b,n_jets,1.5,2.5,False,1410,57.022423028835945,34.535250580762
Zjets,SR1b,n_jets,2.5,3.5,False,943,25.18197403236047,11.73272098017249
Zjets,SR1b,n_jets,3.5,4.5,False,516,10.884298906444107,9.606704520636905
Zjets,SR1b,n_jets,4.5,5.5,False,250,4.2076306730592785,0.582883905859344
Zjets,SR1b,n_jets,5.5,6.5,False,84,0.6625423068480091,0.07182848582341109
Zjets,SR1b,n_jets,6.5,7.5,True,32,0.3861913820173645,0.018867733389112556
Zjets,SR1b,delta_phi,0.0,0.2617993877991494,False,593,8.93498564064045,2.6151755481157952
Zjets,SR1b,delta_phi,0.2617993877991494,0.5235987755982988,False,669,12.974928420020083,2.116186239451551
Zjets,SR1b,delta_phi,0.5235987755982988,0.7853981633974483,False,587,13.629347542836344,3.463090378504414
Zjets,SR1b,delta_phi,0.7853981633974483,1.0471975511965976,False,422,16.73345553303307,4.900193257481038
Zjets,SR1b,delta_phi,1.0471975511965976,1.308996938995747,False,318,11.471758032252842,3.442942007826011
Zjets,SR1b,delta_phi,1.308996938995747,1.5707963267948966,False,178,11.295525741727557,5.846454769579802
Zjets,SR1b,delta_phi,1.5707963267948966,1.832595714594046,False,128,8.839195656154827,6.691950123462505
Zjets,SR1b,delta_phi,1.832595714594046,2.0943951023931953,False,102,5.437082521738983,2.546064023374793
Zjets,SR1b,delta_phi,2.0943951023931953,2.356194490192345,False,69,3.665497120131673,3.976651304737924
Zjets,SR1b,delta_phi,2.356194490192345,2.617993877991494,False,67,2.760365721584224,4.564939189643733
Zjets,SR1b,delta_phi,2.617993877991494,2.8797932657906435,False,53,3.7247781798153476,8.914014861971546
Zjets,SR1b,delta_phi,2.8797932657906435,3.141592653589793,False,49,-1.1218597803701982,7.470594502494148
Zjets,SR1b,delta_eta,0.0,0.5,False,1859,49.835391286588454,21.626253609071092
Zjets,SR1b,delta_eta,0.5,1.0,False,1054,37.84662359026227,24.822968896811982
Zjets,SR1b,delta_eta,1.0,1.5,False,263,10.92468251130207,7.099606147474396
Zjets,SR1b,delta_eta,1.5,2.0,False,35,-0.5055788350453565,2.3130503170720043
Zjets,SR1b,delta_eta,2.0,2.5,False,13,0.6712018454722398,0.10345093638472232
Zjets,SR1b,delta_eta,2.5,3.0,False,4,0.04363852007557889,0.0008745792375033298
Zjets,SR1b,delta_eta,3.0,3.5,False,6,-0.4899595829271165,0.5816883991054452
Zjets,SR1b,delta_eta,3.5,4.0,False,1,0.019060993837123296,0.00036332148605885235
Zjets,SR1b,delta_eta,4.0,4.5,False,0,0.0,0.0
Zjets,SR1b,delta_eta,4.5,5.0,False,0,0.0,0.0
Zjets,SR1b,m_emu,0.0,25.0,False,146,2.280052355761423,0.26083722046893043
Zjets,SR1b,m_emu,25.0,50.0,False,1301,32.474870521043876,8.713599786859323
Zjets,SR1b,m_emu,50.0,75.0,False,1379,55.54527461189325,31.04150082811634
Zjets,SR1b,m_emu,75.0,100.0,False,221,6.014903365921971,12.308870944578763
Zjets,SR1b,m_emu,100.0,125.0,False,55,1.7107072543991229,1.1549368256368477
Zjets,SR1b,m_emu,125.0,150.0,False,26,-0.6312503608026814,2.0241120001835413
Zjets,SR1b,m_emu,150.0,200.0,False,30,0.5638792738733002,0.22698031007434377
Zjets,SR1b,m_emu,200.0,300.0,False,34,0.27163093013227574,0.7748587261804392
Zjets,SR1b,m_emu,300.0,450.0,True,43,0.11499237734265416,0.042559564544720416
Zjets,SR1b,met,30.0,45.0,False,557,24.796398722103184,19.212789365796862
Zjets,SR1b,met,45.0,60.0,False,556,26.511937842576803,22.93683869437546
Zjets,SR1b,met,60.0,80.0,False,525,20.044872764757113,9.007083748201252
Zjets,SR1b,met,80.0,110.0,False,474,13.758098716462502,3.1093377942352682
Zjets,SR1b,met,110.0,150.0,False,404,7.15771176602145,1.5913779925014737
Zjets,SR1b,met,150.0,200.0,False,295,3.828918403257389,0.5310704404092617
Zjets,SR1b,met,200.0,300.0,True,424,2.2471221143867868,0.1597581711236281
Zjets,SR1b,n_bjets,-0.5,0.5,False,0,0.0,0.0
Zjets,SR1b,n_bjets,0.5,1.5,False,2898,88.11183238082285,44.14701511910427
Zjets,SR1b,n_bjets,1.5,2.5,False,316,9.131866770459657,12.214399490110313
Zjets,SR1b,n_bjets,2.5,3.5,False,20,1.0724686490024906,0.18600681918044143
Zjets,SR1b,n_bjets,3.5,4.5,True,1,0.028892529280206247,0.0008347782482047705
Zjets,SR2b,electron_pt,25.0,35.0,False,67,3.7507238499357767,3.4417775192965445
Zjets,SR2b,electron_pt,35.0,45.0,False,49,2.10038649945817,3.0441318390195984
Zjets,SR2b,electron_pt,45.0,60.0,False,75,0.949174475047069,4.939723704761757
Zjets,SR2b,electron_pt,60.0,80.0,False,51,1.1430103662609925,0.3564408537170392
Zjets,SR2b,electron_pt,80.0,110.0,False,38,1.129630927554089,0.1028566900370198
Zjets,SR2b,electron_pt,110.0,150.0,False,27,0.24661200858494614,0.088767831779272
Zjets,SR2b,electron_pt,150.0,200.0,False,13,0.7907632809235532,0.42359838210307893
Zjets,SR2b,electron_pt,200.0,300.0,True,17,0.12292654097777181,0.003944266824642807
Zjets,SR2b,muon_pt,25.0,35.0,False,66,2.962095925407436,8.811826437070344
Zjets,SR2b,muon_pt,35.0,45.0,False,71,3.117540547979898,1.0371514870363874
Zjets,SR2b,muon_pt,45.0,60.0,False,60,2.062681883577378,0.7091342704661785
Zjets,SR2b,muon_pt,60.0,80.0,False,57,-0.3422257771619921,1.4329032776421757
Zjets,SR2b,muon_pt,80.0,110.0,False,39,1.871432757669019,0.3706534125959741
Zjets,SR2b,muon_pt,110.0,150.0,False,24,0.2848089763437432,0.024517872394532736
Zjets,SR2b,muon_pt,150.0,200.0,False,7,0.20988724859336788,0.01308135139523782
Zjets,SR2b,muon_pt,200.0,300.0,True,13,0.06700638633351841,0.0019729789381222607
Zjets,SR2b,n_jets,1.5,2.5,False,99,4.074656764942115,5.3408565852784085
Zjets,SR2b,n_jets,2.5,3.5,False,109,3.4991876097926986,0.930573680947591
Zjets,SR2b,n_jets,3.5,4.5,False,70,1.4971894666057928,5.971566194213839
Zjets,SR2b,n_jets,4.5,5.5,False,33,0.8404400782624485,0.14950890000019257
Zjets,SR2b,n_jets,5.5,6.5,False,13,0.23927279963886705,0.007529419970560455
Zjets,SR2b,n_jets,6.5,7.5,True,13,0.08248122950044656,0.0012063071283627536
Zjets,SR2b,delta_phi,0.0,0.2617993877991494,False,73,1.7912280246164467,0.39417989092240663
Zjets,SR2b,delta_phi,0.2617993877991494,0.5235987755982988,False,65,1.4208178969558816,0.325395162182489
Zjets,SR2b,delta_phi,0.5235987755982988,0.7853981633974483,False,59,1.958692144895938,0.21592173548850416
Zjets,SR2b,delta_phi,0.7853981633974483,1.0471975511965976,False,43,1.4074058730988241,0.45145788101562473
Zjets,SR2b,delta_phi,1.0471975511965976,1.308996938995747,False,24,0.7259282220781731,0.1411090759601723
Zjets,SR2b,delta_phi,1.308996938995747,1.5707963267948966,False,20,2.4846679187100698,1.2056365860559937
Zjets,SR2b,delta_phi,1.5707963267948966,1.832595714594046,False,16,1.6951432789416008,2.423303222160885
Zjets,SR2b,delta_phi,1.832595714594046,2.0943951023931953,False,8,0.05297547190208547,0.15846599315999552
Zjets,SR2b,delta_phi,2.0943951023931953,2.356194490192345,False,10,1.3776165453642601,0.7465808682066815
Zjets,SR2b,delta_phi,2.356194490192345,2.617993877991494,False,7,-1.0994108057009493,1.7975456721036227
Zjets,SR2b,delta_phi,2.617993877991494,2.8797932657906435,False,7,0.6499177592234859,0.14708586106001587
Zjets,SR2b,delta_phi,2.8797932657906435,3.141592653589793,False,5,-2.231754381343445,4.394559139222557
Zjets,SR2b,delta_eta,0.0,0.5,False,173,5.092314895913928,3.6306810184823894
Zjets,SR2b,delta_eta,0.5,1.0,False,129,3.8278713772406325,6.631343730029437
Zjets,SR2b,delta_eta,1.0,1.5,False,30,1.2659185937305608,2.080555978082686
Zjets,SR2b,delta_eta,1.5,2.0,False,2,-0.09607526330888183,0.04560736197636658
Zjets,SR2b,delta_eta,2.0,2.5,False,2,0.13952243968011846,0.013039486686926227
Zjets,SR2b,delta_eta,2.5,3.0,False,1,0.0036759054860068703,1.3512281142055412e-05
Zjets,SR2b,delta_eta,3.0,3.5,False,0,0.0,0.0
Zjets,SR2b,delta_eta,3.5,4.0,False,0,0.0,0.0
Zjets,SR2b,delta_eta,4.0,4.5,False,0,0.0,0.0
Zjets,SR2b,delta_eta,4.5,5.0,False,0,0.0,0.0
Zjets,SR2b,m_emu,0.0,25.0,False,22,0.5534582589535634,0.0590860797440308
Zjets,SR2b,m_emu,25.0,50.0,False,123,3.283944042601545,0.6520908156480926
Zjets,SR2b,m_emu,50.0,75.0,False,145,7.440619446575862,5.331051513163059
Zjets,SR2b,m_emu,75.0,100.0,False,27,-1.5938527433844554,6.181394298646513
Zjets,SR2b,m_emu,100.0,125.0,False,6,0.32192630226107677,0.05296615418994819
Zjets,SR2b,m_emu,125.0,150.0,False,1,0.0007812819948567196,6.104015550789654e-07
Zjets,SR2b,m_emu,150.0,200.0,False,2,0.006642459990606975,3.8577212125578964e-05
Zjets,SR2b,m_emu,200.0,300.0,False,4,0.18681040246077552,0.1221810636674486
Zjets,SR2b,m_emu,300.0,450.0,True,7,0.03289849728854113,0.0024319748661753324
Zjets,SR2b,met,30.0,45.0,False,62,4.112583195303339,2.07426241722015
Zjets,SR2b,met,45.0,60.0,False,62,1.6623072025707188,7.493774387297639
Zjets,SR2b,met,60.0,80.0,False,40,1.051313931542653,2.3018438142350766
Zjets,SR2b,met,80.0,110.0,False,49,1.4748116129234101,0.18644387871127666
Zjets,SR2b,met,110.0,150.0,False,42,1.1904274843545302,0.24126834263633914
Zjets,SR2b,met,150.0,200.0,False,40,0.3994735000912892,0.07767792307411761
Zjets,SR2b,met,200.0,300.0,True,42,0.3423110219564321,0.02597032436435396
Zjets,SR2b,n_bjets,-0.5,0.5,False,0,0.0,0.0
Zjets,SR2b,n_bjets,0.5,1.5,False,0,0.0,0.0
Zjets,SR2b,n_bjets,1.5,2.5,False,316,9.13186677045966,12.2143994901103
Zjets,SR2b,n_bjets,2.5,3.5,False,20,1.0724686490025017,0.18600681918043588
Zjets,SR2b,n_bjets,3.5,4.5,True,1,0.0288925292802098,0.0008347782482083232
Zjets,PRETAG,electron_pt,25.0,35.0,False,4025,179.3684388875573,132.69259831078236
Zjets,PRETAG,electron_pt,35.0,45.0,False,3685,175.4083113585166,174.57772603079297
Zjets,PRETAG,electron_pt,45.0,60.0,False,3877,139.92648920988609,110.79070186709254
Zjets,PRETAG,electron_pt,60.0,80.0,False,3256,92.04497865459908,25.31294868727305
Zjets,PRETAG,electron_pt,80.0,110.0,False,2555,54.2791660847506,16.5250028816656
Zjets,PRETAG,electron_pt,110.0,150.0,False,1538,20.94611266859646,3.64244162926519
Zjets,PRETAG,electron_pt,150.0,200.0,False,991,8.396733405858205,1.798545711011344
Zjets,PRETAG,electron_pt,200.0,300.0,True,1220,6.985524414146985,2.5710176447993223
Zjets,PRETAG,muon_pt,25.0,35.0,False,5017,250.77257302171256,246.82404867424017
Zjets,PRETAG,muon_pt,35.0,45.0,False,4202,170.5590169040978,140.86195724106153
Zjets,PRETAG,muon_pt,45.0,60.0,False,3897,117.91131211269024,46.60730649098731
Zjets,PRETAG,muon_pt,60.0,80.0,False,2997,72.89556408242571,16.707658429358254
Zjets,PRETAG,muon_pt,80.0,110.0,False,2224,40.38010280195685,7.5687807021402635
Zjets,PRETAG,muon_pt,110.0,150.0,False,1302,13.296640291531393,5.436995280236168
Zjets,PRETAG,muon_pt,150.0,200.0,False,738,5.73432286141732,1.4183630221616905
Zjets,PRETAG,muon_pt,200.0,300.0,True,770,5.8062226080798744,2.485872922496227
Zjets,PRETAG,n_jets,1.5,2.5,False,11535,476.8081532224663,377.25999880333006
Zjets,PRETAG,n_jets,2.5,3.5,False,5775,140.15321616666375,70.30614977392526
Zjets,PRETAG,n_jets,3.5,4.5,False,2485,45.381551740872204,17.743953009357057
Zjets,PRETAG,n_jets,4.5,5.5,False,952,11.611179582490394,2.3616075702297725
Zjets,PRETAG,n_jets,5.5,6.5,False,298,2.391186546091144,0.19789213770793582
Zjets,PRETAG,n_jets,6.5,7.5,True,102,1.0104674253276515,0.04138146813171763
Zjets,PRETAG,delta_phi,0.0,0.2617993877991494,False,3775,61.80901809400958,11.148992954831185
Zjets,PRETAG,delta_phi,0.2617993877991494,0.5235987755982988,False,4354,69.65399499514876,13.22696331769715
Zjets,PRETAG,delta_phi,0.5235987755982988,0.7853981633974483,False,3871,88.12341966250551,15.59739088794413
Zjets,PRETAG,delta_phi,0.7853981633974483,1.0471975511965976,False,2808,96.20701282245348,22.799546878711606
Zjets,PRETAG,delta_phi,1.0471975511965976,1.308996938995747,False,1964,79.74458955137564,25.38093439050581
Zjets,PRETAG,delta_phi,1.308996938995747,1.5707963267948966,False,1217,64.16080149265277,25.06049335826359
Zjets,PRETAG,delta_phi,1.5707963267948966,1.832595714594046,False,817,52.245852990831956,28.884894750757688
Zjets,PRETAG,delta_phi,1.832595714594046,2.0943951023931953,False,621,42.21653900853036,110.85763010180465
Zjets,PRETAG,delta_phi,2.0943951023931953,2.356194490192345,False,449,39.745700499063936,44.23985667130753
Zjets,PRETAG,delta_phi,2.356194490192345,2.617993877991494,False,452,29.26691659209477,34.312398145314134
Zjets,PRETAG,delta_phi,2.617993877991494,2.8797932657906435,False,424,23.71644874402625,35.109583459473214
Zjets,PRETAG,delta_phi,2.8797932657906435,3.141592653589793,False,395,30.46546023121892,101.29229784607074
Zjets,PRETAG,delta_eta,0.0,0.5,False,12170,355.75239319385395,262.6860448389011
Zjets,PRETAG,delta_eta,0.5,1.0,False,6841,235.1077395996647,167.45062280326525
Zjets,PRETAG,delta_eta,1.0,1.5,False,1722,73.30973491054368,29.958548822433144
Zjets,PRETAG,delta_eta,1.5,2.0,False,243,10.376938194050329,6.859974045200907
Zjets,PRETAG,delta_eta,2.0,2.5,False,77,1.650567420300599,0.22772218936233588
Zjets,PRETAG,delta_eta,2.5,3.0,False,42,0.8052277755628893,0.07103096116704799
Zjets,PRETAG,delta_eta,3.0,3.5,False,34,0.01183731906359381,0.6373347512166532
Zjets,PRETAG,delta_eta,3.5,4.0,False,12,0.1598029206870616,0.007544797962572071
Zjets,PRETAG,delta_eta,4.0,4.5,False,5,0.1389535197501155,0.010348214005674304
Zjets,PRETAG,delta_eta,4.5,5.0,False,1,0.042559830434795276,0.001811339166638528
Zjets,PRETAG,m_emu,0.0,25.0,False,970,18.87361433707553,3.10147510127817
Zjets,PRETAG,m_emu,25.0,50.0,False,8536,198.06997105202075,46.891236332789134
Zjets,PRETAG,m_emu,50.0,75.0,False,8846,361.1904932921527,291.2148169833386
Zjets,PRETAG,m_emu,75.0,100.0,False,1409,71.44314927168905,104.9730448986019
Zjets,PRETAG,m_emu,100.0,125.0,False,322,8.360119864059108,8.68070795637657
Zjets,PRETAG,m_emu,125.0,150.0,False,201,8.81212163238151,4.60042440667299
Zjets,PRETAG,m_emu,150.0,200.0,False,243,5.589288587078515,2.070221646442906
Zjets,PRETAG,m_emu,200.0,300.0,False,241,1.5936476198833427,3.087351450726078
Zjets,PRETAG,m_emu,300.0,450.0,True,379,3.4233490275707643,3.2917039864551425
Zjets,PRETAG,met,30.0,45.0,False,3785,218.2406685451054,269.4385198681323
Zjets,PRETAG,met,45.0,60.0,False,3390,158.82726802927172,112.09981236142177
Zjets,PRETAG,met,60.0,80.0,False,3405,122.90482356004468,46.59792180554176
Zjets,PRETAG,met,80.0,110.0,False,3278,89.68903560924136,23.745143098155893
Zjets,PRETAG,met,110.0,150.0,False,2675,46.552859198366946,11.433766360916877
Zjets,PRETAG,met,150.0,200.0,False,1906,24.00800332058742,3.336664351834543
Zjets,PRETAG,met,200.0,300.0,True,2708,17.133096421294304,1.2591549166782632
Zjets,PRETAG,n_bjets,-0.5,0.5,False,17912,579.0106943543472,411.36272655603847
Zjets,PRETAG,n_bjets,0.5,1.5,False,2898,88.11183238082273,44.14701511910465
Zjets,PRETAG,n_bjets,1.5,2.5,False,316,9.131866770459585,12.214399490110344
Zjets,PRETAG,n_bjets,2.5,3.5,False,20,1.0724686490025048,0.18600681918044143
Zjets,PRETAG,n_bjets,3.5,4.5,True,1,0.028892529280213353,0.0008347782482047705
Zjets,ZEROb,electron_pt,25.0,35.0,False,3430,153.90914150227914,114.99915572310492
Zjets,ZEROb,electron_pt,35.0,45.0,False,3086,151.8657009335241,156.46607537620991
Zjets,ZEROb,electron_pt,45.0,60.0,False,3241,118.73419926024918,97.88782907155604
Zjets,ZEROb,electron_pt,60.0,80.0,False,2759,79.35087732475438,21.24516878881575
Zjets,ZEROb,electron_pt,80.0,110.0,False,2178,43.925922828362076,13.972969168072558
Zjets,ZEROb,electron_pt,110.0,150.0,False,1312,18.381577997984397,3.005613956132329
Zjets,ZEROb,electron_pt,150.0,200.0,False,852,6.717984830403239,1.251365211924562
Zjets,ZEROb,electron_pt,200.0,300.0,True,1054,6.125289676789937,2.5345492602229456
Zjets,ZEROb,muon_pt,25.0,35.0,False,4286,217.29690425995014,217.72680029917777
Zjets,ZEROb,muon_pt,35.0,45.0,False,3538,142.18914657498,130.15587758997935
Zjets,ZEROb,muon_pt,45.0,60.0,False,3314,101.6724101362049,36.08607652976706
Zjets,ZEROb,muon_pt,60.0,80.0,False,2513,64.78811490834647,13.589082722452856
Zjets,ZEROb,muon_pt,80.0,110.0,False,1876,33.035422623145045,5.440829003239277
Zjets,ZEROb,muon_pt,110.0,150.0,False,1100,10.362654212935492,4.636931029067726
Zjets,ZEROb,muon_pt,150.0,200.0,False,637,4.599930127453583,1.3543902519888522
Zjets,ZEROb,muon_pt,200.0,300.0,True,648,5.066111511331339,2.3727391303652565
Zjets,ZEROb,n_jets,1.5,2.5,False,10125,419.78573019363046,342.72474822256794
Zjets,ZEROb,n_jets,2.5,3.5,False,4832,114.97124213430328,58.5734287937526
Zjets,ZEROb,n_jets,3.5,4.5,False,1969,34.49725283442809,8.137248488720122
Zjets,ZEROb,n_jets,4.5,5.5,False,702,7.4035489094310165,1.7787236643703521
Zjets,ZEROb,n_jets,5.5,6.5,False,214,1.7286442392431287,0.12606365188453847
Zjets,ZEROb,n_jets,6.5,7.5,True,70,0.6242760433102887,0.022513734742615293
Zjets,ZEROb,delta_phi,0.0,0.2617993877991494,False,3182,52.87403245336915,8.53381740671539
Zjets,ZEROb,delta_phi,0.2617993877991494,0.5235987755982988,False,3685,56.67906657512872,11.110777078245592
Zjets,ZEROb,delta_phi,0.5235987755982988,0.7853981633974483,False,3284,74.49407211966908,12.1343005094397
Zjets,ZEROb,delta_phi,0.7853981633974483,1.0471975511965976,False,2386,79.47355728942037,17.899353621230574
Zjets,ZEROb,delta_phi,1.0471975511965976,1.308996938995747,False,1646,68.27283151912279,21.93799238267982
Zjets,ZEROb,delta_phi,1.308996938995747,1.5707963267948966,False,1039,52.86527575092532,19.21403858868377
Zjets,ZEROb,delta_phi,1.5707963267948966,1.832595714594046,False,689,43.40665733467712,22.192944627295184
Zjets,ZEROb,delta_phi,1.832595714594046,2.0943951023931953,False,519,36.77945648679127,108.31156607842985
Zjets,ZEROb,delta_phi,2.0943951023931953,2.356194490192345,False,380,36.08020337893219,40.263205366569565
Zjets,ZEROb,delta_phi,2.356194490192345,2.617993877991494,False,385,26.50655087051051,29.747458955670428
Zjets,ZEROb,delta_phi,2.617993877991494,2.8797932657906435,False,371,19.99167056421085,26.19556859750165
Zjets,ZEROb,delta_phi,2.8797932657906435,3.141592653589793,False,346,31.587320011589057,93.82170334357663
Zjets,ZEROb,delta_eta,0.0,0.5,False,10311,305.9170019072655,241.0597912298301
Zjets,ZEROb,delta_eta,0.5,1.0,False,5787,197.2611160094022,142.6276539064532
Zjets,ZEROb,delta_eta,1.0,1.5,False,1459,62.38505239924155,22.858942674958666
Zjets,ZEROb,delta_eta,1.5,2.0,False,208,10.88251702909567,4.546923728128883
Zjets,ZEROb,delta_eta,2.0,2.5,False,64,0.979365574828363,0.12427125297762062
Zjets,ZEROb,delta_eta,2.5,3.0,False,38,0.7615892554873105,0.07015638192954465
Zjets,ZEROb,delta_eta,3.0,3.5,False,28,0.5017969019907104,0.05564635211121159
Zjets,ZEROb,delta_eta,3.5,4.0,False,11,0.14074192684993825,0.007181476476513215
Zjets,ZEROb,delta_eta,4.0,4.5,False,5,0.1389535197501155,0.010348214005674304
Zjets,ZEROb,delta_eta,4.5,5.0,False,1,0.042559830434795276,0.001811339166638528
Zjets,ZEROb,m_emu,0.0,25.0,False,824,16.593561981314114,2.84063788080924
Zjets,ZEROb,m_emu,25.0,50.0,False,7235,165.59510053097696,38.17763654592983
Zjets,ZEROb,m_emu,50.0,75.0,False,7467,305.64521868025975,260.17331615522227
Zjets,ZEROb,m_emu,75.0,100.0,False,1188,65.42824590576699,92.66417395402307
Zjets,ZEROb,m_emu,100.0,125.0,False,267,6.649412609660037,7.525771130739739
Zjets,ZEROb,m_emu,125.0,150.0,False,175,9.44337199318417,2.5763124064894503
Zjets,ZEROb,m_emu,150.0,200.0,False,213,5.025409313205204,1.8432413363685611
Zjets,ZEROb,m_emu,200.0,300.0,False,207,1.3220166897510666,2.3124927245456277
Zjets,ZEROb,m_emu,300.0,450.0,True,336,3.30835665022812,3.2491444219104113
Zjets,ZEROb,met,30.0,45.0,False,3228,193.44426982300223,250.22573050233535
Zjets,ZEROb,met,45.0,60.0,False,2834,132.31533018669492,89.16297366704627
Zjets,ZEROb,met,60.0,80.0,False,2880,102.85995079528752,37.590838057340534
Zjets,ZEROb,met,80.0,110.0,False,2804,75.93093689277926,20.635805303920566
Zjets,ZEROb,met,110.0,150.0,False,2271,39.395147432345475,9.842388368415438
Zjets,ZEROb,met,150.0,200.0,False,1611,20.179084917330037,2.8055939114252273
Zjets,ZEROb,met,200.0,300.0,True,2284,14.885974306907467,1.0993967455544924
Zjets,ZEROb,n_bjets,-0.5,0.5,False,17912,579.0106943543465,411.36272655603847
Zjets,ZEROb,n_bjets,0.5,1.5,False,0,0.0,0.0
Zjets,ZEROb,n_bjets,1.5,2.5,False,0,0.0,0.0
Zjets,ZEROb,n_bjets,2.5,3.5,False,0,0.0,0.0
Zjets,ZEROb,n_bjets,3.5,4.5,True,0,0.0,0.0
Zjets,SS1b,electron_pt,25.0,35.0,False,4,0.21921400724542106,0.015861843974416714
Zjets,SS1b,electron_pt,35.0,45.0,False,13,0.4235390944725941,0.06852199497066525
Zjets,SS1b,electron_pt,45.0,60.0,False,9,-0.05207302255641884,0.043259558498340664
Zjets,SS1b,electron_pt,60.0,80.0,False,16,0.22274217580881817,0.022865363428369916
Zjets,SS1b,electron_pt,80.0,110.0,False,11,0.7973680993758647,0.21722698742699012
Zjets,SS1b,electron_pt,110.0,150.0,False,11,0.7778916241547775,0.34114252515495036
Zjets,SS1b,electron_pt,150.0,200.0,False,18,0.1861064482984901,0.008178939168822438
Zjets,SS1b,electron_pt,200.0,300.0,True,56,0.3664674357905708,0.01637807341648925
Zjets,SS1b,muon_pt,25.0,35.0,False,22,0.7129699783748034,0.34641031416270085
Zjets,SS1b,muon_pt,35.0,45.0,False,19,0.7381455294103666,0.056350201373248
Zjets,SS1b,muon_pt,45.0,60.0,False,18,0.09116737480399711,0.05820926565076405
Zjets,SS1b,muon_pt,60.0,80.0,False,17,0.45510493851792677,0.03641557025702527
Zjets,SS1b,muon_pt,80.0,110.0,False,27,0.19146194599763783,0.0453574261339945
Zjets,SS1b,muon_pt,110.0,150.0,False,18,0.2605072875105525,0.016398909715381913
Zjets,SS1b,muon_pt,150.0,200.0,False,5,0.4394997000436968,0.1705010726090675
Zjets,SS1b,muon_pt,200.0,300.0,True,12,0.05239910793113633,0.003792526136862679
Zjets,SS1b,n_jets,1.5,2.5,False,48,1.9308022238151472,0.5963465466667657
Zjets,SS1b,n_jets,2.5,3.5,False,50,0.8763549960573767,0.054374294839071996
Zjets,SS1b,n_jets,3.5,4.5,False,26,0.12968253985094869,0.07776289492827584
Zjets,SS1b,n_jets,4.5,5.5,False,11,-0.005784855072339286,0.004906451440346595
Zjets,SS1b,n_jets,5.5,6.5,False,1,0.006029010686661779,3.6348969859881924e-05
Zjets,SS1b,n_jets,6.5,7.5,True,2,0.004171947252322523,8.749194724691104e-06
Zjets,SS1b,delta_phi,0.0,0.2617993877991494,False,21,0.1088618253119273,0.024204848951199804
Zjets,SS1b,delta_phi,0.2617993877991494,0.5235987755982988,False,20,-0.043432013455907595,0.04841157578849432
Zjets,SS1b,delta_phi,0.5235987755982988,0.7853981633974483,False,14,0.3742508085083611,0.034612318284209
Zjets,SS1b,delta_phi,0.7853981633974483,1.0471975511965976,False,5,0.12164904218925222,0.00906123455945225
Zjets,SS1b,delta_phi,1.0471975511965976,1.308996938995747,False,13,0.2587034460998256,0.023395660859310982
Zjets,SS1b,delta_phi,1.308996938995747,1.5707963267948966,False,8,0.037116126964557954,0.001517340026018654
Zjets,SS1b,delta_phi,1.5707963267948966,1.832595714594046,False,6,0.19806885036992986,0.0097823653255121
Zjets,SS1b,delta_phi,1.832595714594046,2.0943951023931953,False,11,0.027132840418129925,0.027714456195323964
Zjets,SS1b,delta_phi,2.0943951023931953,2.356194490192345,False,10,0.7709867586346206,0.3285216145528326
Zjets,SS1b,delta_phi,2.356194490192345,2.617993877991494,False,5,0.0328733373121082,0.0006679633684879772
Zjets,SS1b,delta_phi,2.617993877991494,2.8797932657906435,False,14,0.55370480871398,0.17880823751569785
Zjets,SS1b,delta_phi,2.8797932657906435,3.141592653589793,False,11,0.5013400315233322,0.046737670612505146
Zjets,SS1b,delta_eta,0.0,0.5,False,50,0.9585125403464441,0.11060540951866285
Zjets,SS1b,delta_eta,0.5,1.0,False,45,0.36032403103558036,0.08494490281618831
Zjets,SS1b,delta_eta,1.0,1.5,False,14,0.6789908449994184,0.18908091716828784
Zjets,SS1b,delta_eta,1.5,2.0,False,11,0.7953607574762014,0.34524986296573146
Zjets,SS1b,delta_eta,2.0,2.5,False,5,0.05997049731308715,0.001870392918575982
Zjets,SS1b,delta_eta,2.5,3.0,False,5,0.0432621579597931,0.001142196130236059
Zjets,SS1b,delta_eta,3.0,3.5,False,5,0.025291943197304156,0.00031709865097593806
Zjets,SS1b,delta_eta,3.5,4.0,False,2,0.017940417193194363,0.0002219373094198803
Zjets,SS1b,delta_eta,4.0,4.5,False,1,0.0016026730690944454,2.5685609664006092e-06
Zjets,SS1b,delta_eta,4.5,5.0,False,0,0.0,0.0
Zjets,SS1b,m_emu,0.0,25.0,False,1,0.008454959079225765,7.148633303138219e-05
Zjets,SS1b,m_emu,25.0,50.0,False,13,0.029094711006876883,0.07090800974048692
Zjets,SS1b,m_emu,50.0,75.0,False,36,0.8284821801828832,0.08867667030526925
Zjets,SS1b,m_emu,75.0,100.0,False,18,0.18724168025356078,0.020895374191362077
Zjets,SS1b,m_emu,100.0,125.0,False,5,0.05298387115153183,0.001266489813271431
Zjets,SS1b,m_emu,125.0,150.0,False,3,0.00733479299938998,0.00042813498378222175
Zjets,SS1b,m_emu,150.0,200.0,False,12,0.7926982359229607,0.3366853967942786
Zjets,SS1b,m_emu,200.0,300.0,False,14,0.4345163868467852,0.03861847891492206
Zjets,SS1b,m_emu,300.0,450.0,True,36,0.600449045146903,0.17588524496264077
Zjets,SS1b,met,30.0,45.0,False,37,1.8073762057916711,0.5575895071333345
Zjets,SS1b,met,45.0,60.0,False,30,0.3577019354756104,0.03360942708759648
Zjets,SS1b,met,60.0,80.0,False,24,0.46674866694213457,0.09367184370834863
Zjets,SS1b,met,80.0,110.0,False,20,0.11655663115472209,0.03295828383628105
Zjets,SS1b,met,110.0,150.0,False,8,0.09022335685135709,0.013254055280782544
Zjets,SS1b,met,150.0,200.0,False,12,0.06538334698539384,0.0016937298015031069
Zjets,SS1b,met,200.0,300.0,True,7,0.03726571938922814,0.0006584391911983494
Zjets,SS1b,n_bjets,-0.5,0.5,False,0,0.0,0.0
Zjets,SS1b,n_bjets,0.5,1.5,False,123,2.473799915344441,0.4886215624216456
Zjets,SS1b,n_bjets,1.5,2.5,False,14,0.44190267915451087,0.2441607541072601
Zjets,SS1b,n_bjets,2.5,3.5,False,1,0.025553268091165066,0.0006529695101389547
Zjets,SS1b,n_bjets,3.5,4.5,True,0,0.0,0.0
ttV,SR1b,electron_pt,25.0,35.0,False,582,25.67301113621258,10.963097272930636
ttV,SR1b,electron_pt,35.0,45.0,False,729,33.34816955796139,15.34591339283605
ttV,SR1b,electron_pt,45.0,60.0,False,968,37.65812109806169,17.18101652972338
ttV,SR1b,electron_pt,60.0,80.0,False,1021,54.810556483697894,21.262394944474778
ttV,SR1b,electron_pt,80.0,110.0,False,864,34.55106098413232,17.91227379641311
ttV,SR1b,electron_pt,110.0,150.0,False,628,28.64110575207648,12.012602104806225
ttV,SR1b,electron_pt,150.0,200.0,False,330,15.678922151740846,4.60104506715867
ttV,SR1b,electron_pt,200.0,300.0,True,173,5.736035951547698,2.5237316498785596
ttV,SR1b,muon_pt,25.0,35.0,False,666,31.73263302722927,13.906558786757108
ttV,SR1b,muon_pt,35.0,45.0,False,771,44.05617159613569,17.378437045757288
ttV,SR1b,muon_pt,45.0,60.0,False,1003,52.493129799757824,20.659701933830604
ttV,SR1b,muon_pt,60.0,80.0,False,959,40.24778803685943,18.904206111410335
ttV,SR1b,muon_pt,80.0,110.0,False,816,30.743928987014478,14.550457180101388
ttV,SR1b,muon_pt,110.0,150.0,False,527,17.918904938065605,9.096183255992864
ttV,SR1b,muon_pt,150.0,200.0,False,304,10.445112191616094,4.299648656288894
ttV,SR1b,muon_pt,200.0,300.0,True,249,8.45931453875243,3.0068817880828886
ttV,SR1b,n_jets,1.5,2.5,False,1442,80.26073279930148,28.565856648111325
ttV,SR1b,n_jets,2.5,3.5,False,1650,71.97928044691439,31.175956258709057
ttV,SR1b,n_jets,3.5,4.5,False,1202,52.138525732457765,23.964508920778844
ttV,SR1b,n_jets,4.5,5.5,False,639,23.52706786890572,11.636656354781662
ttV,SR1b,n_jets,5.5,6.5,False,246,5.8047084037518575,4.582531672523179
ttV,SR1b,n_jets,6.5,7.5,True,116,2.3866678640996186,1.876564903317327
ttV,SR1b,delta_phi,0.0,0.2617993877991494,False,282,10.756426304409915,4.538077524124968
ttV,SR1b,delta_phi,0.2617993877991494,0.5235987755982988,False,292,12.397628633338432,5.707375612879395
ttV,SR1b,delta_phi,0.5235987755982988,0.7853981633974483,False,348,12.153910049954511,6.4078870082168855
ttV,SR1b,delta_phi,0.7853981633974483,1.0471975511965976,False,339,14.4908054369142,5.646637065652808
ttV,SR1b,delta_phi,1.0471975511965976,1.308996938995747,False,332,13.692020421920326,5.283916581292285
ttV,SR1b,delta_phi,1.308996938995747,1.5707963267948966,False,392,14.592436517369583,7.017887923033541
ttV,SR1b,delta_phi,1.5707963267948966,1.832595714594046,False,411,20.77953650766552,7.158153177495888
ttV,SR1b,delta_phi,1.832595714594046,2.0943951023931953,False,496,20.882210213838988,9.187854937155656
ttV,SR1b,delta_phi,2.0943951023931953,2.356194490192345,False,545,28.318942829662397,11.754789199122055
ttV,SR1b,delta_phi,2.356194490192345,2.617993877991494,False,560,24.948058063467233,11.873810553249378
ttV,SR1b,delta_phi,2.617993877991494,2.8797932657906435,False,642,32.87653756648119,14.489326872916967
ttV,SR1b,delta_phi,2.8797932657906435,3.141592653589793,False,656,30.208470570408718,12.736358303081529
ttV,SR1b,delta_eta,0.0,0.5,False,1547,61.35074821432927,28.112763931674735
ttV,SR1b,delta_eta,0.5,1.0,False,1265,60.46966258459791,21.832651170571072
ttV,SR1b,delta_eta,1.0,1.5,False,1067,49.997964009454265,20.00906204319187
ttV,SR1b,delta_eta,1.5,2.0,False,668,31.578650123383536,14.527947539335127
ttV,SR1b,delta_eta,2.0,2.5,False,420,15.929088892524565,8.592638009276374
ttV,SR1b,delta_eta,2.5,3.0,False,201,9.591566373079704,5.135861094598399
ttV,SR1b,delta_eta,3.0,3.5,False,82,5.701874504490378,2.597004426282922
ttV,SR1b,delta_eta,3.5,4.0,False,31,1.0953751375373422,0.6961568601467274
ttV,SR1b,delta_eta,4.0,4.5,False,13,0.4092872209928142,0.29724799538613994
ttV,SR1b,delta_eta,4.5,5.0,False,1,-0.02723394495891185,0.000741687758025078
ttV,SR1b,m_emu,0.0,25.0,False,84,4.851094445628355,1.6923084386565261
ttV,SR1b,m_emu,25.0,50.0,False,329,12.580097788537255,4.528030024912625
ttV,SR1b,m_emu,50.0,75.0,False,553,19.480149293788752,9.227756246451138
ttV,SR1b,m_emu,75.0,100.0,False,692,35.82233391934649,15.52245114956824
ttV,SR1b,m_emu,100.0,125.0,False,807,41.64497408536775,15.649775805961813
ttV,SR1b,m_emu,125.0,150.0,False,625,29.52352101347466,12.093072919328037
ttV,SR1b,m_emu,150.0,200.0,False,902,38.94074263136563,17.99233141834779
ttV,SR1b,m_emu,200.0,300.0,False,844,34.49604236495888,16.905779137526014
ttV,SR1b,m_emu,300.0,450.0,True,459,18.758027572963062,8.190569617469231
ttV,SR1b,met,30.0,45.0,False,576,25.88242048776952,11.193163611786845
ttV,SR1b,met,45.0,60.0,False,713,30.660823612846674,13.086963173309764
ttV,SR1b,met,60.0,80.0,False,945,47.6114220683616,18.4487326030326
ttV,SR1b,met,80.0,110.0,False,1125,50.831991767059456,24.332830466766296
ttV,SR1b,met,110.0,150.0,False,922,46.06114958684368,18.475576655788583
ttV,SR1b,met,150.0,200.0,False,549,20.489071755617246,10.2066216110176
ttV,SR1b,met,200.0,300.0,True,465,14.560103836932637,6.058186636519658
ttV,SR1b,n_bjets,-0.5,0.5,False,0,0.0,0.0
ttV,SR1b,n_bjets,0.5,1.5,False,3007,131.32904147571625,54.06844252285393
ttV,SR1b,n_bjets,1.5,2.5,False,2054,93.94911989245779,42.104384579505826
ttV,SR1b,n_bjets,2.5,3.5,False,214,10.090593310247609,4.699855309248986
ttV,SR1b,n_bjets,3.5,4.5,True,20,0.7282284370093199,0.929392346612717
ttV,SR2b,electron_pt,25.0,35.0,False,267,13.099150058319843,5.767138337268013
ttV,SR2b,electron_pt,35.0,45.0,False,330,16.990899825125155,8.204044500379586
ttV,SR2b,electron_pt,45.0,60.0,False,410,15.017905939670396,7.014193218903356
ttV,SR2b,electron_pt,60.0,80.0,False,470,23.22339928975432,9.785915345912503
ttV,SR2b,electron_pt,80.0,110.0,False,369,14.487954107831985,8.760904830350295
ttV,SR2b,electron_pt,110.0,150.0,False,237,11.616244195603578,4.92984801514933
ttV,SR2b,electron_pt,150.0,200.0,False,143,7.415383598532135,2.2770475632142415
ttV,SR2b,electron_pt,200.0,300.0,True,62,2.917004624877253,0.9945404241901444
ttV,SR2b,muon_pt,25.0,35.0,False,299,13.262679593429144,6.783422842914376
ttV,SR2b,muon_pt,35.0,45.0,False,332,17.8010425024881,6.916451586771217
ttV,SR2b,muon_pt,45.0,60.0,False,455,25.4376931929932,9.923591151565036
ttV,SR2b,muon_pt,60.0,80.0,False,411,20.528585692537703,9.513956345831073
ttV,SR2b,muon_pt,80.0,110.0,False,345,15.25060531600518,7.258570723619287
ttV,SR2b,muon_pt,110.0,150.0,False,229,6.155662288742448,4.309319339799873
ttV,SR2b,muon_pt,150.0,200.0,False,121,3.4219964410614394,1.8530663750158247
ttV,SR2b,muon_pt,200.0,300.0,True,96,2.909676612457447,1.1752538698508124
ttV,SR2b,n_jets,1.5,2.5,False,406,28.095206277894572,8.68170671100636
ttV,SR2b,n_jets,2.5,3.5,False,669,29.810517257333295,13.7734173402419
ttV,SR2b,n_jets,3.5,4.5,False,604,28.685475978938754,13.328718623858656
ttV,SR2b,n_jets,4.5,5.5,False,358,13.895751978615072,7.240797342234173
ttV,SR2b,n_jets,5.5,6.5,False,167,2.577386423805819,3.133753295350348
ttV,SR2b,n_jets,6.5,7.5,True,84,1.7036037231271497,1.5752389226760322
ttV,SR2b,delta_phi,0.0,0.2617993877991494,False,122,4.960739613119152,2.561776586292443
ttV,SR2b,delta_phi,0.2617993877991494,0.5235987755982988,False,127,4.885032856097786,2.7656900047241035
ttV,SR2b,delta_phi,0.5235987755982988,0.7853981633974483,False,138,4.441637556229882,3.21165058074888
ttV,SR2b,delta_phi,0.7853981633974483,1.0471975511965976,False,146,6.760611821762325,2.249287268808095
ttV,SR2b,delta_phi,1.0471975511965976,1.308996938995747,False,134,4.556216703508859,2.2630760045033522
ttV,SR2b,delta_phi,1.308996938995747,1.5707963267948966,False,165,7.588512620948531,3.979056072035989
ttV,SR2b,delta_phi,1.5707963267948966,1.832595714594046,False,172,8.179661007733204,2.796675216730025
ttV,SR2b,delta_phi,1.832595714594046,2.0943951023931953,False,218,10.361686892938579,4.665505229993844
ttV,SR2b,delta_phi,2.0943951023931953,2.356194490192345,False,237,14.056313379436137,5.864835637235567
ttV,SR2b,delta_phi,2.356194490192345,2.617993877991494,False,263,10.05111103048175,5.018110178233927
ttV,SR2b,delta_phi,2.617993877991494,2.8797932657906435,False,282,14.788909702412887,6.919062620514027
ttV,SR2b,delta_phi,2.8797932657906435,3.141592653589793,False,284,14.137508455045552,5.438906835547232
ttV,SR2b,delta_eta,0.0,0.5,False,675,30.732725497262685,13.775492877310233
ttV,SR2b,delta_eta,0.5,1.0,False,529,25.96946840280531,10.083107782068671
ttV,SR2b,delta_eta,1.0,1.5,False,473,20.843822629574635,8.762145272013653
ttV,SR2b,delta_eta,1.5,2.0,False,286,13.707240059219998,7.460538042193325
ttV,SR2b,delta_eta,2.0,2.5,False,187,7.116957832489259,3.724706433462633
ttV,SR2b,delta_eta,2.5,3.0,False,90,4.363141194176245,2.4269469041379255
ttV,SR2b,delta_eta,3.0,3.5,False,30,2.172970619622474,1.1202011333262485
ttV,SR2b,delta_eta,3.5,4.0,False,13,0.21199666156510366,0.2363339116549468
ttV,SR2b,delta_eta,4.0,4.5,False,5,-0.3503812570010345,0.1441598791998393
ttV,SR2b,delta_eta,4.5,5.0,False,0,0.0,0.0
ttV,SR2b,m_emu,0.0,25.0,False,42,2.8512091831306843,1.013639771295928
ttV,SR2b,m_emu,25.0,50.0,False,139,5.35711428310887,2.1249306170534865
ttV,SR2b,m_emu,50.0,75.0,False,242,8.07743368850792,3.9073380971423037
ttV,SR2b,m_emu,75.0,100.0,False,303,15.925206266797348,7.06545169521931
ttV,SR2b,m_emu,100.0,125.0,False,371,18.386401444411028,7.264354724524502
ttV,SR2b,m_emu,125.0,150.0,False,269,17.105044592343575,7.081474687808358
ttV,SR2b,m_emu,150.0,200.0,False,375,17.112685912590443,9.104650073393506
ttV,SR2b,m_emu,200.0,300.0,False,365,11.705566480305343,7.105263427033887
ttV,SR2b,m_emu,300.0,450.0,True,182,8.247279788519428,3.066529141896192
ttV,SR2b,met,30.0,45.0,False,252,10.290206869018139,5.257319338181278
ttV,SR2b,met,45.0,60.0,False,331,12.28209106753294,5.932606347141476
ttV,SR2b,met,60.0,80.0,False,396,20.739301602102913,8.551217325386359
ttV,SR2b,met,80.0,110.0,False,499,23.992121567910218,11.557261097968878
ttV,SR2b,met,110.0,150.0,False,398,23.072533616406382,9.34326302433602
ttV,SR2b,met,150.0,200.0,False,238,8.510041121432309,4.886215392727903
ttV,SR2b,met,200.0,300.0,True,174,5.881645795311787,2.2057497096255547
ttV,SR2b,n_bjets,-0.5,0.5,False,0,0.0,0.0
ttV,SR2b,n_bjets,0.5,1.5,False,0,0.0,0.0
ttV,SR2b,n_bjets,1.5,2.5,False,2054,93.94911989245772,42.10438457950578
ttV,SR2b,n_bjets,2.5,3.5,False,214,10.090593310247641,4.699855309248959
ttV,SR2b,n_bjets,3.5,4.5,True,20,0.7282284370093213,0.9293923466127239
ttV,PRETAG,electron_pt,25.0,35.0,False,701,31.75675241386225,13.439186651805414
ttV,PRETAG,electron_pt,35.0,45.0,False,847,38.815564244988806,17.88186365201404
ttV,PRETAG,electron_pt,45.0,60.0,False,1148,44.63988070522111,20.867022937698664
ttV,PRETAG,electron_pt,60.0,80.0,False,1222,64.30260993936886,24.8949908591526
ttV,PRETAG,electron_pt,80.0,110.0,False,1038,40.856036924546984,21.30432584147656
ttV,PRETAG,electron_pt,110.0,150.0,False,746,32.719746004390494,13.744129496235523
ttV,PRETAG,electron_pt,150.0,200.0,False,408,19.47139544559788,5.664180038836417
ttV,PRETAG,electron_pt,200.0,300.0,True,225,6.88949850005964,3.4792210727225688
ttV,PRETAG,muon_pt,25.0,35.0,False,774,36.94127459744265,16.044654620736726
ttV,PRETAG,muon_pt,35.0,45.0,False,933,52.035175403493234,20.334855314282816
ttV,PRETAG,muon_pt,45.0,60.0,False,1195,55.5600146240766,23.814656711037774
ttV,PRETAG,muon_pt,60.0,80.0,False,1141,48.15516856343751,22.635691451655333
ttV,PRETAG,muon_pt,80.0,110.0,False,966,39.46935537972563,17.53955275134306
ttV,PRETAG,muon_pt,110.0,150.0,False,652,23.067296829715584,11.537702338297828
ttV,PRETAG,muon_pt,150.0,200.0,False,367,13.408722627999241,5.716468650032979
ttV,PRETAG,muon_pt,200.0,300.0,True,307,10.814476152145724,3.6513387125552823
ttV,PRETAG,n_jets,1.5,2.5,False,1909,105.7970445613602,37.73973417142413
ttV,PRETAG,n_jets,2.5,3.5,False,1970,81.15347571624783,37.55562472371456
ttV,PRETAG,n_jets,3.5,4.5,False,1360,58.11253089548393,26.576002217140317
ttV,PRETAG,n_jets,4.5,5.5,False,709,25.6853183545957,12.825118105245839
ttV,PRETAG,n_jets,5.5,6.5,False,264,5.882344342905895,4.596486300086521
ttV,PRETAG,n_jets,6.5,7.5,True,123,2.8207703074426265,1.9819550323304342
ttV,PRETAG,delta_phi,0.0,0.2617993877991494,False,347,12.569262742988753,5.244600938470533
ttV,PRETAG,delta_phi,0.2617993877991494,0.5235987755982988,False,371,14.987222698658478,6.789036700323389
ttV,PRETAG,delta_phi,0.5235987755982988,0.7853981633974483,False,408,13.035098837587961,7.616810867136667
ttV,PRETAG,delta_phi,0.7853981633974483,1.0471975511965976,False,404,17.978278478246654,6.913011715351156
ttV,PRETAG,delta_phi,1.0471975511965976,1.308996938995747,False,406,17.542505703212612,6.515852795260161
ttV,PRETAG,delta_phi,1.308996938995747,1.5707963267948966,False,475,17.08097289782569,8.358130189639343
ttV,PRETAG,delta_phi,1.5707963267948966,1.832595714594046,False,475,22.41508995960311,7.8087559662054815
ttV,PRETAG,delta_phi,1.832595714594046,2.0943951023931953,False,578,23.315069869133666,10.860824485571213
ttV,PRETAG,delta_phi,2.0943951023931953,2.356194490192345,False,640,33.50649696247293,13.575068007838162
ttV,PRETAG,delta_phi,2.356194490192345,2.617993877991494,False,670,30.501517516944812,14.587094598932287
ttV,PRETAG,delta_phi,2.617993877991494,2.8797932657906435,False,757,40.36541466976851,17.684343910854853
ttV,PRETAG,delta_phi,2.8797932657906435,3.141592653589793,False,804,36.15455384159307,15.321390374358486
ttV,PRETAG,delta_eta,0.0,0.5,False,1838,72.26838889284109,33.104407378457935
ttV,PRETAG,delta_eta,0.5,1.0,False,1518,71.26690597104485,26.499515928029954
ttV,PRETAG,delta_eta,1.0,1.5,False,1262,56.44547968844777,23.31352849647387
ttV,PRETAG,delta_eta,1.5,2.0,False,817,39.75631210397606,17.86136630470659
ttV,PRETAG,delta_eta,2.0,2.5,False,501,19.211556725711983,10.326398571419542
ttV,PRETAG,delta_eta,2.5,3.0,False,239,10.327307013166875,5.482934790870006
ttV,PRETAG,delta_eta,3.0,3.5,False,104,7.397721820936143,3.114455813958827
ttV,PRETAG,delta_eta,3.5,4.0,False,42,2.3957586858773556,1.2743235828809105
ttV,PRETAG,delta_eta,4.0,4.5,False,13,0.40928722099281245,0.29724799538613994
ttV,PRETAG,delta_eta,4.5,5.0,False,1,-0.02723394495891185,0.000741687758025078
ttV,PRETAG,m_emu,0.0,25.0,False,101,5.439911665484571,1.8598285897570237
ttV,PRETAG,m_emu,25.0,50.0,False,399,14.476835699554073,5.470146815385673
ttV,PRETAG,m_emu,50.0,75.0,False,653,23.351571806566596,11.026878071265694
ttV,PRETAG,m_emu,75.0,100.0,False,820,40.68701260239179,17.664786360886
ttV,PRETAG,m_emu,100.0,125.0,False,938,47.25241099670331,18.528580556506558
ttV,PRETAG,m_emu,125.0,150.0,False,734,33.756956654804874,13.609055623909873
ttV,PRETAG,m_emu,150.0,200.0,False,1093,47.199627386191594,22.26066842762305
ttV,PRETAG,m_emu,200.0,300.0,False,1030,42.284479344027176,20.371176308011204
ttV,PRETAG,m_emu,300.0,450.0,True,567,25.00267802231208,10.483799796596722
ttV,PRETAG,met,30.0,45.0,False,678,30.86348176915129,13.117497145533271
ttV,PRETAG,met,45.0,60.0,False,845,36.37410417059544,15.286896808690658
ttV,PRETAG,met,60.0,80.0,False,1127,55.103433354142595,22.063181679007247
ttV,PRETAG,met,80.0,110.0,False,1354,61.10003478427448,29.384274250908433
ttV,PRETAG,met,110.0,150.0,False,1111,54.1286193219651,22.224221484643785
ttV,PRETAG,met,150.0,200.0,False,666,23.660050692727324,11.753450403824363
ttV,PRETAG,met,200.0,300.0,True,554,18.22176008517997,7.445398777334185
ttV,PRETAG,n_bjets,-0.5,0.5,False,1040,43.35450106260527,19.472845791720424
ttV,PRETAG,n_bjets,0.5,1.5,False,3007,131.32904147571628,54.068442522853985
ttV,PRETAG,n_bjets,1.5,2.5,False,2054,93.94911989245784,42.10438457950582
ttV,PRETAG,n_bjets,2.5,3.5,False,214,10.090593310247613,4.699855309248965
ttV,PRETAG,n_bjets,3.5,4.5,True,20,0.7282284370093315,0.9293923466127169
ttV,ZEROb,electron_pt,25.0,35.0,False,119,6.083741277649664,2.476089378874778
ttV,ZEROb,electron_pt,35.0,45.0,False,118,5.467394687027437,2.5359502591779934
ttV,ZEROb,electron_pt,45.0,60.0,False,180,6.981759607159438,3.6860064079753063
ttV,ZEROb,electron_pt,60.0,80.0,False,201,9.492053455671108,3.6325959146778146
ttV,ZEROb,electron_pt,80.0,110.0,False,174,6.304975940414607,3.39205204506347
ttV,ZEROb,electron_pt,110.0,150.0,False,118,4.078640252314041,1.7315273914293061
ttV,ZEROb,electron_pt,150.0,200.0,False,78,3.792473293856986,1.0631349716777436
ttV,ZEROb,electron_pt,200.0,300.0,True,52,1.153462548511977,0.9554894228440093
ttV,ZEROb,muon_pt,25.0,35.0,False,108,5.2086415702133735,2.138095833979619
ttV,ZEROb,muon_pt,35.0,45.0,False,162,7.9790038073575555,2.956418268525527
ttV,ZEROb,muon_pt,45.0,60.0,False,192,3.0668848243187963,3.154954777207163
ttV,ZEROb,muon_pt,60.0,80.0,False,182,7.907380526578089,3.731485340244958
ttV,ZEROb,muon_pt,80.0,110.0,False,150,8.725426392711116,2.989095571241709
ttV,ZEROb,muon_pt,110.0,150.0,False,125,5.148391891649933,2.441519082304957
ttV,ZEROb,muon_pt,150.0,200.0,False,63,2.963610436383166,1.4168199937440742
ttV,ZEROb,muon_pt,200.0,300.0,True,58,2.355161613393252,0.6444569244724153
ttV,ZEROb,n_jets,1.5,2.5,False,467,25.536311762058702,9.173877523312811
ttV,ZEROb,n_jets,2.5,3.5,False,320,9.174195269333364,6.3796684650054445
ttV,ZEROb,n_jets,3.5,4.5,False,158,5.974005163026112,2.6114932963614894
ttV,ZEROb,n_jets,4.5,5.5,False,70,2.158250485689963,1.1884617504642012
ttV,ZEROb,n_jets,5.5,6.5,False,18,0.07763593915406608,0.013954627563362888
ttV,ZEROb,n_jets,6.5,7.5,True,7,0.4341024433430454,0.10539012901311495
ttV,ZEROb,delta_phi,0.0,0.2617993877991494,False,65,1.812836438578839,0.7065234143455673
ttV,ZEROb,delta_phi,0.2617993877991494,0.5235987755982988,False,79,2.5895940653200467,1.0816610874439905
ttV,ZEROb,delta_phi,0.5235987755982988,0.7853981633974483,False,60,0.8811887876334469,1.208923858919783
ttV,ZEROb,delta_phi,0.7853981633974483,1.0471975511965976,False,65,3.4874730413324477,1.2663746496983488
ttV,ZEROb,delta_phi,1.0471975511965976,1.308996938995747,False,74,3.8504852812922854,1.2319362139678707
ttV,ZEROb,delta_phi,1.308996938995747,1.5707963267948966,False,83,2.488536380456134,1.3402422666057994
ttV,ZEROb,delta_phi,1.5707963267948966,1.832595714594046,False,64,1.6355534519376087,0.6506027887095965
ttV,ZEROb,delta_phi,1.832595714594046,2.0943951023931953,False,82,2.4328596552946995,1.6729695484155451
ttV,ZEROb,delta_phi,2.0943951023931953,2.356194490192345,False,95,5.187554132810515,1.8202788087161277
ttV,ZEROb,delta_phi,2.356194490192345,2.617993877991494,False,110,5.553459453477533,2.713284045682926
ttV,ZEROb,delta_phi,2.617993877991494,2.8797932657906435,False,115,7.488877103287322,3.195017037937887
ttV,ZEROb,delta_phi,2.8797932657906435,3.141592653589793,False,148,5.946083271184388,2.58503207127698
ttV,ZEROb,delta_eta,0.0,0.5,False,291,10.917640678511829,4.991643446783212
ttV,ZEROb,delta_eta,0.5,1.0,False,253,10.797243386446947,4.666864757458853
ttV,ZEROb,delta_eta,1.0,1.5,False,195,6.447515678993586,3.3044664532820076
ttV,ZEROb,delta_eta,1.5,2.0,False,149,8.177661980592466,3.3334187653714795
ttV,ZEROb,delta_eta,2.0,2.5,False,81,3.282467833187403,1.7337605621431589
ttV,ZEROb,delta_eta,2.5,3.0,False,38,0.7357406400871962,0.34707369627161944
ttV,ZEROb,delta_eta,3.0,3.5,False,22,1.6958473164457712,0.5174513876758999
ttV,ZEROb,delta_eta,3.5,4.0,False,11,1.3003835483400752,0.5781667227341922
ttV,ZEROb,delta_eta,4.0,4.5,False,0,0.0,0.0
ttV,ZEROb,delta_eta,4.5,5.0,False,0,0.0,0.0
ttV,ZEROb,m_emu,0.0,25.0,False,17,0.588817219856217,0.1675201511004977
ttV,ZEROb,m_emu,25.0,50.0,False,70,1.8967379110168172,0.9421167904730482
ttV,ZEROb,m_emu,50.0,75.0,False,100,3.871422512777857,1.7991218248145584
ttV,ZEROb,m_emu,75.0,100.0,False,128,4.864678683045325,2.142335211317755
ttV,ZEROb,m_emu,100.0,125.0,False,131,5.607436911335538,2.8788047505447465
ttV,ZEROb,m_emu,125.0,150.0,False,109,4.233435641330227,1.515982704581865
ttV,ZEROb,m_emu,150.0,200.0,False,191,8.258884754825944,4.26833700927525
ttV,ZEROb,m_emu,200.0,300.0,False,186,7.788436979068315,3.465397170485197
ttV,ZEROb,m_emu,300.0,450.0,True,108,6.24465044934904,2.2932301791275007
ttV,ZEROb,met,30.0,45.0,False,102,4.981061281381778,1.9243335337464267
ttV,ZEROb,met,45.0,60.0,False,132,5.7132805577487655,2.199933635380892
ttV,ZEROb,met,60.0,80.0,False,182,7.492011285780974,3.6144490759746426
ttV,ZEROb,met,80.0,110.0,False,229,10.268043017215003,5.051443784142111
ttV,ZEROb,met,110.0,150.0,False,189,8.067469735121364,3.7486448288551553
ttV,ZEROb,met,150.0,200.0,False,117,3.1709789371101182,1.5468287928067344
ttV,ZEROb,met,200.0,300.0,True,89,3.66165624824727,1.3872121408144642
ttV,ZEROb,n_bjets,-0.5,0.5,False,1040,43.35450106260525,19.472845791720427
ttV,ZEROb,n_bjets,0.5,1.5,False,0,0.0,0.0
ttV,ZEROb,n_bjets,1.5,2.5,False,0,0.0,0.0
ttV,ZEROb,n_bjets,2.5,3.5,False,0,0.0,0.0
ttV,ZEROb,n_bjets,3.5,4.5,True,0,0.0,0.0
ttV,SS1b,electron_pt,25.0,35.0,False,338,12.105854484644768,3.6246378891078006
ttV,SS1b,electron_pt,35.0,45.0,False,444,14.69983067146301,4.437867090125885
ttV,SS1b,electron_pt,45.0,60.0,False,599,16.17130593370784,6.93439971750903
ttV,SS1b,electron_pt,60.0,80.0,False,606,18.49076674216915,6.01854033477786
ttV,SS1b,electron_pt,80.0,110.0,False,555,15.09591901264189,5.834259753436094
ttV,SS1b,electron_pt,110.0,150.0,False,359,11.101604281226292,3.908090751888774
ttV,SS1b,electron_pt,150.0,200.0,False,213,7.112497896562615,2.165282406926436
ttV,SS1b,electron_pt,200.0,300.0,True,155,5.628577377480424,2.464400660011289
ttV,SS1b,muon_pt,25.0,35.0,False,417,14.29823803953257,5.316144748247401
ttV,SS1b,muon_pt,35.0,45.0,False,485,14.466634961325557,5.966499146639923
ttV,SS1b,muon_pt,45.0,60.0,False,542,17.939607097326387,6.20235109845037
ttV,SS1b,muon_pt,60.0,80.0,False,561,17.540293213868043,5.829073989977793
ttV,SS1b,muon_pt,80.0,110.0,False,507,16.89621322905132,5.717592631617885
ttV,SS1b,muon_pt,110.0,150.0,False,348,9.472962185906708,2.4745753080900785
ttV,SS1b,muon_pt,150.0,200.0,False,235,5.676524572047871,2.6905979015551322
ttV,SS1b,muon_pt,200.0,300.0,True,174,4.115883100837538,1.1906437792046232
ttV,SS1b,n_jets,1.5,2.5,False,848,34.459087539014014,11.902301995219505
ttV,SS1b,n_jets,2.5,3.5,False,991,32.87593810976049,12.524667974657566
ttV,SS1b,n_jets,3.5,4.5,False,768,20.899065391770947,7.618129617107106
ttV,SS1b,n_jets,4.5,5.5,False,426,7.976457314336459,2.1517392027360747
ttV,SS1b,n_jets,5.5,6.5,False,186,3.667300720114395,1.0936800625533902
ttV,SS1b,n_jets,6.5,7.5,True,50,0.5285073248996521,0.09695975150955981
ttV,SS1b,delta_phi,0.0,0.2617993877991494,False,178,5.588226629620788,1.9845997267731008
ttV,SS1b,delta_phi,0.2617993877991494,0.5235987755982988,False,193,5.836214716069717,2.6932802976195465
ttV,SS1b,delta_phi,0.5235987755982988,0.7853981633974483,False,205,7.898135323734585,2.350436952522148
ttV,SS1b,delta_phi,0.7853981633974483,1.0471975511965976,False,201,3.3141758815401174,2.1874877877343826
ttV,SS1b,delta_phi,1.0471975511965976,1.308996938995747,False,233,5.405447766495968,2.344670995537276
ttV,SS1b,delta_phi,1.308996938995747,1.5707963267948966,False,264,9.19984735076767,3.4672879309576157
ttV,SS1b,delta_phi,1.5707963267948966,1.832595714594046,False,265,9.145100072863718,2.743344067674938
ttV,SS1b,delta_phi,1.832595714594046,2.0943951023931953,False,299,9.331340061656622,2.81454769361374
ttV,SS1b,delta_phi,2.0943951023931953,2.356194490192345,False,320,10.13664554417048,2.950362529028228
ttV,SS1b,delta_phi,2.356194490192345,2.617993877991494,False,341,9.850588136509664,3.409194828640998
ttV,SS1b,delta_phi,2.617993877991494,2.8797932657906435,False,373,13.527655048036463,4.047831761444541
ttV,SS1b,delta_phi,2.8797932657906435,3.141592653589793,False,397,11.172979868430213,4.394434032236679
ttV,SS1b,delta_eta,0.0,0.5,False,978,28.79252770576065,10.428666734573547
ttV,SS1b,delta_eta,0.5,1.0,False,821,25.421316314931765,8.115681036944252
ttV,SS1b,delta_eta,1.0,1.5,False,612,20.799593130163064,6.581563280590856
ttV,SS1b,delta_eta,1.5,2.0,False,440,14.804909638338758,4.58499537104079
ttV,SS1b,delta_eta,2.0,2.5,False,240,5.623193163831141,2.546057931293342
ttV,SS1b,delta_eta,2.5,3.0,False,125,2.5546865575707614,2.254151647258711
ttV,SS1b,delta_eta,3.0,3.5,False,37,1.4612999620977842,0.6538723551868764
ttV,SS1b,delta_eta,3.5,4.0,False,14,0.892933596939613,0.22090906446255404
ttV,SS1b,delta_eta,4.0,4.5,False,2,0.05589633026246332,0.0015811824322590207
ttV,SS1b,delta_eta,4.5,5.0,False,0,0.0,0.0
ttV,SS1b,m_emu,0.0,25.0,False,43,0.9778034060907262,0.22463137440536343
ttV,SS1b,m_emu,25.0,50.0,False,208,4.030471211095384,1.6628822940076866
ttV,SS1b,m_emu,50.0,75.0,False,331,16.035040600699723,4.78106070791846
ttV,SS1b,m_emu,75.0,100.0,False,476,15.142500195272206,5.718850254430403
ttV,SS1b,m_emu,100.0,125.0,False,427,9.405102378729076,3.9388050253134095
ttV,SS1b,m_emu,125.0,150.0,False,411,12.935799910016868,3.796280857625347
ttV,SS1b,m_emu,150.0,200.0,False,547,16.689260670449105,5.602919700894189
ttV,SS1b,m_emu,200.0,300.0,False,508,16.153609240869542,5.306714516263487
ttV,SS1b,m_emu,300.0,450.0,True,318,9.036768786673342,4.3553338729248425
ttV,SS1b,met,30.0,45.0,False,405,12.642304625884153,4.5627102315301595
ttV,SS1b,met,45.0,60.0,False,457,11.818225724001055,4.019335846430413
ttV,SS1b,met,60.0,80.0,False,588,20.444269917318067,7.518026235059035
ttV,SS1b,met,80.0,110.0,False,672,19.64083898350884,5.738438661220832
ttV,SS1b,met,110.0,150.0,False,591,19.827298665103534,6.540853499320157
ttV,SS1b,met,150.0,200.0,False,316,10.753184738260398,4.052621285568689
ttV,SS1b,met,200.0,300.0,True,240,5.28023374581989,2.9554928446539073
ttV,SS1b,n_bjets,-0.5,0.5,False,0,0.0,0.0
ttV,SS1b,n_bjets,0.5,1.5,False,1883,64.67268124921941,22.580065996663013
ttV,SS1b,n_bjets,1.5,2.5,False,1237,31.411363169654525,11.48084133593277
ttV,SS1b,n_bjets,2.5,3.5,False,142,4.298060500501764,1.3209439803958403
ttV,SS1b,n_bjets,3.5,4.5,True,7,0.024251480520291135,0.005627290791538342
HWW,SR1b,electron_pt,25.0,35.0,False,41,4.686836941579836,1.0079934242755617
HWW,SR1b,electron_pt,35.0,45.0,False,39,3.1902723141254983,0.6586032540984463
HWW,SR1b,electron_pt,45.0,60.0,False,32,2.9303950986230887,0.6999739351354479
HWW,SR1b,electron_pt,60.0,80.0,False,36,3.326136137998266,0.71098837097565
HWW,SR1b,electron_pt,80.0,110.0,False,24,2.774844044190382,0.6296978939484339
HWW,SR1b,electron_pt,110.0,150.0,False,11,0.8088251740694878,0.17131645236457987
HWW,SR1b,electron_pt,150.0,200.0,False,5,0.4106382607592991,0.11998116205117162
HWW,SR1b,electron_pt,200.0,300.0,True,2,0.024734415389222164,0.0003108856489588037
HWW,SR1b,muon_pt,25.0,35.0,False,44,2.955633342077852,0.6301218283270567
HWW,SR1b,muon_pt,35.0,45.0,False,38,3.614495524834479,0.8309020827726662
HWW,SR1b,muon_pt,45.0,60.0,False,33,3.5768738462873437,0.7908266155265433
HWW,SR1b,muon_pt,60.0,80.0,False,37,3.960168920763037,0.8976595213130778
HWW,SR1b,muon_pt,80.0,110.0,False,25,2.980419890002642,0.6570415100460665
HWW,SR1b,muon_pt,110.0,150.0,False,10,0.8017359414406764,0.13391714682475364
HWW,SR1b,muon_pt,150.0,200.0,False,1,0.24102995257533166,0.05809543803846662
HWW,SR1b,muon_pt,200.0,300.0,True,2,0.022324968753717256,0.0003012356496199242
HWW,SR1b,n_jets,1.5,2.5,False,131,10.269303377414902,2.1400739229293624
HWW,SR1b,n_jets,2.5,3.5,False,50,6.76177173000022,1.6115519106319256
HWW,SR1b,n_jets,3.5,4.5,False,6,0.5159621081218837,0.11216449163174977
HWW,SR1b,n_jets,4.5,5.5,False,3,0.6056451711980735,0.1350750533052123
HWW,SR1b,n_jets,5.5,6.5,False,0,0.0,0.0
HWW,SR1b,n_jets,6.5,7.5,True,0,0.0,0.0
HWW,SR1b,delta_phi,0.0,0.2617993877991494,False,55,5.950986089571608,1.3216638796602775
HWW,SR1b,delta_phi,0.2617993877991494,0.5235987755982988,False,60,6.3143302629396665,1.3760046681339155
HWW,SR1b,delta_phi,0.5235987755982988,0.7853981633974483,False,36,2.5196444888842837,0.5747976859716338
HWW,SR1b,delta_phi,0.7853981633974483,1.0471975511965976,False,17,1.4785776231387104,0.30083004970635235
HWW,SR1b,delta_phi,1.0471975511965976,1.308996938995747,False,13,1.4147763889885014,0.34822084191390634
HWW,SR1b,delta_phi,1.308996938995747,1.5707963267948966,False,5,0.07516483569952648,0.00117880763695195
HWW,SR1b,delta_phi,1.5707963267948966,1.832595714594046,False,2,0.26976757111724003,0.06248562359600969
HWW,SR1b,delta_phi,1.832595714594046,2.0943951023931953,False,0,0.0,0.0
HWW,SR1b,delta_phi,2.0943951023931953,2.356194490192345,False,2,0.12943512639553623,0.013683821879202113
HWW,SR1b,delta_phi,2.356194490192345,2.617993877991494,False,0,0.0,0.0
HWW,SR1b,delta_phi,2.617993877991494,2.8797932657906435,False,0,0.0,0.0
HWW,SR1b,delta_phi,2.8797932657906435,3.141592653589793,False,0,0.0,0.0
HWW,SR1b,delta_eta,0.0,0.5,False,134,12.012072316545035,2.551317661581483
HWW,SR1b,delta_eta,0.5,1.0,False,51,5.471866713835721,1.2463714019388923
HWW,SR1b,delta_eta,1.0,1.5,False,5,0.6687433563543295,0.2011763149778772
HWW,SR1b,delta_eta,1.5,2.0,False,0,0.0,0.0
HWW,SR1b,delta_eta,2.0,2.5,False,0,0.0,0.0
HWW,SR1b,delta_eta,2.5,3.0,False,0,0.0,0.0
HWW,SR1b,delta_eta,3.0,3.5,False,0,0.0,0.0
HWW,SR1b,delta_eta,3.5,4.0,False,0,0.0,0.0
HWW,SR1b,delta_eta,4.0,4.5,False,0,0.0,0.0
HWW,SR1b,delta_eta,4.5,5.0,False,0,0.0,0.0
HWW,SR1b,m_emu,0.0,25.0,False,48,5.132435404532772,1.10151651902542
HWW,SR1b,m_emu,25.0,50.0,False,100,8.381439360891296,1.8208830284467599
HWW,SR1b,m_emu,50.0,75.0,False,41,4.6210631589366935,1.0761509650811172
HWW,SR1b,m_emu,75.0,100.0,False,1,0.01774446237432037,0.00031486594495367184
HWW,SR1b,m_emu,100.0,125.0,False,0,0.0,0.0
HWW,SR1b,m_emu,125.0,150.0,False,0,0.0,0.0
HWW,SR1b,m_emu,150.0,200.0,False,0,0.0,0.0
HWW,SR1b,m_emu,200.0,300.0,False,0,0.0,0.0
HWW,SR1b,m_emu,300.0,450.0,True,0,0.0,0.0
HWW,SR1b,met,30.0,45.0,False,44,4.553680401784501,1.01395122131794
HWW,SR1b,met,45.0,60.0,False,45,3.6244989559504135,0.7385018991614842
HWW,SR1b,met,60.0,80.0,False,41,4.215940773087291,0.9572748112352985
HWW,SR1b,met,80.0,110.0,False,37,3.3153562615125223,0.7493443176911995
HWW,SR1b,met,110.0,150.0,False,12,1.6870541141484132,0.37518221452479433
HWW,SR1b,met,150.0,200.0,False,6,0.2834639239533807,0.05045525837167399
HWW,SR1b,met,200.0,300.0,True,5,0.4726879562985571,0.11415565619586064
HWW,SR1b,n_bjets,-0.5,0.5,False,0,0.0,0.0
HWW,SR1b,n_bjets,0.5,1.5,False,168,16.069189011298,3.55395606445796
HWW,SR1b,n_bjets,1.5,2.5,False,22,2.0834933754370835,0.4449093140402915
HWW,SR1b,n_bjets,2.5,3.5,False,0,0.0,0.0
HWW,SR1b,n_bjets,3.5,4.5,True,0,0.0,0.0
HWW,SR2b,electron_pt,25.0,35.0,False,8,0.9719789316479912,0.2128439225674548
HWW,SR2b,electron_pt,35.0,45.0,False,2,0.032261702311985566,0.0005266710343357696
HWW,SR2b,electron_pt,45.0,60.0,False,5,0.3238491644771854,0.07315899428749661
HWW,SR2b,electron_pt,60.0,80.0,False,2,0.26877301044502466,0.06239362662574
HWW,SR2b,electron_pt,80.0,110.0,False,1,0.2074911396523138,0.043052573034216
HWW,SR2b,electron_pt,110.0,150.0,False,2,0.24165305806407236,0.052228917675253686
HWW,SR2b,electron_pt,150.0,200.0,False,2,0.03748636883850895,0.0007046088157944418
HWW,SR2b,electron_pt,200.0,300.0,True,0,0.0,0.0
HWW,SR2b,muon_pt,25.0,35.0,False,6,0.09770022875911213,0.0016761784304866036
HWW,SR2b,muon_pt,35.0,45.0,False,4,0.05662408404424968,0.0008460281304251583
HWW,SR2b,muon_pt,45.0,60.0,False,6,0.9014387503221368,0.19130235002408902
HWW,SR2b,muon_pt,60.0,80.0,False,5,0.8053467053684229,0.20163028881824038
HWW,SR2b,muon_pt,80.0,110.0,False,1,0.22238360694316062,0.049454468637050164
HWW,SR2b,muon_pt,110.0,150.0,False,0,0.0,0.0
HWW,SR2b,muon_pt,150.0,200.0,False,0,0.0,0.0
HWW,SR2b,muon_pt,200.0,300.0,True,0,0.0,0.0
HWW,SR2b,n_jets,1.5,2.5,False,13,0.8055556034735178,0.1463449701620888
HWW,SR2b,n_jets,2.5,3.5,False,8,1.0089895164442115,0.22623117973129955
HWW,SR2b,n_jets,3.5,4.5,False,0,0.0,0.0
HWW,SR2b,n_jets,4.5,5.5,False,1,0.26894825551935253,0.07233316414690294
HWW,SR2b,n_jets,5.5,6.5,False,0,0.0,0.0
HWW,SR2b,n_jets,6.5,7.5,True,0,0.0,0.0
HWW,SR2b,delta_phi,0.0,0.2617993877991494,False,7,0.7252950303642937,0.15500837566545175
HWW,SR2b,delta_phi,0.2617993877991494,0.5235987755982988,False,6,0.9486730248978095,0.21089050829987815
HWW,SR2b,delta_phi,0.5235987755982988,0.7853981633974483,False,5,0.08105705986235577,0.0013561083034723215
HWW,SR2b,delta_phi,0.7853981633974483,1.0471975511965976,False,1,0.017900359039866448,0.0003204228537561286
HWW,SR2b,delta_phi,1.0471975511965976,1.308996938995747,False,3,0.3105679012727569,0.07733389891773289
HWW,SR2b,delta_phi,1.308996938995747,1.5707963267948966,False,0,0.0,0.0
HWW,SR2b,delta_phi,1.5707963267948966,1.832595714594046,False,0,0.0,0.0
HWW,SR2b,delta_phi,1.832595714594046,2.0943951023931953,False,0,0.0,0.0
HWW,SR2b,delta_phi,2.0943951023931953,2.356194490192345,False,0,0.0,0.0
HWW,SR2b,delta_phi,2.356194490192345,2.617993877991494,False,0,0.0,0.0
HWW,SR2b,delta_phi,2.617993877991494,2.8797932657906435,False,0,0.0,0.0
HWW,SR2b,delta_phi,2.8797932657906435,3.141592653589793,False,0,0.0,0.0
HWW,SR2b,delta_eta,0.0,0.5,False,11,1.0462577476450803,0.22314376470628194
HWW,SR2b,delta_eta,0.5,1.0,False,10,1.0244034064811873,0.2216008834302396
HWW,SR2b,delta_eta,1.0,1.5,False,1,0.012832221310814823,0.0001646659037697301
HWW,SR2b,delta_eta,1.5,2.0,False,0,0.0,0.0
HWW,SR2b,delta_eta,2.0,2.5,False,0,0.0,0.0
HWW,SR2b,delta_eta,2.5,3.0,False,0,0.0,0.0
HWW,SR2b,delta_eta,3.0,3.5,False,0,0.0,0.0
HWW,SR2b,delta_eta,3.5,4.0,False,0,0.0,0.0
HWW,SR2b,delta_eta,4.0,4.5,False,0,0.0,0.0
HWW,SR2b,delta_eta,4.5,5.0,False,0,0.0,0.0
HWW,SR2b,m_emu,0.0,25.0,False,5,0.4787961688573525,0.09332750010894825
HWW,SR2b,m_emu,25.0,50.0,False,12,1.053880637353442,0.22207080994488976
HWW,SR2b,m_emu,50.0,75.0,False,4,0.5330721068519672,0.12919613804149957
HWW,SR2b,m_emu,75.0,100.0,False,1,0.017744462374320397,0.00031486594495367184
HWW,SR2b,m_emu,100.0,125.0,False,0,0.0,0.0
HWW,SR2b,m_emu,125.0,150.0,False,0,0.0,0.0
HWW,SR2b,m_emu,150.0,200.0,False,0,0.0,0.0
HWW,SR2b,m_emu,200.0,300.0,False,0,0.0,0.0
HWW,SR2b,m_emu,300.0,450.0,True,0,0.0,0.0
HWW,SR2b,met,30.0,45.0,False,4,0.5123786643862778,0.11603803103677279
HWW,SR2b,met,45.0,60.0,False,2,0.29006735333182326,0.07693022312196385
HWW,SR2b,met,60.0,80.0,False,9,0.5252388833643856,0.0875645465265449
HWW,SR2b,met,80.0,110.0,False,4,0.29690973775565527,0.06280562396231824
HWW,SR2b,met,110.0,150.0,False,1,0.22813640145623282,0.05204621766939943
HWW,SR2b,met,150.0,200.0,False,2,0.23076233514270753,0.049524671723292044
HWW,SR2b,met,200.0,300.0,True,0,0.0,0.0
HWW,SR2b,n_bjets,-0.5,0.5,False,0,0.0,0.0
HWW,SR2b,n_bjets,0.5,1.5,False,0,0.0,0.0
HWW,SR2b,n_bjets,1.5,2.5,False,22,2.083493375437082,0.44490931404029127
HWW,SR2b,n_bjets,2.5,3.5,False,0,0.0,0.0
HWW,SR2b,n_bjets,3.5,4.5,True,0,0.0,0.0
HWW,PRETAG,electron_pt,25.0,35.0,False,304,31.01741560316502,6.429964383707201
HWW,PRETAG,electron_pt,35.0,45.0,False,327,33.29364087677515,6.985593403826332
HWW,PRETAG,electron_pt,45.0,60.0,False,318,33.45265311360286,7.061218261749813
HWW,PRETAG,electron_pt,60.0,80.0,False,303,31.346837055130294,6.796955620083934
HWW,PRETAG,electron_pt,80.0,110.0,False,165,17.36975323381091,3.7541213013229116
HWW,PRETAG,electron_pt,110.0,150.0,False,88,8.782394666595055,1.857070407393626
HWW,PRETAG,electron_pt,150.0,200.0,False,35,3.0482366871305757,0.6634418193487533
HWW,PRETAG,electron_pt,200.0,300.0,True,13,1.1866272535614382,0.23592300788020462
HWW,PRETAG,muon_pt,25.0,35.0,False,345,38.31736772413005,8.252586548859018
HWW,PRETAG,muon_pt,35.0,45.0,False,347,35.22408053887037,7.490938043691925
HWW,PRETAG,muon_pt,45.0,60.0,False,333,32.40245936472096,6.688608548352538
HWW,PRETAG,muon_pt,60.0,80.0,False,256,27.35083711482259,5.8857771578011375
HWW,PRETAG,muon_pt,80.0,110.0,False,179,17.121883105405665,3.5616822088443056
HWW,PRETAG,muon_pt,110.0,150.0,False,61,5.866172081087669,1.2066911804064169
HWW,PRETAG,muon_pt,150.0,200.0,False,22,2.4329211124094847,0.5227607415554347
HWW,PRETAG,muon_pt,200.0,300.0,True,10,0.7818374483243957,0.175243775802021
HWW,PRETAG,n_jets,1.5,2.5,False,1225,117.25352478822684,24.542595571149953
HWW,PRETAG,n_jets,2.5,3.5,False,264,34.00039873941543,7.463719380172167
HWW,PRETAG,n_jets,3.5,4.5,False,50,6.659564714884194,1.4526124626082666
HWW,PRETAG,n_jets,4.5,5.5,False,13,1.567560846427325,0.3250882310670192
HWW,PRETAG,n_jets,5.5,6.5,False,1,0.016509400817394493,0.00027256031534941827
HWW,PRETAG,n_jets,6.5,7.5,True,0,0.0,0.0
HWW,PRETAG,delta_phi,0.0,0.2617993877991494,False,413,42.58783349992992,9.028385689820821
HWW,PRETAG,delta_phi,0.2617993877991494,0.5235987755982988,False,456,45.038366319235365,9.364517154104558
HWW,PRETAG,delta_phi,0.5235987755982988,0.7853981633974483,False,292,29.35329458021579,6.34736366213425
HWW,PRETAG,delta_phi,0.7853981633974483,1.0471975511965976,False,164,17.88874604820862,3.819860835190011
HWW,PRETAG,delta_phi,1.0471975511965976,1.308996938995747,False,92,11.145338114627945,2.479004833502216
HWW,PRETAG,delta_phi,1.308996938995747,1.5707963267948966,False,56,5.023453240720098,0.9842268946167526
HWW,PRETAG,delta_phi,1.5707963267948966,1.832595714594046,False,36,3.9017493327473804,0.8225820077585293
HWW,PRETAG,delta_phi,1.832595714594046,2.0943951023931953,False,12,1.3709522494987212,0.28817759350090616
HWW,PRETAG,delta_phi,2.0943951023931953,2.356194490192345,False,12,0.8045660578770804,0.12387041357695769
HWW,PRETAG,delta_phi,2.356194490192345,2.617993877991494,False,11,1.4664532369474177,0.3373893503184605
HWW,PRETAG,delta_phi,2.617993877991494,2.8797932657906435,False,4,0.4377800081872163,0.09075510516529237
HWW,PRETAG,delta_phi,2.8797932657906435,3.141592653589793,False,5,0.47902580157574803,0.09815466562399866
HWW,PRETAG,delta_eta,0.0,0.5,False,1074,107.22231436773372,22.544290963461147
HWW,PRETAG,delta_eta,0.5,1.0,False,405,42.8103647418581,9.126449648637697
HWW,PRETAG,delta_eta,1.0,1.5,False,71,9.008527497695852,2.016623341793492
HWW,PRETAG,delta_eta,1.5,2.0,False,3,0.456351882483661,0.09692425142046557
HWW,PRETAG,delta_eta,2.0,2.5,False,0,0.0,0.0
HWW,PRETAG,delta_eta,2.5,3.0,False,0,0.0,0.0
HWW,PRETAG,delta_eta,3.0,3.5,False,0,0.0,0.0
HWW,PRETAG,delta_eta,3.5,4.0,False,0,0.0,0.0
HWW,PRETAG,delta_eta,4.0,4.5,False,0,0.0,0.0
HWW,PRETAG,delta_eta,4.5,5.0,False,0,0.0,0.0
HWW,PRETAG,m_emu,0.0,25.0,False,352,38.05667407850681,8.005323685508184
HWW,PRETAG,m_emu,25.0,50.0,False,823,79.17834270634987,16.661054427546638
HWW,PRETAG,m_emu,50.0,75.0,False,349,39.37885884812536,8.49391007087277
HWW,PRETAG,m_emu,75.0,100.0,False,28,2.868376554153535,0.6237657384848548
HWW,PRETAG,m_emu,100.0,125.0,False,0,0.0,0.0
HWW,PRETAG,m_emu,125.0,150.0,False,1,0.01530630263575361,0.00023428290037727506
HWW,PRETAG,m_emu,150.0,200.0,False,0,0.0,0.0
HWW,PRETAG,m_emu,200.0,300.0,False,0,0.0,0.0
HWW,PRETAG,m_emu,300.0,450.0,True,0,0.0,0.0
HWW,PRETAG,met,30.0,45.0,False,352,37.70899747635493,7.9163855272291945
HWW,PRETAG,met,45.0,60.0,False,363,40.27011936594972,8.619956107605665
HWW,PRETAG,met,60.0,80.0,False,355,35.36437851436472,7.457031734561265
HWW,PRETAG,met,80.0,110.0,False,272,26.77737167208071,5.7041567099112385
HWW,PRETAG,met,110.0,150.0,False,116,10.995767514528996,2.323967404502596
HWW,PRETAG,met,150.0,200.0,False,59,5.149514216178792,1.0584284146925187
HWW,PRETAG,met,200.0,300.0,True,36,3.23140973031337,0.7043623068103121
HWW,PRETAG,n_bjets,-0.5,0.5,False,1363,141.34487610303626,29.7854228268145
HWW,PRETAG,n_bjets,0.5,1.5,False,168,16.069189011298015,3.553956064457944
HWW,PRETAG,n_bjets,1.5,2.5,False,22,2.0834933754370724,0.4449093140403008
HWW,PRETAG,n_bjets,2.5,3.5,False,0,0.0,0.0
HWW,PRETAG,n_bjets,3.5,4.5,True,0,0.0,0.0
HWW,ZEROb,electron_pt,25.0,35.0,False,263,26.330578661585186,5.421970959431638
HWW,ZEROb,electron_pt,35.0,45.0,False,288,30.10336856264965,6.3269901497278855
HWW,ZEROb,electron_pt,45.0,60.0,False,286,30.52225801497982,6.361244326614364
HWW,ZEROb,electron_pt,60.0,80.0,False,267,28.020700917132018,6.085967249108288
HWW,ZEROb,electron_pt,80.0,110.0,False,141,14.594909189620534,3.1244234073744757
HWW,ZEROb,electron_pt,110.0,150.0,False,77,7.973569492525542,1.685753955029039
HWW,ZEROb,electron_pt,150.0,200.0,False,30,2.6375984263713104,0.543460657297584
HWW,ZEROb,electron_pt,200.0,300.0,True,11,1.1618928381722178,0.23561212223125294
HWW,ZEROb,muon_pt,25.0,35.0,False,301,35.36173438205222,7.622464720531962
HWW,ZEROb,muon_pt,35.0,45.0,False,309,31.609585014035932,6.660035960919251
HWW,ZEROb,muon_pt,45.0,60.0,False,300,28.82558551843364,5.897781932826001
HWW,ZEROb,muon_pt,60.0,80.0,False,219,23.390668194059565,4.9881176364880515
HWW,ZEROb,muon_pt,80.0,110.0,False,154,14.141463215403157,2.9046406987982416
HWW,ZEROb,muon_pt,110.0,150.0,False,51,5.064436139647061,1.0727740335816678
HWW,ZEROb,muon_pt,150.0,200.0,False,21,2.1918911598341673,0.4646653035169707
HWW,ZEROb,muon_pt,200.0,300.0,True,8,0.7595124795706774,0.17494254015240107
HWW,ZEROb,n_jets,1.5,2.5,False,1094,106.98422141081191,22.402521648220596
HWW,ZEROb,n_jets,2.5,3.5,False,214,27.23862700941534,5.8521674695402375
HWW,ZEROb,n_jets,3.5,4.5,False,44,6.143602606762338,1.340447970976521
HWW,ZEROb,n_jets,4.5,5.5,False,10,0.9619156752292621,0.1900131777618113
HWW,ZEROb,n_jets,5.5,6.5,False,1,0.016509400817394493,0.00027256031534941827
HWW,ZEROb,n_jets,6.5,7.5,True,0,0.0,0.0
HWW,ZEROb,delta_phi,0.0,0.2617993877991494,False,358,36.63684741035831,7.706721810160551
HWW,ZEROb,delta_phi,0.2617993877991494,0.5235987755982988,False,396,38.72403605629571,7.988512485970646
HWW,ZEROb,delta_phi,0.5235987755982988,0.7853981633974483,False,256,26.83365009133151,5.772565976162613
HWW,ZEROb,delta_phi,0.7853981633974483,1.0471975511965976,False,147,16.410168425069912,3.5190307854836607
HWW,ZEROb,delta_phi,1.0471975511965976,1.308996938995747,False,79,9.73056172563945,2.1307839915883116
HWW,ZEROb,delta_phi,1.308996938995747,1.5707963267948966,False,51,4.948288405020614,0.9830480869798006
HWW,ZEROb,delta_phi,1.5707963267948966,1.832595714594046,False,34,3.6319817616301773,0.7600963841625232
HWW,ZEROb,delta_phi,1.832595714594046,2.0943951023931953,False,12,1.3709522494987212,0.2881775935009097
HWW,ZEROb,delta_phi,2.0943951023931953,2.356194490192345,False,10,0.6751309314815508,0.11018659169775868
HWW,ZEROb,delta_phi,2.356194490192345,2.617993877991494,False,11,1.4664532369474177,0.33738935031846407
HWW,ZEROb,delta_phi,2.617993877991494,2.8797932657906435,False,4,0.4377800081872163,0.09075510516528881
HWW,ZEROb,delta_phi,2.8797932657906435,3.141592653589793,False,5,0.47902580157574803,0.09815466562400221
HWW,ZEROb,delta_eta,0.0,0.5,False,940,95.21024205118866,19.99297330187967
HWW,ZEROb,delta_eta,0.5,1.0,False,354,37.33849802802239,7.880078246698798
HWW,ZEROb,delta_eta,1.0,1.5,False,66,8.339784141341475,1.8154470268155976
HWW,ZEROb,delta_eta,1.5,2.0,False,3,0.456351882483661,0.09692425142046202
HWW,ZEROb,delta_eta,2.0,2.5,False,0,0.0,0.0
HWW,ZEROb,delta_eta,2.5,3.0,False,0,0.0,0.0
HWW,ZEROb,delta_eta,3.0,3.5,False,0,0.0,0.0
HWW,ZEROb,delta_eta,3.5,4.0,False,0,0.0,0.0
HWW,ZEROb,delta_eta,4.0,4.5,False,0,0.0,0.0
HWW,ZEROb,delta_eta,4.5,5.0,False,0,0.0,0.0
HWW,ZEROb,m_emu,0.0,25.0,False,304,32.92423867397403,6.903807166482763
HWW,ZEROb,m_emu,25.0,50.0,False,723,70.79690334545863,14.840171399099864
HWW,ZEROb,m_emu,50.0,75.0,False,308,34.75779568918865,7.417759105791642
HWW,ZEROb,m_emu,75.0,100.0,False,27,2.8506320917792713,0.6234508725398941
HWW,ZEROb,m_emu,100.0,125.0,False,0,0.0,0.0
HWW,ZEROb,m_emu,125.0,150.0,False,1,0.01530630263575361,0.00023428290037727506
HWW,ZEROb,m_emu,150.0,200.0,False,0,0.0,0.0
HWW,ZEROb,m_emu,200.0,300.0,False,0,0.0,0.0
HWW,ZEROb,m_emu,300.0,450.0,True,0,0.0,0.0
HWW,ZEROb,met,30.0,45.0,False,308,33.155317074570426,6.902434305911256
HWW,ZEROb,met,45.0,60.0,False,318,36.645620409999275,7.881454208444183
HWW,ZEROb,met,60.0,80.0,False,314,31.14843774127743,6.499756923325965
HWW,ZEROb,met,80.0,110.0,False,235,23.462015410568206,4.954812392220042
HWW,ZEROb,met,110.0,150.0,False,104,9.308713400380642,1.948785189977798
HWW,ZEROb,met,150.0,200.0,False,53,4.866050292225447,1.007973156320843
HWW,ZEROb,met,200.0,300.0,True,31,2.758721774014786,0.5902066506144439
HWW,ZEROb,n_bjets,-0.5,0.5,False,1363,141.34487610303623,29.785422826814504
HWW,ZEROb,n_bjets,0.5,1.5,False,0,0.0,0.0
HWW,ZEROb,n_bjets,1.5,2.5,False,0,0.0,0.0
HWW,ZEROb,n_bjets,2.5,3.5,False,0,0.0,0.0
HWW,ZEROb,n_bjets,3.5,4.5,True,0,0.0,0.0
HWW,SS1b,electron_pt,25.0,35.0,False,0,0.0,0.0
HWW,SS1b,electron_pt,35.0,45.0,False,0,0.0,0.0
HWW,SS1b,electron_pt,45.0,60.0,False,0,0.0,0.0
HWW,SS1b,electron_pt,60.0,80.0,False,0,0.0,0.0
HWW,SS1b,electron_pt,80.0,110.0,False,0,0.0,0.0
HWW,SS1b,electron_pt,110.0,150.0,False,0,0.0,0.0
HWW,SS1b,electron_pt,150.0,200.0,False,0,0.0,0.0
HWW,SS1b,electron_pt,200.0,300.0,True,0,0.0,0.0
HWW,SS1b,muon_pt,25.0,35.0,False,0,0.0,0.0
HWW,SS1b,muon_pt,35.0,45.0,False,0,0.0,0.0
HWW,SS1b,muon_pt,45.0,60.0,False,0,0.0,0.0
HWW,SS1b,muon_pt,60.0,80.0,False,0,0.0,0.0
HWW,SS1b,muon_pt,80.0,110.0,False,0,0.0,0.0
HWW,SS1b,muon_pt,110.0,150.0,False,0,0.0,0.0
HWW,SS1b,muon_pt,150.0,200.0,False,0,0.0,0.0
HWW,SS1b,muon_pt,200.0,300.0,True,0,0.0,0.0
HWW,SS1b,n_jets,1.5,2.5,False,0,0.0,0.0
HWW,SS1b,n_jets,2.5,3.5,False,0,0.0,0.0
HWW,SS1b,n_jets,3.5,4.5,False,0,0.0,0.0
HWW,SS1b,n_jets,4.5,5.5,False,0,0.0,0.0
HWW,SS1b,n_jets,5.5,6.5,False,0,0.0,0.0
HWW,SS1b,n_jets,6.5,7.5,True,0,0.0,0.0
HWW,SS1b,delta_phi,0.0,0.2617993877991494,False,0,0.0,0.0
HWW,SS1b,delta_phi,0.2617993877991494,0.5235987755982988,False,0,0.0,0.0
HWW,SS1b,delta_phi,0.5235987755982988,0.7853981633974483,False,0,0.0,0.0
HWW,SS1b,delta_phi,0.7853981633974483,1.0471975511965976,False,0,0.0,0.0
HWW,SS1b,delta_phi,1.0471975511965976,1.308996938995747,False,0,0.0,0.0
HWW,SS1b,delta_phi,1.308996938995747,1.5707963267948966,False,0,0.0,0.0
HWW,SS1b,delta_phi,1.5707963267948966,1.832595714594046,False,0,0.0,0.0
HWW,SS1b,delta_phi,1.832595714594046,2.0943951023931953,False,0,0.0,0.0
HWW,SS1b,delta_phi,2.0943951023931953,2.356194490192345,False,0,0.0,0.0
HWW,SS1b,delta_phi,2.356194490192345,2.617993877991494,False,0,0.0,0.0
HWW,SS1b,delta_phi,2.617993877991494,2.8797932657906435,False,0,0.0,0.0
HWW,SS1b,delta_phi,2.8797932657906435,3.141592653589793,False,0,0.0,0.0
HWW,SS1b,delta_eta,0.0,0.5,False,0,0.0,0.0
HWW,SS1b,delta_eta,0.5,1.0,False,0,0.0,0.0
HWW,SS1b,delta_eta,1.0,1.5,False,0,0.0,0.0
HWW,SS1b,delta_eta,1.5,2.0,False,0,0.0,0.0
HWW,SS1b,delta_eta,2.0,2.5,False,0,0.0,0.0
HWW,SS1b,delta_eta,2.5,3.0,False,0,0.0,0.0
HWW,SS1b,delta_eta,3.0,3.5,False,0,0.0,0.0
HWW,SS1b,delta_eta,3.5,4.0,False,0,0.0,0.0
HWW,SS1b,delta_eta,4.0,4.5,False,0,0.0,0.0
HWW,SS1b,delta_eta,4.5,5.0,False,0,0.0,0.0
HWW,SS1b,m_emu,0.0,25.0,False,0,0.0,0.0
HWW,SS1b,m_emu,25.0,50.0,False,0,0.0,0.0
HWW,SS1b,m_emu,50.0,75.0,False,0,0.0,0.0
HWW,SS1b,m_emu,75.0,100.0,False,0,0.0,0.0
HWW,SS1b,m_emu,100.0,125.0,False,0,0.0,0.0
HWW,SS1b,m_emu,125.0,150.0,False,0,0.0,0.0
HWW,SS1b,m_emu,150.0,200.0,False,0,0.0,0.0
HWW,SS1b,m_emu,200.0,300.0,False,0,0.0,0.0
HWW,SS1b,m_emu,300.0,450.0,True,0,0.0,0.0
HWW,SS1b,met,30.0,45.0,False,0,0.0,0.0
HWW,SS1b,met,45.0,60.0,False,0,0.0,0.0
HWW,SS1b,met,60.0,80.0,False,0,0.0,0.0
HWW,SS1b,met,80.0,110.0,False,0,0.0,0.0
HWW,SS1b,met,110.0,150.0,False,0,0.0,0.0
HWW,SS1b,met,150.0,200.0,False,0,0.0,0.0
HWW,SS1b,met,200.0,300.0,True,0,0.0,0.0
HWW,SS1b,n_bjets,-0.5,0.5,False,0,0.0,0.0
HWW,SS1b,n_bjets,0.5,1.5,False,0,0.0,0.0
HWW,SS1b,n_bjets,1.5,2.5,False,0,0.0,0.0
HWW,SS1b,n_bjets,2.5,3.5,False,0,0.0,0.0
HWW,SS1b,n_bjets,3.5,4.5,True,0,0.0,0.0
